ERROR - 2026-05-26 05:02:19 --> pg_query(): Query failed: ERROR:  relation &quot;emploi_du_temps&quot; does not exist
LINE 6: JOIN &quot;emploi_du_temps&quot; ON &quot;emploi_du_temps&quot;.&quot;id&quot; = &quot;seances&quot;...
             ^
in SYSTEMPATH/Database/Postgre/Connection.php on line 200.
 1 SYSTEMPATH/Database/BaseConnection.php(910): CodeIgniter\Database\Postgre\Connection->execute()
 2 SYSTEMPATH/Database/BaseConnection.php(827): CodeIgniter\Database\BaseConnection->simpleQuery()
 3 SYSTEMPATH/Database/BaseBuilder.php(1649): CodeIgniter\Database\BaseConnection->query()
 4 SYSTEMPATH/Model.php(253): CodeIgniter\Database\BaseBuilder->get()
 5 SYSTEMPATH/BaseModel.php(676): CodeIgniter\Model->doFindAll()
 6 APPPATH/Models/Etudiant/SeanceModel.php(43): CodeIgniter\BaseModel->findAll()
 7 APPPATH/Models/Etudiant/SeanceModel.php(67): App\Models\Etudiant\SeanceModel->getSeancesByClasse()
 8 APPPATH/Controllers/Etudiant/CalendarController.php(33): App\Models\Etudiant\SeanceModel->getPlanningOrganise()
 9 SYSTEMPATH/CodeIgniter.php(951): App\Controllers\Etudiant\CalendarController->index()
10 SYSTEMPATH/CodeIgniter.php(497): CodeIgniter\CodeIgniter->runController()
11 SYSTEMPATH/CodeIgniter.php(340): CodeIgniter\CodeIgniter->handleRequest()
12 SYSTEMPATH/Boot.php(417): CodeIgniter\CodeIgniter->run()
13 SYSTEMPATH/Boot.php(68): CodeIgniter\Boot::runCodeIgniter()
14 FCPATH/index.php(59): CodeIgniter\Boot::bootWeb()
CRITICAL - 2026-05-26 05:02:19 --> CodeIgniter\Database\Exceptions\DatabaseException: pg_query(): Query failed: ERROR:  relation &quot;emploi_du_temps&quot; does not exist
LINE 6: JOIN &quot;emploi_du_temps&quot; ON &quot;emploi_du_temps&quot;.&quot;id&quot; = &quot;seances&quot;...
             ^
[Method: GET, Route: etudiant/calendar]
in SYSTEMPATH/Database/BaseConnection.php on line 865.
 1 SYSTEMPATH/Database/BaseBuilder.php(1649): CodeIgniter\Database\BaseConnection->query()
 2 SYSTEMPATH/Model.php(253): CodeIgniter\Database\BaseBuilder->get()
 3 SYSTEMPATH/BaseModel.php(676): CodeIgniter\Model->doFindAll()
 4 APPPATH/Models/Etudiant/SeanceModel.php(43): CodeIgniter\BaseModel->findAll()
 5 APPPATH/Models/Etudiant/SeanceModel.php(67): App\Models\Etudiant\SeanceModel->getSeancesByClasse()
 6 APPPATH/Controllers/Etudiant/CalendarController.php(33): App\Models\Etudiant\SeanceModel->getPlanningOrganise()
 7 SYSTEMPATH/CodeIgniter.php(951): App\Controllers\Etudiant\CalendarController->index()
 8 SYSTEMPATH/CodeIgniter.php(497): CodeIgniter\CodeIgniter->runController()
 9 SYSTEMPATH/CodeIgniter.php(340): CodeIgniter\CodeIgniter->handleRequest()
10 SYSTEMPATH/Boot.php(417): CodeIgniter\CodeIgniter->run()
11 SYSTEMPATH/Boot.php(68): CodeIgniter\Boot::runCodeIgniter()
12 FCPATH/index.php(59): CodeIgniter\Boot::bootWeb()
CRITICAL - 2026-05-26 05:02:19 --> [Caused by] CodeIgniter\Database\Exceptions\DatabaseException: pg_query(): Query failed: ERROR:  relation &quot;emploi_du_temps&quot; does not exist
LINE 6: JOIN &quot;emploi_du_temps&quot; ON &quot;emploi_du_temps&quot;.&quot;id&quot; = &quot;seances&quot;...
             ^
in SYSTEMPATH/Database/Postgre/Connection.php on line 212.
 1 SYSTEMPATH/Database/BaseConnection.php(910): CodeIgniter\Database\Postgre\Connection->execute()
 2 SYSTEMPATH/Database/BaseConnection.php(827): CodeIgniter\Database\BaseConnection->simpleQuery()
 3 SYSTEMPATH/Database/BaseBuilder.php(1649): CodeIgniter\Database\BaseConnection->query()
 4 SYSTEMPATH/Model.php(253): CodeIgniter\Database\BaseBuilder->get()
 5 SYSTEMPATH/BaseModel.php(676): CodeIgniter\Model->doFindAll()
 6 APPPATH/Models/Etudiant/SeanceModel.php(43): CodeIgniter\BaseModel->findAll()
 7 APPPATH/Models/Etudiant/SeanceModel.php(67): App\Models\Etudiant\SeanceModel->getSeancesByClasse()
 8 APPPATH/Controllers/Etudiant/CalendarController.php(33): App\Models\Etudiant\SeanceModel->getPlanningOrganise()
 9 SYSTEMPATH/CodeIgniter.php(951): App\Controllers\Etudiant\CalendarController->index()
10 SYSTEMPATH/CodeIgniter.php(497): CodeIgniter\CodeIgniter->runController()
11 SYSTEMPATH/CodeIgniter.php(340): CodeIgniter\CodeIgniter->handleRequest()
12 SYSTEMPATH/Boot.php(417): CodeIgniter\CodeIgniter->run()
13 SYSTEMPATH/Boot.php(68): CodeIgniter\Boot::runCodeIgniter()
14 FCPATH/index.php(59): CodeIgniter\Boot::bootWeb()
CRITICAL - 2026-05-26 05:02:19 --> [Caused by] ErrorException: pg_query(): Query failed: ERROR:  relation &quot;emploi_du_temps&quot; does not exist
LINE 6: JOIN &quot;emploi_du_temps&quot; ON &quot;emploi_du_temps&quot;.&quot;id&quot; = &quot;seances&quot;...
             ^
in SYSTEMPATH/Database/Postgre/Connection.php on line 200.
 1 [internal function]: CodeIgniter\Debug\Exceptions->errorHandler()
 2 SYSTEMPATH/Database/Postgre/Connection.php(200): pg_query()
 3 SYSTEMPATH/Database/BaseConnection.php(910): CodeIgniter\Database\Postgre\Connection->execute()
 4 SYSTEMPATH/Database/BaseConnection.php(827): CodeIgniter\Database\BaseConnection->simpleQuery()
 5 SYSTEMPATH/Database/BaseBuilder.php(1649): CodeIgniter\Database\BaseConnection->query()
 6 SYSTEMPATH/Model.php(253): CodeIgniter\Database\BaseBuilder->get()
 7 SYSTEMPATH/BaseModel.php(676): CodeIgniter\Model->doFindAll()
 8 APPPATH/Models/Etudiant/SeanceModel.php(43): CodeIgniter\BaseModel->findAll()
 9 APPPATH/Models/Etudiant/SeanceModel.php(67): App\Models\Etudiant\SeanceModel->getSeancesByClasse()
10 APPPATH/Controllers/Etudiant/CalendarController.php(33): App\Models\Etudiant\SeanceModel->getPlanningOrganise()
11 SYSTEMPATH/CodeIgniter.php(951): App\Controllers\Etudiant\CalendarController->index()
12 SYSTEMPATH/CodeIgniter.php(497): CodeIgniter\CodeIgniter->runController()
13 SYSTEMPATH/CodeIgniter.php(340): CodeIgniter\CodeIgniter->handleRequest()
14 SYSTEMPATH/Boot.php(417): CodeIgniter\CodeIgniter->run()
15 SYSTEMPATH/Boot.php(68): CodeIgniter\Boot::runCodeIgniter()
16 FCPATH/index.php(59): CodeIgniter\Boot::bootWeb()
ERROR - 2026-05-26 05:02:20 --> pg_query(): Query failed: ERROR:  relation &quot;emploi_du_temps&quot; does not exist
LINE 6: JOIN &quot;emploi_du_temps&quot; ON &quot;emploi_du_temps&quot;.&quot;id&quot; = &quot;seances&quot;...
             ^
in SYSTEMPATH/Database/Postgre/Connection.php on line 200.
 1 SYSTEMPATH/Database/BaseConnection.php(910): CodeIgniter\Database\Postgre\Connection->execute()
 2 SYSTEMPATH/Database/BaseConnection.php(827): CodeIgniter\Database\BaseConnection->simpleQuery()
 3 SYSTEMPATH/Database/BaseBuilder.php(1649): CodeIgniter\Database\BaseConnection->query()
 4 SYSTEMPATH/Model.php(253): CodeIgniter\Database\BaseBuilder->get()
 5 SYSTEMPATH/BaseModel.php(676): CodeIgniter\Model->doFindAll()
 6 APPPATH/Models/Etudiant/SeanceModel.php(43): CodeIgniter\BaseModel->findAll()
 7 APPPATH/Models/Etudiant/SeanceModel.php(67): App\Models\Etudiant\SeanceModel->getSeancesByClasse()
 8 APPPATH/Controllers/Etudiant/CalendarController.php(33): App\Models\Etudiant\SeanceModel->getPlanningOrganise()
 9 SYSTEMPATH/CodeIgniter.php(951): App\Controllers\Etudiant\CalendarController->index()
10 SYSTEMPATH/CodeIgniter.php(497): CodeIgniter\CodeIgniter->runController()
11 SYSTEMPATH/CodeIgniter.php(340): CodeIgniter\CodeIgniter->handleRequest()
12 SYSTEMPATH/Boot.php(417): CodeIgniter\CodeIgniter->run()
13 SYSTEMPATH/Boot.php(68): CodeIgniter\Boot::runCodeIgniter()
14 FCPATH/index.php(59): CodeIgniter\Boot::bootWeb()
CRITICAL - 2026-05-26 05:02:20 --> CodeIgniter\Database\Exceptions\DatabaseException: pg_query(): Query failed: ERROR:  relation &quot;emploi_du_temps&quot; does not exist
LINE 6: JOIN &quot;emploi_du_temps&quot; ON &quot;emploi_du_temps&quot;.&quot;id&quot; = &quot;seances&quot;...
             ^
[Method: GET, Route: etudiant/calendar]
in SYSTEMPATH/Database/BaseConnection.php on line 865.
 1 SYSTEMPATH/Database/BaseBuilder.php(1649): CodeIgniter\Database\BaseConnection->query()
 2 SYSTEMPATH/Model.php(253): CodeIgniter\Database\BaseBuilder->get()
 3 SYSTEMPATH/BaseModel.php(676): CodeIgniter\Model->doFindAll()
 4 APPPATH/Models/Etudiant/SeanceModel.php(43): CodeIgniter\BaseModel->findAll()
 5 APPPATH/Models/Etudiant/SeanceModel.php(67): App\Models\Etudiant\SeanceModel->getSeancesByClasse()
 6 APPPATH/Controllers/Etudiant/CalendarController.php(33): App\Models\Etudiant\SeanceModel->getPlanningOrganise()
 7 SYSTEMPATH/CodeIgniter.php(951): App\Controllers\Etudiant\CalendarController->index()
 8 SYSTEMPATH/CodeIgniter.php(497): CodeIgniter\CodeIgniter->runController()
 9 SYSTEMPATH/CodeIgniter.php(340): CodeIgniter\CodeIgniter->handleRequest()
10 SYSTEMPATH/Boot.php(417): CodeIgniter\CodeIgniter->run()
11 SYSTEMPATH/Boot.php(68): CodeIgniter\Boot::runCodeIgniter()
12 FCPATH/index.php(59): CodeIgniter\Boot::bootWeb()
CRITICAL - 2026-05-26 05:02:20 --> [Caused by] CodeIgniter\Database\Exceptions\DatabaseException: pg_query(): Query failed: ERROR:  relation &quot;emploi_du_temps&quot; does not exist
LINE 6: JOIN &quot;emploi_du_temps&quot; ON &quot;emploi_du_temps&quot;.&quot;id&quot; = &quot;seances&quot;...
             ^
in SYSTEMPATH/Database/Postgre/Connection.php on line 212.
 1 SYSTEMPATH/Database/BaseConnection.php(910): CodeIgniter\Database\Postgre\Connection->execute()
 2 SYSTEMPATH/Database/BaseConnection.php(827): CodeIgniter\Database\BaseConnection->simpleQuery()
 3 SYSTEMPATH/Database/BaseBuilder.php(1649): CodeIgniter\Database\BaseConnection->query()
 4 SYSTEMPATH/Model.php(253): CodeIgniter\Database\BaseBuilder->get()
 5 SYSTEMPATH/BaseModel.php(676): CodeIgniter\Model->doFindAll()
 6 APPPATH/Models/Etudiant/SeanceModel.php(43): CodeIgniter\BaseModel->findAll()
 7 APPPATH/Models/Etudiant/SeanceModel.php(67): App\Models\Etudiant\SeanceModel->getSeancesByClasse()
 8 APPPATH/Controllers/Etudiant/CalendarController.php(33): App\Models\Etudiant\SeanceModel->getPlanningOrganise()
 9 SYSTEMPATH/CodeIgniter.php(951): App\Controllers\Etudiant\CalendarController->index()
10 SYSTEMPATH/CodeIgniter.php(497): CodeIgniter\CodeIgniter->runController()
11 SYSTEMPATH/CodeIgniter.php(340): CodeIgniter\CodeIgniter->handleRequest()
12 SYSTEMPATH/Boot.php(417): CodeIgniter\CodeIgniter->run()
13 SYSTEMPATH/Boot.php(68): CodeIgniter\Boot::runCodeIgniter()
14 FCPATH/index.php(59): CodeIgniter\Boot::bootWeb()
CRITICAL - 2026-05-26 05:02:20 --> [Caused by] ErrorException: pg_query(): Query failed: ERROR:  relation &quot;emploi_du_temps&quot; does not exist
LINE 6: JOIN &quot;emploi_du_temps&quot; ON &quot;emploi_du_temps&quot;.&quot;id&quot; = &quot;seances&quot;...
             ^
in SYSTEMPATH/Database/Postgre/Connection.php on line 200.
 1 [internal function]: CodeIgniter\Debug\Exceptions->errorHandler()
 2 SYSTEMPATH/Database/Postgre/Connection.php(200): pg_query()
 3 SYSTEMPATH/Database/BaseConnection.php(910): CodeIgniter\Database\Postgre\Connection->execute()
 4 SYSTEMPATH/Database/BaseConnection.php(827): CodeIgniter\Database\BaseConnection->simpleQuery()
 5 SYSTEMPATH/Database/BaseBuilder.php(1649): CodeIgniter\Database\BaseConnection->query()
 6 SYSTEMPATH/Model.php(253): CodeIgniter\Database\BaseBuilder->get()
 7 SYSTEMPATH/BaseModel.php(676): CodeIgniter\Model->doFindAll()
 8 APPPATH/Models/Etudiant/SeanceModel.php(43): CodeIgniter\BaseModel->findAll()
 9 APPPATH/Models/Etudiant/SeanceModel.php(67): App\Models\Etudiant\SeanceModel->getSeancesByClasse()
10 APPPATH/Controllers/Etudiant/CalendarController.php(33): App\Models\Etudiant\SeanceModel->getPlanningOrganise()
11 SYSTEMPATH/CodeIgniter.php(951): App\Controllers\Etudiant\CalendarController->index()
12 SYSTEMPATH/CodeIgniter.php(497): CodeIgniter\CodeIgniter->runController()
13 SYSTEMPATH/CodeIgniter.php(340): CodeIgniter\CodeIgniter->handleRequest()
14 SYSTEMPATH/Boot.php(417): CodeIgniter\CodeIgniter->run()
15 SYSTEMPATH/Boot.php(68): CodeIgniter\Boot::runCodeIgniter()
16 FCPATH/index.php(59): CodeIgniter\Boot::bootWeb()
CRITICAL - 2026-05-26 05:57:53 --> ErrorException: Undefined array key "matiere"
[Method: GET, Route: etudiant/notes]
in APPPATH/Views/etudiant/note.php on line 57.
 1 APPPATH/Views/etudiant/note.php(57): CodeIgniter\Debug\Exceptions->errorHandler()
 2 SYSTEMPATH/View/View.php(240): include('/home/main/Documents/GitHub/SousGroupeEcole/app/Views/etudiant/note.php')
 3 SYSTEMPATH/View/View.php(243): CodeIgniter\View\View->CodeIgniter\View\{closure}()
 4 SYSTEMPATH/Common.php(1250): CodeIgniter\View\View->render()
 5 APPPATH/Controllers/Etudiant/NotesController.php(35): view()
 6 SYSTEMPATH/CodeIgniter.php(951): App\Controllers\Etudiant\NotesController->go_to_notes()
 7 SYSTEMPATH/CodeIgniter.php(497): CodeIgniter\CodeIgniter->runController()
 8 SYSTEMPATH/CodeIgniter.php(340): CodeIgniter\CodeIgniter->handleRequest()
 9 SYSTEMPATH/Boot.php(417): CodeIgniter\CodeIgniter->run()
10 SYSTEMPATH/Boot.php(68): CodeIgniter\Boot::runCodeIgniter()
11 FCPATH/index.php(59): CodeIgniter\Boot::bootWeb()
CRITICAL - 2026-05-26 05:57:54 --> ErrorException: Undefined array key "matiere"
[Method: GET, Route: etudiant/notes]
in APPPATH/Views/etudiant/note.php on line 57.
 1 APPPATH/Views/etudiant/note.php(57): CodeIgniter\Debug\Exceptions->errorHandler()
 2 SYSTEMPATH/View/View.php(240): include('/home/main/Documents/GitHub/SousGroupeEcole/app/Views/etudiant/note.php')
 3 SYSTEMPATH/View/View.php(243): CodeIgniter\View\View->CodeIgniter\View\{closure}()
 4 SYSTEMPATH/Common.php(1250): CodeIgniter\View\View->render()
 5 APPPATH/Controllers/Etudiant/NotesController.php(35): view()
 6 SYSTEMPATH/CodeIgniter.php(951): App\Controllers\Etudiant\NotesController->go_to_notes()
 7 SYSTEMPATH/CodeIgniter.php(497): CodeIgniter\CodeIgniter->runController()
 8 SYSTEMPATH/CodeIgniter.php(340): CodeIgniter\CodeIgniter->handleRequest()
 9 SYSTEMPATH/Boot.php(417): CodeIgniter\CodeIgniter->run()
10 SYSTEMPATH/Boot.php(68): CodeIgniter\Boot::runCodeIgniter()
11 FCPATH/index.php(59): CodeIgniter\Boot::bootWeb()
CRITICAL - 2026-05-26 05:57:54 --> ErrorException: Undefined array key "matiere"
[Method: GET, Route: etudiant/notes]
in APPPATH/Views/etudiant/note.php on line 57.
 1 APPPATH/Views/etudiant/note.php(57): CodeIgniter\Debug\Exceptions->errorHandler()
 2 SYSTEMPATH/View/View.php(240): include('/home/main/Documents/GitHub/SousGroupeEcole/app/Views/etudiant/note.php')
 3 SYSTEMPATH/View/View.php(243): CodeIgniter\View\View->CodeIgniter\View\{closure}()
 4 SYSTEMPATH/Common.php(1250): CodeIgniter\View\View->render()
 5 APPPATH/Controllers/Etudiant/NotesController.php(35): view()
 6 SYSTEMPATH/CodeIgniter.php(951): App\Controllers\Etudiant\NotesController->go_to_notes()
 7 SYSTEMPATH/CodeIgniter.php(497): CodeIgniter\CodeIgniter->runController()
 8 SYSTEMPATH/CodeIgniter.php(340): CodeIgniter\CodeIgniter->handleRequest()
 9 SYSTEMPATH/Boot.php(417): CodeIgniter\CodeIgniter->run()
10 SYSTEMPATH/Boot.php(68): CodeIgniter\Boot::runCodeIgniter()
11 FCPATH/index.php(59): CodeIgniter\Boot::bootWeb()
CRITICAL - 2026-05-26 05:57:54 --> ErrorException: Undefined array key "matiere"
[Method: GET, Route: etudiant/notes]
in APPPATH/Views/etudiant/note.php on line 57.
 1 APPPATH/Views/etudiant/note.php(57): CodeIgniter\Debug\Exceptions->errorHandler()
 2 SYSTEMPATH/View/View.php(240): include('/home/main/Documents/GitHub/SousGroupeEcole/app/Views/etudiant/note.php')
 3 SYSTEMPATH/View/View.php(243): CodeIgniter\View\View->CodeIgniter\View\{closure}()
 4 SYSTEMPATH/Common.php(1250): CodeIgniter\View\View->render()
 5 APPPATH/Controllers/Etudiant/NotesController.php(35): view()
 6 SYSTEMPATH/CodeIgniter.php(951): App\Controllers\Etudiant\NotesController->go_to_notes()
 7 SYSTEMPATH/CodeIgniter.php(497): CodeIgniter\CodeIgniter->runController()
 8 SYSTEMPATH/CodeIgniter.php(340): CodeIgniter\CodeIgniter->handleRequest()
 9 SYSTEMPATH/Boot.php(417): CodeIgniter\CodeIgniter->run()
10 SYSTEMPATH/Boot.php(68): CodeIgniter\Boot::runCodeIgniter()
11 FCPATH/index.php(59): CodeIgniter\Boot::bootWeb()
CRITICAL - 2026-05-26 05:58:16 --> ErrorException: Undefined array key "intitute"
[Method: GET, Route: etudiant/notes]
in APPPATH/Views/etudiant/note.php on line 57.
 1 APPPATH/Views/etudiant/note.php(57): CodeIgniter\Debug\Exceptions->errorHandler()
 2 SYSTEMPATH/View/View.php(240): include('/home/main/Documents/GitHub/SousGroupeEcole/app/Views/etudiant/note.php')
 3 SYSTEMPATH/View/View.php(243): CodeIgniter\View\View->CodeIgniter\View\{closure}()
 4 SYSTEMPATH/Common.php(1250): CodeIgniter\View\View->render()
 5 APPPATH/Controllers/Etudiant/NotesController.php(35): view()
 6 SYSTEMPATH/CodeIgniter.php(951): App\Controllers\Etudiant\NotesController->go_to_notes()
 7 SYSTEMPATH/CodeIgniter.php(497): CodeIgniter\CodeIgniter->runController()
 8 SYSTEMPATH/CodeIgniter.php(340): CodeIgniter\CodeIgniter->handleRequest()
 9 SYSTEMPATH/Boot.php(417): CodeIgniter\CodeIgniter->run()
10 SYSTEMPATH/Boot.php(68): CodeIgniter\Boot::runCodeIgniter()
11 FCPATH/index.php(59): CodeIgniter\Boot::bootWeb()
CRITICAL - 2026-05-26 05:58:17 --> ErrorException: Undefined array key "intitute"
[Method: GET, Route: etudiant/notes]
in APPPATH/Views/etudiant/note.php on line 57.
 1 APPPATH/Views/etudiant/note.php(57): CodeIgniter\Debug\Exceptions->errorHandler()
 2 SYSTEMPATH/View/View.php(240): include('/home/main/Documents/GitHub/SousGroupeEcole/app/Views/etudiant/note.php')
 3 SYSTEMPATH/View/View.php(243): CodeIgniter\View\View->CodeIgniter\View\{closure}()
 4 SYSTEMPATH/Common.php(1250): CodeIgniter\View\View->render()
 5 APPPATH/Controllers/Etudiant/NotesController.php(35): view()
 6 SYSTEMPATH/CodeIgniter.php(951): App\Controllers\Etudiant\NotesController->go_to_notes()
 7 SYSTEMPATH/CodeIgniter.php(497): CodeIgniter\CodeIgniter->runController()
 8 SYSTEMPATH/CodeIgniter.php(340): CodeIgniter\CodeIgniter->handleRequest()
 9 SYSTEMPATH/Boot.php(417): CodeIgniter\CodeIgniter->run()
10 SYSTEMPATH/Boot.php(68): CodeIgniter\Boot::runCodeIgniter()
11 FCPATH/index.php(59): CodeIgniter\Boot::bootWeb()
CRITICAL - 2026-05-26 05:58:17 --> ErrorException: Undefined array key "intitute"
[Method: GET, Route: etudiant/notes]
in APPPATH/Views/etudiant/note.php on line 57.
 1 APPPATH/Views/etudiant/note.php(57): CodeIgniter\Debug\Exceptions->errorHandler()
 2 SYSTEMPATH/View/View.php(240): include('/home/main/Documents/GitHub/SousGroupeEcole/app/Views/etudiant/note.php')
 3 SYSTEMPATH/View/View.php(243): CodeIgniter\View\View->CodeIgniter\View\{closure}()
 4 SYSTEMPATH/Common.php(1250): CodeIgniter\View\View->render()
 5 APPPATH/Controllers/Etudiant/NotesController.php(35): view()
 6 SYSTEMPATH/CodeIgniter.php(951): App\Controllers\Etudiant\NotesController->go_to_notes()
 7 SYSTEMPATH/CodeIgniter.php(497): CodeIgniter\CodeIgniter->runController()
 8 SYSTEMPATH/CodeIgniter.php(340): CodeIgniter\CodeIgniter->handleRequest()
 9 SYSTEMPATH/Boot.php(417): CodeIgniter\CodeIgniter->run()
10 SYSTEMPATH/Boot.php(68): CodeIgniter\Boot::runCodeIgniter()
11 FCPATH/index.php(59): CodeIgniter\Boot::bootWeb()
CRITICAL - 2026-05-26 05:58:17 --> ErrorException: Undefined array key "intitute"
[Method: GET, Route: etudiant/notes]
in APPPATH/Views/etudiant/note.php on line 57.
 1 APPPATH/Views/etudiant/note.php(57): CodeIgniter\Debug\Exceptions->errorHandler()
 2 SYSTEMPATH/View/View.php(240): include('/home/main/Documents/GitHub/SousGroupeEcole/app/Views/etudiant/note.php')
 3 SYSTEMPATH/View/View.php(243): CodeIgniter\View\View->CodeIgniter\View\{closure}()
 4 SYSTEMPATH/Common.php(1250): CodeIgniter\View\View->render()
 5 APPPATH/Controllers/Etudiant/NotesController.php(35): view()
 6 SYSTEMPATH/CodeIgniter.php(951): App\Controllers\Etudiant\NotesController->go_to_notes()
 7 SYSTEMPATH/CodeIgniter.php(497): CodeIgniter\CodeIgniter->runController()
 8 SYSTEMPATH/CodeIgniter.php(340): CodeIgniter\CodeIgniter->handleRequest()
 9 SYSTEMPATH/Boot.php(417): CodeIgniter\CodeIgniter->run()
10 SYSTEMPATH/Boot.php(68): CodeIgniter\Boot::runCodeIgniter()
11 FCPATH/index.php(59): CodeIgniter\Boot::bootWeb()
CRITICAL - 2026-05-26 05:58:17 --> ErrorException: Undefined array key "intitute"
[Method: GET, Route: etudiant/notes]
in APPPATH/Views/etudiant/note.php on line 57.
 1 APPPATH/Views/etudiant/note.php(57): CodeIgniter\Debug\Exceptions->errorHandler()
 2 SYSTEMPATH/View/View.php(240): include('/home/main/Documents/GitHub/SousGroupeEcole/app/Views/etudiant/note.php')
 3 SYSTEMPATH/View/View.php(243): CodeIgniter\View\View->CodeIgniter\View\{closure}()
 4 SYSTEMPATH/Common.php(1250): CodeIgniter\View\View->render()
 5 APPPATH/Controllers/Etudiant/NotesController.php(35): view()
 6 SYSTEMPATH/CodeIgniter.php(951): App\Controllers\Etudiant\NotesController->go_to_notes()
 7 SYSTEMPATH/CodeIgniter.php(497): CodeIgniter\CodeIgniter->runController()
 8 SYSTEMPATH/CodeIgniter.php(340): CodeIgniter\CodeIgniter->handleRequest()
 9 SYSTEMPATH/Boot.php(417): CodeIgniter\CodeIgniter->run()
10 SYSTEMPATH/Boot.php(68): CodeIgniter\Boot::runCodeIgniter()
11 FCPATH/index.php(59): CodeIgniter\Boot::bootWeb()
CRITICAL - 2026-05-26 05:58:17 --> ErrorException: Undefined array key "intitute"
[Method: GET, Route: etudiant/notes]
in APPPATH/Views/etudiant/note.php on line 57.
 1 APPPATH/Views/etudiant/note.php(57): CodeIgniter\Debug\Exceptions->errorHandler()
 2 SYSTEMPATH/View/View.php(240): include('/home/main/Documents/GitHub/SousGroupeEcole/app/Views/etudiant/note.php')
 3 SYSTEMPATH/View/View.php(243): CodeIgniter\View\View->CodeIgniter\View\{closure}()
 4 SYSTEMPATH/Common.php(1250): CodeIgniter\View\View->render()
 5 APPPATH/Controllers/Etudiant/NotesController.php(35): view()
 6 SYSTEMPATH/CodeIgniter.php(951): App\Controllers\Etudiant\NotesController->go_to_notes()
 7 SYSTEMPATH/CodeIgniter.php(497): CodeIgniter\CodeIgniter->runController()
 8 SYSTEMPATH/CodeIgniter.php(340): CodeIgniter\CodeIgniter->handleRequest()
 9 SYSTEMPATH/Boot.php(417): CodeIgniter\CodeIgniter->run()
10 SYSTEMPATH/Boot.php(68): CodeIgniter\Boot::runCodeIgniter()
11 FCPATH/index.php(59): CodeIgniter\Boot::bootWeb()
CRITICAL - 2026-05-26 05:58:17 --> ErrorException: Undefined array key "intitute"
[Method: GET, Route: etudiant/notes]
in APPPATH/Views/etudiant/note.php on line 57.
 1 APPPATH/Views/etudiant/note.php(57): CodeIgniter\Debug\Exceptions->errorHandler()
 2 SYSTEMPATH/View/View.php(240): include('/home/main/Documents/GitHub/SousGroupeEcole/app/Views/etudiant/note.php')
 3 SYSTEMPATH/View/View.php(243): CodeIgniter\View\View->CodeIgniter\View\{closure}()
 4 SYSTEMPATH/Common.php(1250): CodeIgniter\View\View->render()
 5 APPPATH/Controllers/Etudiant/NotesController.php(35): view()
 6 SYSTEMPATH/CodeIgniter.php(951): App\Controllers\Etudiant\NotesController->go_to_notes()
 7 SYSTEMPATH/CodeIgniter.php(497): CodeIgniter\CodeIgniter->runController()
 8 SYSTEMPATH/CodeIgniter.php(340): CodeIgniter\CodeIgniter->handleRequest()
 9 SYSTEMPATH/Boot.php(417): CodeIgniter\CodeIgniter->run()
10 SYSTEMPATH/Boot.php(68): CodeIgniter\Boot::runCodeIgniter()
11 FCPATH/index.php(59): CodeIgniter\Boot::bootWeb()
CRITICAL - 2026-05-26 05:58:18 --> ErrorException: Undefined array key "intitute"
[Method: GET, Route: etudiant/notes]
in APPPATH/Views/etudiant/note.php on line 57.
 1 APPPATH/Views/etudiant/note.php(57): CodeIgniter\Debug\Exceptions->errorHandler()
 2 SYSTEMPATH/View/View.php(240): include('/home/main/Documents/GitHub/SousGroupeEcole/app/Views/etudiant/note.php')
 3 SYSTEMPATH/View/View.php(243): CodeIgniter\View\View->CodeIgniter\View\{closure}()
 4 SYSTEMPATH/Common.php(1250): CodeIgniter\View\View->render()
 5 APPPATH/Controllers/Etudiant/NotesController.php(35): view()
 6 SYSTEMPATH/CodeIgniter.php(951): App\Controllers\Etudiant\NotesController->go_to_notes()
 7 SYSTEMPATH/CodeIgniter.php(497): CodeIgniter\CodeIgniter->runController()
 8 SYSTEMPATH/CodeIgniter.php(340): CodeIgniter\CodeIgniter->handleRequest()
 9 SYSTEMPATH/Boot.php(417): CodeIgniter\CodeIgniter->run()
10 SYSTEMPATH/Boot.php(68): CodeIgniter\Boot::runCodeIgniter()
11 FCPATH/index.php(59): CodeIgniter\Boot::bootWeb()
CRITICAL - 2026-05-26 05:58:18 --> ErrorException: Undefined array key "intitute"
[Method: GET, Route: etudiant/notes]
in APPPATH/Views/etudiant/note.php on line 57.
 1 APPPATH/Views/etudiant/note.php(57): CodeIgniter\Debug\Exceptions->errorHandler()
 2 SYSTEMPATH/View/View.php(240): include('/home/main/Documents/GitHub/SousGroupeEcole/app/Views/etudiant/note.php')
 3 SYSTEMPATH/View/View.php(243): CodeIgniter\View\View->CodeIgniter\View\{closure}()
 4 SYSTEMPATH/Common.php(1250): CodeIgniter\View\View->render()
 5 APPPATH/Controllers/Etudiant/NotesController.php(35): view()
 6 SYSTEMPATH/CodeIgniter.php(951): App\Controllers\Etudiant\NotesController->go_to_notes()
 7 SYSTEMPATH/CodeIgniter.php(497): CodeIgniter\CodeIgniter->runController()
 8 SYSTEMPATH/CodeIgniter.php(340): CodeIgniter\CodeIgniter->handleRequest()
 9 SYSTEMPATH/Boot.php(417): CodeIgniter\CodeIgniter->run()
10 SYSTEMPATH/Boot.php(68): CodeIgniter\Boot::runCodeIgniter()
11 FCPATH/index.php(59): CodeIgniter\Boot::bootWeb()
CRITICAL - 2026-05-26 05:58:18 --> ErrorException: Undefined array key "intitute"
[Method: GET, Route: etudiant/notes]
in APPPATH/Views/etudiant/note.php on line 57.
 1 APPPATH/Views/etudiant/note.php(57): CodeIgniter\Debug\Exceptions->errorHandler()
 2 SYSTEMPATH/View/View.php(240): include('/home/main/Documents/GitHub/SousGroupeEcole/app/Views/etudiant/note.php')
 3 SYSTEMPATH/View/View.php(243): CodeIgniter\View\View->CodeIgniter\View\{closure}()
 4 SYSTEMPATH/Common.php(1250): CodeIgniter\View\View->render()
 5 APPPATH/Controllers/Etudiant/NotesController.php(35): view()
 6 SYSTEMPATH/CodeIgniter.php(951): App\Controllers\Etudiant\NotesController->go_to_notes()
 7 SYSTEMPATH/CodeIgniter.php(497): CodeIgniter\CodeIgniter->runController()
 8 SYSTEMPATH/CodeIgniter.php(340): CodeIgniter\CodeIgniter->handleRequest()
 9 SYSTEMPATH/Boot.php(417): CodeIgniter\CodeIgniter->run()
10 SYSTEMPATH/Boot.php(68): CodeIgniter\Boot::runCodeIgniter()
11 FCPATH/index.php(59): CodeIgniter\Boot::bootWeb()
ERROR - 2026-05-26 07:27:49 --> pg_query(): Query failed: ERROR:  missing FROM-clause entry for table &quot;date_debut AND p&quot;
LINE 1: ...&quot; as &quot;periode&quot;, &quot;p&quot;.&quot;date_debut&quot;, &quot;p&quot;.&quot;date_fin&quot;, &quot;CASE WHEN...
                                                             ^
in SYSTEMPATH/Database/Postgre/Connection.php on line 200.
 1 SYSTEMPATH/Database/BaseConnection.php(910): CodeIgniter\Database\Postgre\Connection->execute()
 2 SYSTEMPATH/Database/BaseConnection.php(827): CodeIgniter\Database\BaseConnection->simpleQuery()
 3 SYSTEMPATH/Database/BaseBuilder.php(1649): CodeIgniter\Database\BaseConnection->query()
 4 APPPATH/Controllers/Etudiant/CalendarController.php(86): CodeIgniter\Database\BaseBuilder->get()
 5 APPPATH/Controllers/Etudiant/CalendarController.php(59): App\Controllers\Etudiant\CalendarController->getInfoAnnee()
 6 SYSTEMPATH/CodeIgniter.php(951): App\Controllers\Etudiant\CalendarController->index()
 7 SYSTEMPATH/CodeIgniter.php(497): CodeIgniter\CodeIgniter->runController()
 8 SYSTEMPATH/CodeIgniter.php(340): CodeIgniter\CodeIgniter->handleRequest()
 9 SYSTEMPATH/Boot.php(417): CodeIgniter\CodeIgniter->run()
10 SYSTEMPATH/Boot.php(68): CodeIgniter\Boot::runCodeIgniter()
11 FCPATH/index.php(59): CodeIgniter\Boot::bootWeb()
CRITICAL - 2026-05-26 07:27:49 --> CodeIgniter\Database\Exceptions\DatabaseException: pg_query(): Query failed: ERROR:  missing FROM-clause entry for table &quot;date_debut AND p&quot;
LINE 1: ...&quot; as &quot;periode&quot;, &quot;p&quot;.&quot;date_debut&quot;, &quot;p&quot;.&quot;date_fin&quot;, &quot;CASE WHEN...
                                                             ^
[Method: GET, Route: etudiant/calendar]
in SYSTEMPATH/Database/BaseConnection.php on line 865.
 1 SYSTEMPATH/Database/BaseBuilder.php(1649): CodeIgniter\Database\BaseConnection->query()
 2 APPPATH/Controllers/Etudiant/CalendarController.php(86): CodeIgniter\Database\BaseBuilder->get()
 3 APPPATH/Controllers/Etudiant/CalendarController.php(59): App\Controllers\Etudiant\CalendarController->getInfoAnnee()
 4 SYSTEMPATH/CodeIgniter.php(951): App\Controllers\Etudiant\CalendarController->index()
 5 SYSTEMPATH/CodeIgniter.php(497): CodeIgniter\CodeIgniter->runController()
 6 SYSTEMPATH/CodeIgniter.php(340): CodeIgniter\CodeIgniter->handleRequest()
 7 SYSTEMPATH/Boot.php(417): CodeIgniter\CodeIgniter->run()
 8 SYSTEMPATH/Boot.php(68): CodeIgniter\Boot::runCodeIgniter()
 9 FCPATH/index.php(59): CodeIgniter\Boot::bootWeb()
CRITICAL - 2026-05-26 07:27:49 --> [Caused by] CodeIgniter\Database\Exceptions\DatabaseException: pg_query(): Query failed: ERROR:  missing FROM-clause entry for table &quot;date_debut AND p&quot;
LINE 1: ...&quot; as &quot;periode&quot;, &quot;p&quot;.&quot;date_debut&quot;, &quot;p&quot;.&quot;date_fin&quot;, &quot;CASE WHEN...
                                                             ^
in SYSTEMPATH/Database/Postgre/Connection.php on line 212.
 1 SYSTEMPATH/Database/BaseConnection.php(910): CodeIgniter\Database\Postgre\Connection->execute()
 2 SYSTEMPATH/Database/BaseConnection.php(827): CodeIgniter\Database\BaseConnection->simpleQuery()
 3 SYSTEMPATH/Database/BaseBuilder.php(1649): CodeIgniter\Database\BaseConnection->query()
 4 APPPATH/Controllers/Etudiant/CalendarController.php(86): CodeIgniter\Database\BaseBuilder->get()
 5 APPPATH/Controllers/Etudiant/CalendarController.php(59): App\Controllers\Etudiant\CalendarController->getInfoAnnee()
 6 SYSTEMPATH/CodeIgniter.php(951): App\Controllers\Etudiant\CalendarController->index()
 7 SYSTEMPATH/CodeIgniter.php(497): CodeIgniter\CodeIgniter->runController()
 8 SYSTEMPATH/CodeIgniter.php(340): CodeIgniter\CodeIgniter->handleRequest()
 9 SYSTEMPATH/Boot.php(417): CodeIgniter\CodeIgniter->run()
10 SYSTEMPATH/Boot.php(68): CodeIgniter\Boot::runCodeIgniter()
11 FCPATH/index.php(59): CodeIgniter\Boot::bootWeb()
CRITICAL - 2026-05-26 07:27:49 --> [Caused by] ErrorException: pg_query(): Query failed: ERROR:  missing FROM-clause entry for table &quot;date_debut AND p&quot;
LINE 1: ...&quot; as &quot;periode&quot;, &quot;p&quot;.&quot;date_debut&quot;, &quot;p&quot;.&quot;date_fin&quot;, &quot;CASE WHEN...
                                                             ^
in SYSTEMPATH/Database/Postgre/Connection.php on line 200.
 1 [internal function]: CodeIgniter\Debug\Exceptions->errorHandler()
 2 SYSTEMPATH/Database/Postgre/Connection.php(200): pg_query()
 3 SYSTEMPATH/Database/BaseConnection.php(910): CodeIgniter\Database\Postgre\Connection->execute()
 4 SYSTEMPATH/Database/BaseConnection.php(827): CodeIgniter\Database\BaseConnection->simpleQuery()
 5 SYSTEMPATH/Database/BaseBuilder.php(1649): CodeIgniter\Database\BaseConnection->query()
 6 APPPATH/Controllers/Etudiant/CalendarController.php(86): CodeIgniter\Database\BaseBuilder->get()
 7 APPPATH/Controllers/Etudiant/CalendarController.php(59): App\Controllers\Etudiant\CalendarController->getInfoAnnee()
 8 SYSTEMPATH/CodeIgniter.php(951): App\Controllers\Etudiant\CalendarController->index()
 9 SYSTEMPATH/CodeIgniter.php(497): CodeIgniter\CodeIgniter->runController()
10 SYSTEMPATH/CodeIgniter.php(340): CodeIgniter\CodeIgniter->handleRequest()
11 SYSTEMPATH/Boot.php(417): CodeIgniter\CodeIgniter->run()
12 SYSTEMPATH/Boot.php(68): CodeIgniter\Boot::runCodeIgniter()
13 FCPATH/index.php(59): CodeIgniter\Boot::bootWeb()
ERROR - 2026-05-26 07:27:50 --> pg_query(): Query failed: ERROR:  missing FROM-clause entry for table &quot;date_debut AND p&quot;
LINE 1: ...&quot; as &quot;periode&quot;, &quot;p&quot;.&quot;date_debut&quot;, &quot;p&quot;.&quot;date_fin&quot;, &quot;CASE WHEN...
                                                             ^
in SYSTEMPATH/Database/Postgre/Connection.php on line 200.
 1 SYSTEMPATH/Database/BaseConnection.php(910): CodeIgniter\Database\Postgre\Connection->execute()
 2 SYSTEMPATH/Database/BaseConnection.php(827): CodeIgniter\Database\BaseConnection->simpleQuery()
 3 SYSTEMPATH/Database/BaseBuilder.php(1649): CodeIgniter\Database\BaseConnection->query()
 4 APPPATH/Controllers/Etudiant/CalendarController.php(86): CodeIgniter\Database\BaseBuilder->get()
 5 APPPATH/Controllers/Etudiant/CalendarController.php(59): App\Controllers\Etudiant\CalendarController->getInfoAnnee()
 6 SYSTEMPATH/CodeIgniter.php(951): App\Controllers\Etudiant\CalendarController->index()
 7 SYSTEMPATH/CodeIgniter.php(497): CodeIgniter\CodeIgniter->runController()
 8 SYSTEMPATH/CodeIgniter.php(340): CodeIgniter\CodeIgniter->handleRequest()
 9 SYSTEMPATH/Boot.php(417): CodeIgniter\CodeIgniter->run()
10 SYSTEMPATH/Boot.php(68): CodeIgniter\Boot::runCodeIgniter()
11 FCPATH/index.php(59): CodeIgniter\Boot::bootWeb()
CRITICAL - 2026-05-26 07:27:50 --> CodeIgniter\Database\Exceptions\DatabaseException: pg_query(): Query failed: ERROR:  missing FROM-clause entry for table &quot;date_debut AND p&quot;
LINE 1: ...&quot; as &quot;periode&quot;, &quot;p&quot;.&quot;date_debut&quot;, &quot;p&quot;.&quot;date_fin&quot;, &quot;CASE WHEN...
                                                             ^
[Method: GET, Route: etudiant/calendar]
in SYSTEMPATH/Database/BaseConnection.php on line 865.
 1 SYSTEMPATH/Database/BaseBuilder.php(1649): CodeIgniter\Database\BaseConnection->query()
 2 APPPATH/Controllers/Etudiant/CalendarController.php(86): CodeIgniter\Database\BaseBuilder->get()
 3 APPPATH/Controllers/Etudiant/CalendarController.php(59): App\Controllers\Etudiant\CalendarController->getInfoAnnee()
 4 SYSTEMPATH/CodeIgniter.php(951): App\Controllers\Etudiant\CalendarController->index()
 5 SYSTEMPATH/CodeIgniter.php(497): CodeIgniter\CodeIgniter->runController()
 6 SYSTEMPATH/CodeIgniter.php(340): CodeIgniter\CodeIgniter->handleRequest()
 7 SYSTEMPATH/Boot.php(417): CodeIgniter\CodeIgniter->run()
 8 SYSTEMPATH/Boot.php(68): CodeIgniter\Boot::runCodeIgniter()
 9 FCPATH/index.php(59): CodeIgniter\Boot::bootWeb()
CRITICAL - 2026-05-26 07:27:50 --> [Caused by] CodeIgniter\Database\Exceptions\DatabaseException: pg_query(): Query failed: ERROR:  missing FROM-clause entry for table &quot;date_debut AND p&quot;
LINE 1: ...&quot; as &quot;periode&quot;, &quot;p&quot;.&quot;date_debut&quot;, &quot;p&quot;.&quot;date_fin&quot;, &quot;CASE WHEN...
                                                             ^
in SYSTEMPATH/Database/Postgre/Connection.php on line 212.
 1 SYSTEMPATH/Database/BaseConnection.php(910): CodeIgniter\Database\Postgre\Connection->execute()
 2 SYSTEMPATH/Database/BaseConnection.php(827): CodeIgniter\Database\BaseConnection->simpleQuery()
 3 SYSTEMPATH/Database/BaseBuilder.php(1649): CodeIgniter\Database\BaseConnection->query()
 4 APPPATH/Controllers/Etudiant/CalendarController.php(86): CodeIgniter\Database\BaseBuilder->get()
 5 APPPATH/Controllers/Etudiant/CalendarController.php(59): App\Controllers\Etudiant\CalendarController->getInfoAnnee()
 6 SYSTEMPATH/CodeIgniter.php(951): App\Controllers\Etudiant\CalendarController->index()
 7 SYSTEMPATH/CodeIgniter.php(497): CodeIgniter\CodeIgniter->runController()
 8 SYSTEMPATH/CodeIgniter.php(340): CodeIgniter\CodeIgniter->handleRequest()
 9 SYSTEMPATH/Boot.php(417): CodeIgniter\CodeIgniter->run()
10 SYSTEMPATH/Boot.php(68): CodeIgniter\Boot::runCodeIgniter()
11 FCPATH/index.php(59): CodeIgniter\Boot::bootWeb()
CRITICAL - 2026-05-26 07:27:50 --> [Caused by] ErrorException: pg_query(): Query failed: ERROR:  missing FROM-clause entry for table &quot;date_debut AND p&quot;
LINE 1: ...&quot; as &quot;periode&quot;, &quot;p&quot;.&quot;date_debut&quot;, &quot;p&quot;.&quot;date_fin&quot;, &quot;CASE WHEN...
                                                             ^
in SYSTEMPATH/Database/Postgre/Connection.php on line 200.
 1 [internal function]: CodeIgniter\Debug\Exceptions->errorHandler()
 2 SYSTEMPATH/Database/Postgre/Connection.php(200): pg_query()
 3 SYSTEMPATH/Database/BaseConnection.php(910): CodeIgniter\Database\Postgre\Connection->execute()
 4 SYSTEMPATH/Database/BaseConnection.php(827): CodeIgniter\Database\BaseConnection->simpleQuery()
 5 SYSTEMPATH/Database/BaseBuilder.php(1649): CodeIgniter\Database\BaseConnection->query()
 6 APPPATH/Controllers/Etudiant/CalendarController.php(86): CodeIgniter\Database\BaseBuilder->get()
 7 APPPATH/Controllers/Etudiant/CalendarController.php(59): App\Controllers\Etudiant\CalendarController->getInfoAnnee()
 8 SYSTEMPATH/CodeIgniter.php(951): App\Controllers\Etudiant\CalendarController->index()
 9 SYSTEMPATH/CodeIgniter.php(497): CodeIgniter\CodeIgniter->runController()
10 SYSTEMPATH/CodeIgniter.php(340): CodeIgniter\CodeIgniter->handleRequest()
11 SYSTEMPATH/Boot.php(417): CodeIgniter\CodeIgniter->run()
12 SYSTEMPATH/Boot.php(68): CodeIgniter\Boot::runCodeIgniter()
13 FCPATH/index.php(59): CodeIgniter\Boot::bootWeb()
ERROR - 2026-05-26 07:27:50 --> pg_query(): Query failed: ERROR:  missing FROM-clause entry for table &quot;date_debut AND p&quot;
LINE 1: ...&quot; as &quot;periode&quot;, &quot;p&quot;.&quot;date_debut&quot;, &quot;p&quot;.&quot;date_fin&quot;, &quot;CASE WHEN...
                                                             ^
in SYSTEMPATH/Database/Postgre/Connection.php on line 200.
 1 SYSTEMPATH/Database/BaseConnection.php(910): CodeIgniter\Database\Postgre\Connection->execute()
 2 SYSTEMPATH/Database/BaseConnection.php(827): CodeIgniter\Database\BaseConnection->simpleQuery()
 3 SYSTEMPATH/Database/BaseBuilder.php(1649): CodeIgniter\Database\BaseConnection->query()
 4 APPPATH/Controllers/Etudiant/CalendarController.php(86): CodeIgniter\Database\BaseBuilder->get()
 5 APPPATH/Controllers/Etudiant/CalendarController.php(59): App\Controllers\Etudiant\CalendarController->getInfoAnnee()
 6 SYSTEMPATH/CodeIgniter.php(951): App\Controllers\Etudiant\CalendarController->index()
 7 SYSTEMPATH/CodeIgniter.php(497): CodeIgniter\CodeIgniter->runController()
 8 SYSTEMPATH/CodeIgniter.php(340): CodeIgniter\CodeIgniter->handleRequest()
 9 SYSTEMPATH/Boot.php(417): CodeIgniter\CodeIgniter->run()
10 SYSTEMPATH/Boot.php(68): CodeIgniter\Boot::runCodeIgniter()
11 FCPATH/index.php(59): CodeIgniter\Boot::bootWeb()
CRITICAL - 2026-05-26 07:27:50 --> CodeIgniter\Database\Exceptions\DatabaseException: pg_query(): Query failed: ERROR:  missing FROM-clause entry for table &quot;date_debut AND p&quot;
LINE 1: ...&quot; as &quot;periode&quot;, &quot;p&quot;.&quot;date_debut&quot;, &quot;p&quot;.&quot;date_fin&quot;, &quot;CASE WHEN...
                                                             ^
[Method: GET, Route: etudiant/calendar]
in SYSTEMPATH/Database/BaseConnection.php on line 865.
 1 SYSTEMPATH/Database/BaseBuilder.php(1649): CodeIgniter\Database\BaseConnection->query()
 2 APPPATH/Controllers/Etudiant/CalendarController.php(86): CodeIgniter\Database\BaseBuilder->get()
 3 APPPATH/Controllers/Etudiant/CalendarController.php(59): App\Controllers\Etudiant\CalendarController->getInfoAnnee()
 4 SYSTEMPATH/CodeIgniter.php(951): App\Controllers\Etudiant\CalendarController->index()
 5 SYSTEMPATH/CodeIgniter.php(497): CodeIgniter\CodeIgniter->runController()
 6 SYSTEMPATH/CodeIgniter.php(340): CodeIgniter\CodeIgniter->handleRequest()
 7 SYSTEMPATH/Boot.php(417): CodeIgniter\CodeIgniter->run()
 8 SYSTEMPATH/Boot.php(68): CodeIgniter\Boot::runCodeIgniter()
 9 FCPATH/index.php(59): CodeIgniter\Boot::bootWeb()
CRITICAL - 2026-05-26 07:27:50 --> [Caused by] CodeIgniter\Database\Exceptions\DatabaseException: pg_query(): Query failed: ERROR:  missing FROM-clause entry for table &quot;date_debut AND p&quot;
LINE 1: ...&quot; as &quot;periode&quot;, &quot;p&quot;.&quot;date_debut&quot;, &quot;p&quot;.&quot;date_fin&quot;, &quot;CASE WHEN...
                                                             ^
in SYSTEMPATH/Database/Postgre/Connection.php on line 212.
 1 SYSTEMPATH/Database/BaseConnection.php(910): CodeIgniter\Database\Postgre\Connection->execute()
 2 SYSTEMPATH/Database/BaseConnection.php(827): CodeIgniter\Database\BaseConnection->simpleQuery()
 3 SYSTEMPATH/Database/BaseBuilder.php(1649): CodeIgniter\Database\BaseConnection->query()
 4 APPPATH/Controllers/Etudiant/CalendarController.php(86): CodeIgniter\Database\BaseBuilder->get()
 5 APPPATH/Controllers/Etudiant/CalendarController.php(59): App\Controllers\Etudiant\CalendarController->getInfoAnnee()
 6 SYSTEMPATH/CodeIgniter.php(951): App\Controllers\Etudiant\CalendarController->index()
 7 SYSTEMPATH/CodeIgniter.php(497): CodeIgniter\CodeIgniter->runController()
 8 SYSTEMPATH/CodeIgniter.php(340): CodeIgniter\CodeIgniter->handleRequest()
 9 SYSTEMPATH/Boot.php(417): CodeIgniter\CodeIgniter->run()
10 SYSTEMPATH/Boot.php(68): CodeIgniter\Boot::runCodeIgniter()
11 FCPATH/index.php(59): CodeIgniter\Boot::bootWeb()
CRITICAL - 2026-05-26 07:27:50 --> [Caused by] ErrorException: pg_query(): Query failed: ERROR:  missing FROM-clause entry for table &quot;date_debut AND p&quot;
LINE 1: ...&quot; as &quot;periode&quot;, &quot;p&quot;.&quot;date_debut&quot;, &quot;p&quot;.&quot;date_fin&quot;, &quot;CASE WHEN...
                                                             ^
in SYSTEMPATH/Database/Postgre/Connection.php on line 200.
 1 [internal function]: CodeIgniter\Debug\Exceptions->errorHandler()
 2 SYSTEMPATH/Database/Postgre/Connection.php(200): pg_query()
 3 SYSTEMPATH/Database/BaseConnection.php(910): CodeIgniter\Database\Postgre\Connection->execute()
 4 SYSTEMPATH/Database/BaseConnection.php(827): CodeIgniter\Database\BaseConnection->simpleQuery()
 5 SYSTEMPATH/Database/BaseBuilder.php(1649): CodeIgniter\Database\BaseConnection->query()
 6 APPPATH/Controllers/Etudiant/CalendarController.php(86): CodeIgniter\Database\BaseBuilder->get()
 7 APPPATH/Controllers/Etudiant/CalendarController.php(59): App\Controllers\Etudiant\CalendarController->getInfoAnnee()
 8 SYSTEMPATH/CodeIgniter.php(951): App\Controllers\Etudiant\CalendarController->index()
 9 SYSTEMPATH/CodeIgniter.php(497): CodeIgniter\CodeIgniter->runController()
10 SYSTEMPATH/CodeIgniter.php(340): CodeIgniter\CodeIgniter->handleRequest()
11 SYSTEMPATH/Boot.php(417): CodeIgniter\CodeIgniter->run()
12 SYSTEMPATH/Boot.php(68): CodeIgniter\Boot::runCodeIgniter()
13 FCPATH/index.php(59): CodeIgniter\Boot::bootWeb()
ERROR - 2026-05-26 07:27:50 --> pg_query(): Query failed: ERROR:  missing FROM-clause entry for table &quot;date_debut AND p&quot;
LINE 1: ...&quot; as &quot;periode&quot;, &quot;p&quot;.&quot;date_debut&quot;, &quot;p&quot;.&quot;date_fin&quot;, &quot;CASE WHEN...
                                                             ^
in SYSTEMPATH/Database/Postgre/Connection.php on line 200.
 1 SYSTEMPATH/Database/BaseConnection.php(910): CodeIgniter\Database\Postgre\Connection->execute()
 2 SYSTEMPATH/Database/BaseConnection.php(827): CodeIgniter\Database\BaseConnection->simpleQuery()
 3 SYSTEMPATH/Database/BaseBuilder.php(1649): CodeIgniter\Database\BaseConnection->query()
 4 APPPATH/Controllers/Etudiant/CalendarController.php(86): CodeIgniter\Database\BaseBuilder->get()
 5 APPPATH/Controllers/Etudiant/CalendarController.php(59): App\Controllers\Etudiant\CalendarController->getInfoAnnee()
 6 SYSTEMPATH/CodeIgniter.php(951): App\Controllers\Etudiant\CalendarController->index()
 7 SYSTEMPATH/CodeIgniter.php(497): CodeIgniter\CodeIgniter->runController()
 8 SYSTEMPATH/CodeIgniter.php(340): CodeIgniter\CodeIgniter->handleRequest()
 9 SYSTEMPATH/Boot.php(417): CodeIgniter\CodeIgniter->run()
10 SYSTEMPATH/Boot.php(68): CodeIgniter\Boot::runCodeIgniter()
11 FCPATH/index.php(59): CodeIgniter\Boot::bootWeb()
CRITICAL - 2026-05-26 07:27:50 --> CodeIgniter\Database\Exceptions\DatabaseException: pg_query(): Query failed: ERROR:  missing FROM-clause entry for table &quot;date_debut AND p&quot;
LINE 1: ...&quot; as &quot;periode&quot;, &quot;p&quot;.&quot;date_debut&quot;, &quot;p&quot;.&quot;date_fin&quot;, &quot;CASE WHEN...
                                                             ^
[Method: GET, Route: etudiant/calendar]
in SYSTEMPATH/Database/BaseConnection.php on line 865.
 1 SYSTEMPATH/Database/BaseBuilder.php(1649): CodeIgniter\Database\BaseConnection->query()
 2 APPPATH/Controllers/Etudiant/CalendarController.php(86): CodeIgniter\Database\BaseBuilder->get()
 3 APPPATH/Controllers/Etudiant/CalendarController.php(59): App\Controllers\Etudiant\CalendarController->getInfoAnnee()
 4 SYSTEMPATH/CodeIgniter.php(951): App\Controllers\Etudiant\CalendarController->index()
 5 SYSTEMPATH/CodeIgniter.php(497): CodeIgniter\CodeIgniter->runController()
 6 SYSTEMPATH/CodeIgniter.php(340): CodeIgniter\CodeIgniter->handleRequest()
 7 SYSTEMPATH/Boot.php(417): CodeIgniter\CodeIgniter->run()
 8 SYSTEMPATH/Boot.php(68): CodeIgniter\Boot::runCodeIgniter()
 9 FCPATH/index.php(59): CodeIgniter\Boot::bootWeb()
CRITICAL - 2026-05-26 07:27:50 --> [Caused by] CodeIgniter\Database\Exceptions\DatabaseException: pg_query(): Query failed: ERROR:  missing FROM-clause entry for table &quot;date_debut AND p&quot;
LINE 1: ...&quot; as &quot;periode&quot;, &quot;p&quot;.&quot;date_debut&quot;, &quot;p&quot;.&quot;date_fin&quot;, &quot;CASE WHEN...
                                                             ^
in SYSTEMPATH/Database/Postgre/Connection.php on line 212.
 1 SYSTEMPATH/Database/BaseConnection.php(910): CodeIgniter\Database\Postgre\Connection->execute()
 2 SYSTEMPATH/Database/BaseConnection.php(827): CodeIgniter\Database\BaseConnection->simpleQuery()
 3 SYSTEMPATH/Database/BaseBuilder.php(1649): CodeIgniter\Database\BaseConnection->query()
 4 APPPATH/Controllers/Etudiant/CalendarController.php(86): CodeIgniter\Database\BaseBuilder->get()
 5 APPPATH/Controllers/Etudiant/CalendarController.php(59): App\Controllers\Etudiant\CalendarController->getInfoAnnee()
 6 SYSTEMPATH/CodeIgniter.php(951): App\Controllers\Etudiant\CalendarController->index()
 7 SYSTEMPATH/CodeIgniter.php(497): CodeIgniter\CodeIgniter->runController()
 8 SYSTEMPATH/CodeIgniter.php(340): CodeIgniter\CodeIgniter->handleRequest()
 9 SYSTEMPATH/Boot.php(417): CodeIgniter\CodeIgniter->run()
10 SYSTEMPATH/Boot.php(68): CodeIgniter\Boot::runCodeIgniter()
11 FCPATH/index.php(59): CodeIgniter\Boot::bootWeb()
CRITICAL - 2026-05-26 07:27:50 --> [Caused by] ErrorException: pg_query(): Query failed: ERROR:  missing FROM-clause entry for table &quot;date_debut AND p&quot;
LINE 1: ...&quot; as &quot;periode&quot;, &quot;p&quot;.&quot;date_debut&quot;, &quot;p&quot;.&quot;date_fin&quot;, &quot;CASE WHEN...
                                                             ^
in SYSTEMPATH/Database/Postgre/Connection.php on line 200.
 1 [internal function]: CodeIgniter\Debug\Exceptions->errorHandler()
 2 SYSTEMPATH/Database/Postgre/Connection.php(200): pg_query()
 3 SYSTEMPATH/Database/BaseConnection.php(910): CodeIgniter\Database\Postgre\Connection->execute()
 4 SYSTEMPATH/Database/BaseConnection.php(827): CodeIgniter\Database\BaseConnection->simpleQuery()
 5 SYSTEMPATH/Database/BaseBuilder.php(1649): CodeIgniter\Database\BaseConnection->query()
 6 APPPATH/Controllers/Etudiant/CalendarController.php(86): CodeIgniter\Database\BaseBuilder->get()
 7 APPPATH/Controllers/Etudiant/CalendarController.php(59): App\Controllers\Etudiant\CalendarController->getInfoAnnee()
 8 SYSTEMPATH/CodeIgniter.php(951): App\Controllers\Etudiant\CalendarController->index()
 9 SYSTEMPATH/CodeIgniter.php(497): CodeIgniter\CodeIgniter->runController()
10 SYSTEMPATH/CodeIgniter.php(340): CodeIgniter\CodeIgniter->handleRequest()
11 SYSTEMPATH/Boot.php(417): CodeIgniter\CodeIgniter->run()
12 SYSTEMPATH/Boot.php(68): CodeIgniter\Boot::runCodeIgniter()
13 FCPATH/index.php(59): CodeIgniter\Boot::bootWeb()
ERROR - 2026-05-26 07:28:00 --> pg_query(): Query failed: ERROR:  missing FROM-clause entry for table &quot;date_debut AND p&quot;
LINE 1: ...&quot; as &quot;periode&quot;, &quot;p&quot;.&quot;date_debut&quot;, &quot;p&quot;.&quot;date_fin&quot;, &quot;CASE WHEN...
                                                             ^
in SYSTEMPATH/Database/Postgre/Connection.php on line 200.
 1 SYSTEMPATH/Database/BaseConnection.php(910): CodeIgniter\Database\Postgre\Connection->execute()
 2 SYSTEMPATH/Database/BaseConnection.php(827): CodeIgniter\Database\BaseConnection->simpleQuery()
 3 SYSTEMPATH/Database/BaseBuilder.php(1649): CodeIgniter\Database\BaseConnection->query()
 4 APPPATH/Controllers/Etudiant/CalendarController.php(86): CodeIgniter\Database\BaseBuilder->get()
 5 APPPATH/Controllers/Etudiant/CalendarController.php(59): App\Controllers\Etudiant\CalendarController->getInfoAnnee()
 6 SYSTEMPATH/CodeIgniter.php(951): App\Controllers\Etudiant\CalendarController->index()
 7 SYSTEMPATH/CodeIgniter.php(497): CodeIgniter\CodeIgniter->runController()
 8 SYSTEMPATH/CodeIgniter.php(340): CodeIgniter\CodeIgniter->handleRequest()
 9 SYSTEMPATH/Boot.php(417): CodeIgniter\CodeIgniter->run()
10 SYSTEMPATH/Boot.php(68): CodeIgniter\Boot::runCodeIgniter()
11 FCPATH/index.php(59): CodeIgniter\Boot::bootWeb()
CRITICAL - 2026-05-26 07:28:00 --> CodeIgniter\Database\Exceptions\DatabaseException: pg_query(): Query failed: ERROR:  missing FROM-clause entry for table &quot;date_debut AND p&quot;
LINE 1: ...&quot; as &quot;periode&quot;, &quot;p&quot;.&quot;date_debut&quot;, &quot;p&quot;.&quot;date_fin&quot;, &quot;CASE WHEN...
                                                             ^
[Method: GET, Route: etudiant/calendar]
in SYSTEMPATH/Database/BaseConnection.php on line 865.
 1 SYSTEMPATH/Database/BaseBuilder.php(1649): CodeIgniter\Database\BaseConnection->query()
 2 APPPATH/Controllers/Etudiant/CalendarController.php(86): CodeIgniter\Database\BaseBuilder->get()
 3 APPPATH/Controllers/Etudiant/CalendarController.php(59): App\Controllers\Etudiant\CalendarController->getInfoAnnee()
 4 SYSTEMPATH/CodeIgniter.php(951): App\Controllers\Etudiant\CalendarController->index()
 5 SYSTEMPATH/CodeIgniter.php(497): CodeIgniter\CodeIgniter->runController()
 6 SYSTEMPATH/CodeIgniter.php(340): CodeIgniter\CodeIgniter->handleRequest()
 7 SYSTEMPATH/Boot.php(417): CodeIgniter\CodeIgniter->run()
 8 SYSTEMPATH/Boot.php(68): CodeIgniter\Boot::runCodeIgniter()
 9 FCPATH/index.php(59): CodeIgniter\Boot::bootWeb()
CRITICAL - 2026-05-26 07:28:00 --> [Caused by] CodeIgniter\Database\Exceptions\DatabaseException: pg_query(): Query failed: ERROR:  missing FROM-clause entry for table &quot;date_debut AND p&quot;
LINE 1: ...&quot; as &quot;periode&quot;, &quot;p&quot;.&quot;date_debut&quot;, &quot;p&quot;.&quot;date_fin&quot;, &quot;CASE WHEN...
                                                             ^
in SYSTEMPATH/Database/Postgre/Connection.php on line 212.
 1 SYSTEMPATH/Database/BaseConnection.php(910): CodeIgniter\Database\Postgre\Connection->execute()
 2 SYSTEMPATH/Database/BaseConnection.php(827): CodeIgniter\Database\BaseConnection->simpleQuery()
 3 SYSTEMPATH/Database/BaseBuilder.php(1649): CodeIgniter\Database\BaseConnection->query()
 4 APPPATH/Controllers/Etudiant/CalendarController.php(86): CodeIgniter\Database\BaseBuilder->get()
 5 APPPATH/Controllers/Etudiant/CalendarController.php(59): App\Controllers\Etudiant\CalendarController->getInfoAnnee()
 6 SYSTEMPATH/CodeIgniter.php(951): App\Controllers\Etudiant\CalendarController->index()
 7 SYSTEMPATH/CodeIgniter.php(497): CodeIgniter\CodeIgniter->runController()
 8 SYSTEMPATH/CodeIgniter.php(340): CodeIgniter\CodeIgniter->handleRequest()
 9 SYSTEMPATH/Boot.php(417): CodeIgniter\CodeIgniter->run()
10 SYSTEMPATH/Boot.php(68): CodeIgniter\Boot::runCodeIgniter()
11 FCPATH/index.php(59): CodeIgniter\Boot::bootWeb()
CRITICAL - 2026-05-26 07:28:00 --> [Caused by] ErrorException: pg_query(): Query failed: ERROR:  missing FROM-clause entry for table &quot;date_debut AND p&quot;
LINE 1: ...&quot; as &quot;periode&quot;, &quot;p&quot;.&quot;date_debut&quot;, &quot;p&quot;.&quot;date_fin&quot;, &quot;CASE WHEN...
                                                             ^
in SYSTEMPATH/Database/Postgre/Connection.php on line 200.
 1 [internal function]: CodeIgniter\Debug\Exceptions->errorHandler()
 2 SYSTEMPATH/Database/Postgre/Connection.php(200): pg_query()
 3 SYSTEMPATH/Database/BaseConnection.php(910): CodeIgniter\Database\Postgre\Connection->execute()
 4 SYSTEMPATH/Database/BaseConnection.php(827): CodeIgniter\Database\BaseConnection->simpleQuery()
 5 SYSTEMPATH/Database/BaseBuilder.php(1649): CodeIgniter\Database\BaseConnection->query()
 6 APPPATH/Controllers/Etudiant/CalendarController.php(86): CodeIgniter\Database\BaseBuilder->get()
 7 APPPATH/Controllers/Etudiant/CalendarController.php(59): App\Controllers\Etudiant\CalendarController->getInfoAnnee()
 8 SYSTEMPATH/CodeIgniter.php(951): App\Controllers\Etudiant\CalendarController->index()
 9 SYSTEMPATH/CodeIgniter.php(497): CodeIgniter\CodeIgniter->runController()
10 SYSTEMPATH/CodeIgniter.php(340): CodeIgniter\CodeIgniter->handleRequest()
11 SYSTEMPATH/Boot.php(417): CodeIgniter\CodeIgniter->run()
12 SYSTEMPATH/Boot.php(68): CodeIgniter\Boot::runCodeIgniter()
13 FCPATH/index.php(59): CodeIgniter\Boot::bootWeb()
ERROR - 2026-05-26 07:28:00 --> pg_query(): Query failed: ERROR:  missing FROM-clause entry for table &quot;date_debut AND p&quot;
LINE 1: ...&quot; as &quot;periode&quot;, &quot;p&quot;.&quot;date_debut&quot;, &quot;p&quot;.&quot;date_fin&quot;, &quot;CASE WHEN...
                                                             ^
in SYSTEMPATH/Database/Postgre/Connection.php on line 200.
 1 SYSTEMPATH/Database/BaseConnection.php(910): CodeIgniter\Database\Postgre\Connection->execute()
 2 SYSTEMPATH/Database/BaseConnection.php(827): CodeIgniter\Database\BaseConnection->simpleQuery()
 3 SYSTEMPATH/Database/BaseBuilder.php(1649): CodeIgniter\Database\BaseConnection->query()
 4 APPPATH/Controllers/Etudiant/CalendarController.php(86): CodeIgniter\Database\BaseBuilder->get()
 5 APPPATH/Controllers/Etudiant/CalendarController.php(59): App\Controllers\Etudiant\CalendarController->getInfoAnnee()
 6 SYSTEMPATH/CodeIgniter.php(951): App\Controllers\Etudiant\CalendarController->index()
 7 SYSTEMPATH/CodeIgniter.php(497): CodeIgniter\CodeIgniter->runController()
 8 SYSTEMPATH/CodeIgniter.php(340): CodeIgniter\CodeIgniter->handleRequest()
 9 SYSTEMPATH/Boot.php(417): CodeIgniter\CodeIgniter->run()
10 SYSTEMPATH/Boot.php(68): CodeIgniter\Boot::runCodeIgniter()
11 FCPATH/index.php(59): CodeIgniter\Boot::bootWeb()
CRITICAL - 2026-05-26 07:28:00 --> CodeIgniter\Database\Exceptions\DatabaseException: pg_query(): Query failed: ERROR:  missing FROM-clause entry for table &quot;date_debut AND p&quot;
LINE 1: ...&quot; as &quot;periode&quot;, &quot;p&quot;.&quot;date_debut&quot;, &quot;p&quot;.&quot;date_fin&quot;, &quot;CASE WHEN...
                                                             ^
[Method: GET, Route: etudiant/calendar]
in SYSTEMPATH/Database/BaseConnection.php on line 865.
 1 SYSTEMPATH/Database/BaseBuilder.php(1649): CodeIgniter\Database\BaseConnection->query()
 2 APPPATH/Controllers/Etudiant/CalendarController.php(86): CodeIgniter\Database\BaseBuilder->get()
 3 APPPATH/Controllers/Etudiant/CalendarController.php(59): App\Controllers\Etudiant\CalendarController->getInfoAnnee()
 4 SYSTEMPATH/CodeIgniter.php(951): App\Controllers\Etudiant\CalendarController->index()
 5 SYSTEMPATH/CodeIgniter.php(497): CodeIgniter\CodeIgniter->runController()
 6 SYSTEMPATH/CodeIgniter.php(340): CodeIgniter\CodeIgniter->handleRequest()
 7 SYSTEMPATH/Boot.php(417): CodeIgniter\CodeIgniter->run()
 8 SYSTEMPATH/Boot.php(68): CodeIgniter\Boot::runCodeIgniter()
 9 FCPATH/index.php(59): CodeIgniter\Boot::bootWeb()
CRITICAL - 2026-05-26 07:28:00 --> [Caused by] CodeIgniter\Database\Exceptions\DatabaseException: pg_query(): Query failed: ERROR:  missing FROM-clause entry for table &quot;date_debut AND p&quot;
LINE 1: ...&quot; as &quot;periode&quot;, &quot;p&quot;.&quot;date_debut&quot;, &quot;p&quot;.&quot;date_fin&quot;, &quot;CASE WHEN...
                                                             ^
in SYSTEMPATH/Database/Postgre/Connection.php on line 212.
 1 SYSTEMPATH/Database/BaseConnection.php(910): CodeIgniter\Database\Postgre\Connection->execute()
 2 SYSTEMPATH/Database/BaseConnection.php(827): CodeIgniter\Database\BaseConnection->simpleQuery()
 3 SYSTEMPATH/Database/BaseBuilder.php(1649): CodeIgniter\Database\BaseConnection->query()
 4 APPPATH/Controllers/Etudiant/CalendarController.php(86): CodeIgniter\Database\BaseBuilder->get()
 5 APPPATH/Controllers/Etudiant/CalendarController.php(59): App\Controllers\Etudiant\CalendarController->getInfoAnnee()
 6 SYSTEMPATH/CodeIgniter.php(951): App\Controllers\Etudiant\CalendarController->index()
 7 SYSTEMPATH/CodeIgniter.php(497): CodeIgniter\CodeIgniter->runController()
 8 SYSTEMPATH/CodeIgniter.php(340): CodeIgniter\CodeIgniter->handleRequest()
 9 SYSTEMPATH/Boot.php(417): CodeIgniter\CodeIgniter->run()
10 SYSTEMPATH/Boot.php(68): CodeIgniter\Boot::runCodeIgniter()
11 FCPATH/index.php(59): CodeIgniter\Boot::bootWeb()
CRITICAL - 2026-05-26 07:28:00 --> [Caused by] ErrorException: pg_query(): Query failed: ERROR:  missing FROM-clause entry for table &quot;date_debut AND p&quot;
LINE 1: ...&quot; as &quot;periode&quot;, &quot;p&quot;.&quot;date_debut&quot;, &quot;p&quot;.&quot;date_fin&quot;, &quot;CASE WHEN...
                                                             ^
in SYSTEMPATH/Database/Postgre/Connection.php on line 200.
 1 [internal function]: CodeIgniter\Debug\Exceptions->errorHandler()
 2 SYSTEMPATH/Database/Postgre/Connection.php(200): pg_query()
 3 SYSTEMPATH/Database/BaseConnection.php(910): CodeIgniter\Database\Postgre\Connection->execute()
 4 SYSTEMPATH/Database/BaseConnection.php(827): CodeIgniter\Database\BaseConnection->simpleQuery()
 5 SYSTEMPATH/Database/BaseBuilder.php(1649): CodeIgniter\Database\BaseConnection->query()
 6 APPPATH/Controllers/Etudiant/CalendarController.php(86): CodeIgniter\Database\BaseBuilder->get()
 7 APPPATH/Controllers/Etudiant/CalendarController.php(59): App\Controllers\Etudiant\CalendarController->getInfoAnnee()
 8 SYSTEMPATH/CodeIgniter.php(951): App\Controllers\Etudiant\CalendarController->index()
 9 SYSTEMPATH/CodeIgniter.php(497): CodeIgniter\CodeIgniter->runController()
10 SYSTEMPATH/CodeIgniter.php(340): CodeIgniter\CodeIgniter->handleRequest()
11 SYSTEMPATH/Boot.php(417): CodeIgniter\CodeIgniter->run()
12 SYSTEMPATH/Boot.php(68): CodeIgniter\Boot::runCodeIgniter()
13 FCPATH/index.php(59): CodeIgniter\Boot::bootWeb()
ERROR - 2026-05-26 07:28:38 --> pg_query(): Query failed: ERROR:  missing FROM-clause entry for table &quot;date_debut AND p&quot;
LINE 1: ...&quot; as &quot;periode&quot;, &quot;p&quot;.&quot;date_debut&quot;, &quot;p&quot;.&quot;date_fin&quot;, &quot;CASE WHEN...
                                                             ^
in SYSTEMPATH/Database/Postgre/Connection.php on line 200.
 1 SYSTEMPATH/Database/BaseConnection.php(910): CodeIgniter\Database\Postgre\Connection->execute()
 2 SYSTEMPATH/Database/BaseConnection.php(827): CodeIgniter\Database\BaseConnection->simpleQuery()
 3 SYSTEMPATH/Database/BaseBuilder.php(1649): CodeIgniter\Database\BaseConnection->query()
 4 APPPATH/Controllers/Etudiant/CalendarController.php(88): CodeIgniter\Database\BaseBuilder->get()
 5 APPPATH/Controllers/Etudiant/CalendarController.php(61): App\Controllers\Etudiant\CalendarController->getInfoAnnee()
 6 SYSTEMPATH/CodeIgniter.php(951): App\Controllers\Etudiant\CalendarController->index()
 7 SYSTEMPATH/CodeIgniter.php(497): CodeIgniter\CodeIgniter->runController()
 8 SYSTEMPATH/CodeIgniter.php(340): CodeIgniter\CodeIgniter->handleRequest()
 9 SYSTEMPATH/Boot.php(417): CodeIgniter\CodeIgniter->run()
10 SYSTEMPATH/Boot.php(68): CodeIgniter\Boot::runCodeIgniter()
11 FCPATH/index.php(59): CodeIgniter\Boot::bootWeb()
CRITICAL - 2026-05-26 07:28:38 --> CodeIgniter\Database\Exceptions\DatabaseException: pg_query(): Query failed: ERROR:  missing FROM-clause entry for table &quot;date_debut AND p&quot;
LINE 1: ...&quot; as &quot;periode&quot;, &quot;p&quot;.&quot;date_debut&quot;, &quot;p&quot;.&quot;date_fin&quot;, &quot;CASE WHEN...
                                                             ^
[Method: GET, Route: etudiant/calendar]
in SYSTEMPATH/Database/BaseConnection.php on line 865.
 1 SYSTEMPATH/Database/BaseBuilder.php(1649): CodeIgniter\Database\BaseConnection->query()
 2 APPPATH/Controllers/Etudiant/CalendarController.php(88): CodeIgniter\Database\BaseBuilder->get()
 3 APPPATH/Controllers/Etudiant/CalendarController.php(61): App\Controllers\Etudiant\CalendarController->getInfoAnnee()
 4 SYSTEMPATH/CodeIgniter.php(951): App\Controllers\Etudiant\CalendarController->index()
 5 SYSTEMPATH/CodeIgniter.php(497): CodeIgniter\CodeIgniter->runController()
 6 SYSTEMPATH/CodeIgniter.php(340): CodeIgniter\CodeIgniter->handleRequest()
 7 SYSTEMPATH/Boot.php(417): CodeIgniter\CodeIgniter->run()
 8 SYSTEMPATH/Boot.php(68): CodeIgniter\Boot::runCodeIgniter()
 9 FCPATH/index.php(59): CodeIgniter\Boot::bootWeb()
CRITICAL - 2026-05-26 07:28:38 --> [Caused by] CodeIgniter\Database\Exceptions\DatabaseException: pg_query(): Query failed: ERROR:  missing FROM-clause entry for table &quot;date_debut AND p&quot;
LINE 1: ...&quot; as &quot;periode&quot;, &quot;p&quot;.&quot;date_debut&quot;, &quot;p&quot;.&quot;date_fin&quot;, &quot;CASE WHEN...
                                                             ^
in SYSTEMPATH/Database/Postgre/Connection.php on line 212.
 1 SYSTEMPATH/Database/BaseConnection.php(910): CodeIgniter\Database\Postgre\Connection->execute()
 2 SYSTEMPATH/Database/BaseConnection.php(827): CodeIgniter\Database\BaseConnection->simpleQuery()
 3 SYSTEMPATH/Database/BaseBuilder.php(1649): CodeIgniter\Database\BaseConnection->query()
 4 APPPATH/Controllers/Etudiant/CalendarController.php(88): CodeIgniter\Database\BaseBuilder->get()
 5 APPPATH/Controllers/Etudiant/CalendarController.php(61): App\Controllers\Etudiant\CalendarController->getInfoAnnee()
 6 SYSTEMPATH/CodeIgniter.php(951): App\Controllers\Etudiant\CalendarController->index()
 7 SYSTEMPATH/CodeIgniter.php(497): CodeIgniter\CodeIgniter->runController()
 8 SYSTEMPATH/CodeIgniter.php(340): CodeIgniter\CodeIgniter->handleRequest()
 9 SYSTEMPATH/Boot.php(417): CodeIgniter\CodeIgniter->run()
10 SYSTEMPATH/Boot.php(68): CodeIgniter\Boot::runCodeIgniter()
11 FCPATH/index.php(59): CodeIgniter\Boot::bootWeb()
CRITICAL - 2026-05-26 07:28:38 --> [Caused by] ErrorException: pg_query(): Query failed: ERROR:  missing FROM-clause entry for table &quot;date_debut AND p&quot;
LINE 1: ...&quot; as &quot;periode&quot;, &quot;p&quot;.&quot;date_debut&quot;, &quot;p&quot;.&quot;date_fin&quot;, &quot;CASE WHEN...
                                                             ^
in SYSTEMPATH/Database/Postgre/Connection.php on line 200.
 1 [internal function]: CodeIgniter\Debug\Exceptions->errorHandler()
 2 SYSTEMPATH/Database/Postgre/Connection.php(200): pg_query()
 3 SYSTEMPATH/Database/BaseConnection.php(910): CodeIgniter\Database\Postgre\Connection->execute()
 4 SYSTEMPATH/Database/BaseConnection.php(827): CodeIgniter\Database\BaseConnection->simpleQuery()
 5 SYSTEMPATH/Database/BaseBuilder.php(1649): CodeIgniter\Database\BaseConnection->query()
 6 APPPATH/Controllers/Etudiant/CalendarController.php(88): CodeIgniter\Database\BaseBuilder->get()
 7 APPPATH/Controllers/Etudiant/CalendarController.php(61): App\Controllers\Etudiant\CalendarController->getInfoAnnee()
 8 SYSTEMPATH/CodeIgniter.php(951): App\Controllers\Etudiant\CalendarController->index()
 9 SYSTEMPATH/CodeIgniter.php(497): CodeIgniter\CodeIgniter->runController()
10 SYSTEMPATH/CodeIgniter.php(340): CodeIgniter\CodeIgniter->handleRequest()
11 SYSTEMPATH/Boot.php(417): CodeIgniter\CodeIgniter->run()
12 SYSTEMPATH/Boot.php(68): CodeIgniter\Boot::runCodeIgniter()
13 FCPATH/index.php(59): CodeIgniter\Boot::bootWeb()
ERROR - 2026-05-26 07:28:39 --> pg_query(): Query failed: ERROR:  missing FROM-clause entry for table &quot;date_debut AND p&quot;
LINE 1: ...&quot; as &quot;periode&quot;, &quot;p&quot;.&quot;date_debut&quot;, &quot;p&quot;.&quot;date_fin&quot;, &quot;CASE WHEN...
                                                             ^
in SYSTEMPATH/Database/Postgre/Connection.php on line 200.
 1 SYSTEMPATH/Database/BaseConnection.php(910): CodeIgniter\Database\Postgre\Connection->execute()
 2 SYSTEMPATH/Database/BaseConnection.php(827): CodeIgniter\Database\BaseConnection->simpleQuery()
 3 SYSTEMPATH/Database/BaseBuilder.php(1649): CodeIgniter\Database\BaseConnection->query()
 4 APPPATH/Controllers/Etudiant/CalendarController.php(88): CodeIgniter\Database\BaseBuilder->get()
 5 APPPATH/Controllers/Etudiant/CalendarController.php(61): App\Controllers\Etudiant\CalendarController->getInfoAnnee()
 6 SYSTEMPATH/CodeIgniter.php(951): App\Controllers\Etudiant\CalendarController->index()
 7 SYSTEMPATH/CodeIgniter.php(497): CodeIgniter\CodeIgniter->runController()
 8 SYSTEMPATH/CodeIgniter.php(340): CodeIgniter\CodeIgniter->handleRequest()
 9 SYSTEMPATH/Boot.php(417): CodeIgniter\CodeIgniter->run()
10 SYSTEMPATH/Boot.php(68): CodeIgniter\Boot::runCodeIgniter()
11 FCPATH/index.php(59): CodeIgniter\Boot::bootWeb()
CRITICAL - 2026-05-26 07:28:39 --> CodeIgniter\Database\Exceptions\DatabaseException: pg_query(): Query failed: ERROR:  missing FROM-clause entry for table &quot;date_debut AND p&quot;
LINE 1: ...&quot; as &quot;periode&quot;, &quot;p&quot;.&quot;date_debut&quot;, &quot;p&quot;.&quot;date_fin&quot;, &quot;CASE WHEN...
                                                             ^
[Method: GET, Route: etudiant/calendar]
in SYSTEMPATH/Database/BaseConnection.php on line 865.
 1 SYSTEMPATH/Database/BaseBuilder.php(1649): CodeIgniter\Database\BaseConnection->query()
 2 APPPATH/Controllers/Etudiant/CalendarController.php(88): CodeIgniter\Database\BaseBuilder->get()
 3 APPPATH/Controllers/Etudiant/CalendarController.php(61): App\Controllers\Etudiant\CalendarController->getInfoAnnee()
 4 SYSTEMPATH/CodeIgniter.php(951): App\Controllers\Etudiant\CalendarController->index()
 5 SYSTEMPATH/CodeIgniter.php(497): CodeIgniter\CodeIgniter->runController()
 6 SYSTEMPATH/CodeIgniter.php(340): CodeIgniter\CodeIgniter->handleRequest()
 7 SYSTEMPATH/Boot.php(417): CodeIgniter\CodeIgniter->run()
 8 SYSTEMPATH/Boot.php(68): CodeIgniter\Boot::runCodeIgniter()
 9 FCPATH/index.php(59): CodeIgniter\Boot::bootWeb()
CRITICAL - 2026-05-26 07:28:39 --> [Caused by] CodeIgniter\Database\Exceptions\DatabaseException: pg_query(): Query failed: ERROR:  missing FROM-clause entry for table &quot;date_debut AND p&quot;
LINE 1: ...&quot; as &quot;periode&quot;, &quot;p&quot;.&quot;date_debut&quot;, &quot;p&quot;.&quot;date_fin&quot;, &quot;CASE WHEN...
                                                             ^
in SYSTEMPATH/Database/Postgre/Connection.php on line 212.
 1 SYSTEMPATH/Database/BaseConnection.php(910): CodeIgniter\Database\Postgre\Connection->execute()
 2 SYSTEMPATH/Database/BaseConnection.php(827): CodeIgniter\Database\BaseConnection->simpleQuery()
 3 SYSTEMPATH/Database/BaseBuilder.php(1649): CodeIgniter\Database\BaseConnection->query()
 4 APPPATH/Controllers/Etudiant/CalendarController.php(88): CodeIgniter\Database\BaseBuilder->get()
 5 APPPATH/Controllers/Etudiant/CalendarController.php(61): App\Controllers\Etudiant\CalendarController->getInfoAnnee()
 6 SYSTEMPATH/CodeIgniter.php(951): App\Controllers\Etudiant\CalendarController->index()
 7 SYSTEMPATH/CodeIgniter.php(497): CodeIgniter\CodeIgniter->runController()
 8 SYSTEMPATH/CodeIgniter.php(340): CodeIgniter\CodeIgniter->handleRequest()
 9 SYSTEMPATH/Boot.php(417): CodeIgniter\CodeIgniter->run()
10 SYSTEMPATH/Boot.php(68): CodeIgniter\Boot::runCodeIgniter()
11 FCPATH/index.php(59): CodeIgniter\Boot::bootWeb()
CRITICAL - 2026-05-26 07:28:39 --> [Caused by] ErrorException: pg_query(): Query failed: ERROR:  missing FROM-clause entry for table &quot;date_debut AND p&quot;
LINE 1: ...&quot; as &quot;periode&quot;, &quot;p&quot;.&quot;date_debut&quot;, &quot;p&quot;.&quot;date_fin&quot;, &quot;CASE WHEN...
                                                             ^
in SYSTEMPATH/Database/Postgre/Connection.php on line 200.
 1 [internal function]: CodeIgniter\Debug\Exceptions->errorHandler()
 2 SYSTEMPATH/Database/Postgre/Connection.php(200): pg_query()
 3 SYSTEMPATH/Database/BaseConnection.php(910): CodeIgniter\Database\Postgre\Connection->execute()
 4 SYSTEMPATH/Database/BaseConnection.php(827): CodeIgniter\Database\BaseConnection->simpleQuery()
 5 SYSTEMPATH/Database/BaseBuilder.php(1649): CodeIgniter\Database\BaseConnection->query()
 6 APPPATH/Controllers/Etudiant/CalendarController.php(88): CodeIgniter\Database\BaseBuilder->get()
 7 APPPATH/Controllers/Etudiant/CalendarController.php(61): App\Controllers\Etudiant\CalendarController->getInfoAnnee()
 8 SYSTEMPATH/CodeIgniter.php(951): App\Controllers\Etudiant\CalendarController->index()
 9 SYSTEMPATH/CodeIgniter.php(497): CodeIgniter\CodeIgniter->runController()
10 SYSTEMPATH/CodeIgniter.php(340): CodeIgniter\CodeIgniter->handleRequest()
11 SYSTEMPATH/Boot.php(417): CodeIgniter\CodeIgniter->run()
12 SYSTEMPATH/Boot.php(68): CodeIgniter\Boot::runCodeIgniter()
13 FCPATH/index.php(59): CodeIgniter\Boot::bootWeb()
ERROR - 2026-05-26 07:28:39 --> pg_query(): Query failed: ERROR:  missing FROM-clause entry for table &quot;date_debut AND p&quot;
LINE 1: ...&quot; as &quot;periode&quot;, &quot;p&quot;.&quot;date_debut&quot;, &quot;p&quot;.&quot;date_fin&quot;, &quot;CASE WHEN...
                                                             ^
in SYSTEMPATH/Database/Postgre/Connection.php on line 200.
 1 SYSTEMPATH/Database/BaseConnection.php(910): CodeIgniter\Database\Postgre\Connection->execute()
 2 SYSTEMPATH/Database/BaseConnection.php(827): CodeIgniter\Database\BaseConnection->simpleQuery()
 3 SYSTEMPATH/Database/BaseBuilder.php(1649): CodeIgniter\Database\BaseConnection->query()
 4 APPPATH/Controllers/Etudiant/CalendarController.php(88): CodeIgniter\Database\BaseBuilder->get()
 5 APPPATH/Controllers/Etudiant/CalendarController.php(61): App\Controllers\Etudiant\CalendarController->getInfoAnnee()
 6 SYSTEMPATH/CodeIgniter.php(951): App\Controllers\Etudiant\CalendarController->index()
 7 SYSTEMPATH/CodeIgniter.php(497): CodeIgniter\CodeIgniter->runController()
 8 SYSTEMPATH/CodeIgniter.php(340): CodeIgniter\CodeIgniter->handleRequest()
 9 SYSTEMPATH/Boot.php(417): CodeIgniter\CodeIgniter->run()
10 SYSTEMPATH/Boot.php(68): CodeIgniter\Boot::runCodeIgniter()
11 FCPATH/index.php(59): CodeIgniter\Boot::bootWeb()
CRITICAL - 2026-05-26 07:28:39 --> CodeIgniter\Database\Exceptions\DatabaseException: pg_query(): Query failed: ERROR:  missing FROM-clause entry for table &quot;date_debut AND p&quot;
LINE 1: ...&quot; as &quot;periode&quot;, &quot;p&quot;.&quot;date_debut&quot;, &quot;p&quot;.&quot;date_fin&quot;, &quot;CASE WHEN...
                                                             ^
[Method: GET, Route: etudiant/calendar]
in SYSTEMPATH/Database/BaseConnection.php on line 865.
 1 SYSTEMPATH/Database/BaseBuilder.php(1649): CodeIgniter\Database\BaseConnection->query()
 2 APPPATH/Controllers/Etudiant/CalendarController.php(88): CodeIgniter\Database\BaseBuilder->get()
 3 APPPATH/Controllers/Etudiant/CalendarController.php(61): App\Controllers\Etudiant\CalendarController->getInfoAnnee()
 4 SYSTEMPATH/CodeIgniter.php(951): App\Controllers\Etudiant\CalendarController->index()
 5 SYSTEMPATH/CodeIgniter.php(497): CodeIgniter\CodeIgniter->runController()
 6 SYSTEMPATH/CodeIgniter.php(340): CodeIgniter\CodeIgniter->handleRequest()
 7 SYSTEMPATH/Boot.php(417): CodeIgniter\CodeIgniter->run()
 8 SYSTEMPATH/Boot.php(68): CodeIgniter\Boot::runCodeIgniter()
 9 FCPATH/index.php(59): CodeIgniter\Boot::bootWeb()
CRITICAL - 2026-05-26 07:28:39 --> [Caused by] CodeIgniter\Database\Exceptions\DatabaseException: pg_query(): Query failed: ERROR:  missing FROM-clause entry for table &quot;date_debut AND p&quot;
LINE 1: ...&quot; as &quot;periode&quot;, &quot;p&quot;.&quot;date_debut&quot;, &quot;p&quot;.&quot;date_fin&quot;, &quot;CASE WHEN...
                                                             ^
in SYSTEMPATH/Database/Postgre/Connection.php on line 212.
 1 SYSTEMPATH/Database/BaseConnection.php(910): CodeIgniter\Database\Postgre\Connection->execute()
 2 SYSTEMPATH/Database/BaseConnection.php(827): CodeIgniter\Database\BaseConnection->simpleQuery()
 3 SYSTEMPATH/Database/BaseBuilder.php(1649): CodeIgniter\Database\BaseConnection->query()
 4 APPPATH/Controllers/Etudiant/CalendarController.php(88): CodeIgniter\Database\BaseBuilder->get()
 5 APPPATH/Controllers/Etudiant/CalendarController.php(61): App\Controllers\Etudiant\CalendarController->getInfoAnnee()
 6 SYSTEMPATH/CodeIgniter.php(951): App\Controllers\Etudiant\CalendarController->index()
 7 SYSTEMPATH/CodeIgniter.php(497): CodeIgniter\CodeIgniter->runController()
 8 SYSTEMPATH/CodeIgniter.php(340): CodeIgniter\CodeIgniter->handleRequest()
 9 SYSTEMPATH/Boot.php(417): CodeIgniter\CodeIgniter->run()
10 SYSTEMPATH/Boot.php(68): CodeIgniter\Boot::runCodeIgniter()
11 FCPATH/index.php(59): CodeIgniter\Boot::bootWeb()
CRITICAL - 2026-05-26 07:28:39 --> [Caused by] ErrorException: pg_query(): Query failed: ERROR:  missing FROM-clause entry for table &quot;date_debut AND p&quot;
LINE 1: ...&quot; as &quot;periode&quot;, &quot;p&quot;.&quot;date_debut&quot;, &quot;p&quot;.&quot;date_fin&quot;, &quot;CASE WHEN...
                                                             ^
in SYSTEMPATH/Database/Postgre/Connection.php on line 200.
 1 [internal function]: CodeIgniter\Debug\Exceptions->errorHandler()
 2 SYSTEMPATH/Database/Postgre/Connection.php(200): pg_query()
 3 SYSTEMPATH/Database/BaseConnection.php(910): CodeIgniter\Database\Postgre\Connection->execute()
 4 SYSTEMPATH/Database/BaseConnection.php(827): CodeIgniter\Database\BaseConnection->simpleQuery()
 5 SYSTEMPATH/Database/BaseBuilder.php(1649): CodeIgniter\Database\BaseConnection->query()
 6 APPPATH/Controllers/Etudiant/CalendarController.php(88): CodeIgniter\Database\BaseBuilder->get()
 7 APPPATH/Controllers/Etudiant/CalendarController.php(61): App\Controllers\Etudiant\CalendarController->getInfoAnnee()
 8 SYSTEMPATH/CodeIgniter.php(951): App\Controllers\Etudiant\CalendarController->index()
 9 SYSTEMPATH/CodeIgniter.php(497): CodeIgniter\CodeIgniter->runController()
10 SYSTEMPATH/CodeIgniter.php(340): CodeIgniter\CodeIgniter->handleRequest()
11 SYSTEMPATH/Boot.php(417): CodeIgniter\CodeIgniter->run()
12 SYSTEMPATH/Boot.php(68): CodeIgniter\Boot::runCodeIgniter()
13 FCPATH/index.php(59): CodeIgniter\Boot::bootWeb()
CRITICAL - 2026-05-26 07:44:56 --> ErrorException: Undefined array key 0
[Method: GET, Route: etudiant/notes]
in APPPATH/Views/etudiant/note.php on line 55.
 1 APPPATH/Views/etudiant/note.php(55): CodeIgniter\Debug\Exceptions->errorHandler()
 2 SYSTEMPATH/View/View.php(240): include('/home/main/Documents/GitHub/SousGroupeEcole/app/Views/etudiant/note.php')
 3 SYSTEMPATH/View/View.php(243): CodeIgniter\View\View->CodeIgniter\View\{closure}()
 4 SYSTEMPATH/Common.php(1250): CodeIgniter\View\View->render()
 5 APPPATH/Controllers/Etudiant/NotesController.php(37): view()
 6 SYSTEMPATH/CodeIgniter.php(951): App\Controllers\Etudiant\NotesController->go_to_notes()
 7 SYSTEMPATH/CodeIgniter.php(497): CodeIgniter\CodeIgniter->runController()
 8 SYSTEMPATH/CodeIgniter.php(340): CodeIgniter\CodeIgniter->handleRequest()
 9 SYSTEMPATH/Boot.php(417): CodeIgniter\CodeIgniter->run()
10 SYSTEMPATH/Boot.php(68): CodeIgniter\Boot::runCodeIgniter()
11 FCPATH/index.php(59): CodeIgniter\Boot::bootWeb()
CRITICAL - 2026-05-26 07:44:56 --> ErrorException: Undefined array key 0
[Method: GET, Route: etudiant/notes]
in APPPATH/Views/etudiant/note.php on line 55.
 1 APPPATH/Views/etudiant/note.php(55): CodeIgniter\Debug\Exceptions->errorHandler()
 2 SYSTEMPATH/View/View.php(240): include('/home/main/Documents/GitHub/SousGroupeEcole/app/Views/etudiant/note.php')
 3 SYSTEMPATH/View/View.php(243): CodeIgniter\View\View->CodeIgniter\View\{closure}()
 4 SYSTEMPATH/Common.php(1250): CodeIgniter\View\View->render()
 5 APPPATH/Controllers/Etudiant/NotesController.php(37): view()
 6 SYSTEMPATH/CodeIgniter.php(951): App\Controllers\Etudiant\NotesController->go_to_notes()
 7 SYSTEMPATH/CodeIgniter.php(497): CodeIgniter\CodeIgniter->runController()
 8 SYSTEMPATH/CodeIgniter.php(340): CodeIgniter\CodeIgniter->handleRequest()
 9 SYSTEMPATH/Boot.php(417): CodeIgniter\CodeIgniter->run()
10 SYSTEMPATH/Boot.php(68): CodeIgniter\Boot::runCodeIgniter()
11 FCPATH/index.php(59): CodeIgniter\Boot::bootWeb()
CRITICAL - 2026-05-26 07:44:57 --> ErrorException: Undefined array key 0
[Method: GET, Route: etudiant/notes]
in APPPATH/Views/etudiant/note.php on line 55.
 1 APPPATH/Views/etudiant/note.php(55): CodeIgniter\Debug\Exceptions->errorHandler()
 2 SYSTEMPATH/View/View.php(240): include('/home/main/Documents/GitHub/SousGroupeEcole/app/Views/etudiant/note.php')
 3 SYSTEMPATH/View/View.php(243): CodeIgniter\View\View->CodeIgniter\View\{closure}()
 4 SYSTEMPATH/Common.php(1250): CodeIgniter\View\View->render()
 5 APPPATH/Controllers/Etudiant/NotesController.php(37): view()
 6 SYSTEMPATH/CodeIgniter.php(951): App\Controllers\Etudiant\NotesController->go_to_notes()
 7 SYSTEMPATH/CodeIgniter.php(497): CodeIgniter\CodeIgniter->runController()
 8 SYSTEMPATH/CodeIgniter.php(340): CodeIgniter\CodeIgniter->handleRequest()
 9 SYSTEMPATH/Boot.php(417): CodeIgniter\CodeIgniter->run()
10 SYSTEMPATH/Boot.php(68): CodeIgniter\Boot::runCodeIgniter()
11 FCPATH/index.php(59): CodeIgniter\Boot::bootWeb()
CRITICAL - 2026-05-26 07:44:57 --> ErrorException: Undefined array key 0
[Method: GET, Route: etudiant/notes]
in APPPATH/Views/etudiant/note.php on line 55.
 1 APPPATH/Views/etudiant/note.php(55): CodeIgniter\Debug\Exceptions->errorHandler()
 2 SYSTEMPATH/View/View.php(240): include('/home/main/Documents/GitHub/SousGroupeEcole/app/Views/etudiant/note.php')
 3 SYSTEMPATH/View/View.php(243): CodeIgniter\View\View->CodeIgniter\View\{closure}()
 4 SYSTEMPATH/Common.php(1250): CodeIgniter\View\View->render()
 5 APPPATH/Controllers/Etudiant/NotesController.php(37): view()
 6 SYSTEMPATH/CodeIgniter.php(951): App\Controllers\Etudiant\NotesController->go_to_notes()
 7 SYSTEMPATH/CodeIgniter.php(497): CodeIgniter\CodeIgniter->runController()
 8 SYSTEMPATH/CodeIgniter.php(340): CodeIgniter\CodeIgniter->handleRequest()
 9 SYSTEMPATH/Boot.php(417): CodeIgniter\CodeIgniter->run()
10 SYSTEMPATH/Boot.php(68): CodeIgniter\Boot::runCodeIgniter()
11 FCPATH/index.php(59): CodeIgniter\Boot::bootWeb()
CRITICAL - 2026-05-26 07:44:58 --> ErrorException: Undefined array key 0
[Method: GET, Route: etudiant/notes]
in APPPATH/Views/etudiant/note.php on line 55.
 1 APPPATH/Views/etudiant/note.php(55): CodeIgniter\Debug\Exceptions->errorHandler()
 2 SYSTEMPATH/View/View.php(240): include('/home/main/Documents/GitHub/SousGroupeEcole/app/Views/etudiant/note.php')
 3 SYSTEMPATH/View/View.php(243): CodeIgniter\View\View->CodeIgniter\View\{closure}()
 4 SYSTEMPATH/Common.php(1250): CodeIgniter\View\View->render()
 5 APPPATH/Controllers/Etudiant/NotesController.php(37): view()
 6 SYSTEMPATH/CodeIgniter.php(951): App\Controllers\Etudiant\NotesController->go_to_notes()
 7 SYSTEMPATH/CodeIgniter.php(497): CodeIgniter\CodeIgniter->runController()
 8 SYSTEMPATH/CodeIgniter.php(340): CodeIgniter\CodeIgniter->handleRequest()
 9 SYSTEMPATH/Boot.php(417): CodeIgniter\CodeIgniter->run()
10 SYSTEMPATH/Boot.php(68): CodeIgniter\Boot::runCodeIgniter()
11 FCPATH/index.php(59): CodeIgniter\Boot::bootWeb()
CRITICAL - 2026-05-26 07:44:58 --> ErrorException: Undefined array key 0
[Method: GET, Route: etudiant/notes]
in APPPATH/Views/etudiant/note.php on line 55.
 1 APPPATH/Views/etudiant/note.php(55): CodeIgniter\Debug\Exceptions->errorHandler()
 2 SYSTEMPATH/View/View.php(240): include('/home/main/Documents/GitHub/SousGroupeEcole/app/Views/etudiant/note.php')
 3 SYSTEMPATH/View/View.php(243): CodeIgniter\View\View->CodeIgniter\View\{closure}()
 4 SYSTEMPATH/Common.php(1250): CodeIgniter\View\View->render()
 5 APPPATH/Controllers/Etudiant/NotesController.php(37): view()
 6 SYSTEMPATH/CodeIgniter.php(951): App\Controllers\Etudiant\NotesController->go_to_notes()
 7 SYSTEMPATH/CodeIgniter.php(497): CodeIgniter\CodeIgniter->runController()
 8 SYSTEMPATH/CodeIgniter.php(340): CodeIgniter\CodeIgniter->handleRequest()
 9 SYSTEMPATH/Boot.php(417): CodeIgniter\CodeIgniter->run()
10 SYSTEMPATH/Boot.php(68): CodeIgniter\Boot::runCodeIgniter()
11 FCPATH/index.php(59): CodeIgniter\Boot::bootWeb()
CRITICAL - 2026-05-26 07:44:58 --> ErrorException: Undefined array key 0
[Method: GET, Route: etudiant/notes]
in APPPATH/Views/etudiant/note.php on line 55.
 1 APPPATH/Views/etudiant/note.php(55): CodeIgniter\Debug\Exceptions->errorHandler()
 2 SYSTEMPATH/View/View.php(240): include('/home/main/Documents/GitHub/SousGroupeEcole/app/Views/etudiant/note.php')
 3 SYSTEMPATH/View/View.php(243): CodeIgniter\View\View->CodeIgniter\View\{closure}()
 4 SYSTEMPATH/Common.php(1250): CodeIgniter\View\View->render()
 5 APPPATH/Controllers/Etudiant/NotesController.php(37): view()
 6 SYSTEMPATH/CodeIgniter.php(951): App\Controllers\Etudiant\NotesController->go_to_notes()
 7 SYSTEMPATH/CodeIgniter.php(497): CodeIgniter\CodeIgniter->runController()
 8 SYSTEMPATH/CodeIgniter.php(340): CodeIgniter\CodeIgniter->handleRequest()
 9 SYSTEMPATH/Boot.php(417): CodeIgniter\CodeIgniter->run()
10 SYSTEMPATH/Boot.php(68): CodeIgniter\Boot::runCodeIgniter()
11 FCPATH/index.php(59): CodeIgniter\Boot::bootWeb()
CRITICAL - 2026-05-26 07:44:58 --> ErrorException: Undefined array key 0
[Method: GET, Route: etudiant/notes]
in APPPATH/Views/etudiant/note.php on line 55.
 1 APPPATH/Views/etudiant/note.php(55): CodeIgniter\Debug\Exceptions->errorHandler()
 2 SYSTEMPATH/View/View.php(240): include('/home/main/Documents/GitHub/SousGroupeEcole/app/Views/etudiant/note.php')
 3 SYSTEMPATH/View/View.php(243): CodeIgniter\View\View->CodeIgniter\View\{closure}()
 4 SYSTEMPATH/Common.php(1250): CodeIgniter\View\View->render()
 5 APPPATH/Controllers/Etudiant/NotesController.php(37): view()
 6 SYSTEMPATH/CodeIgniter.php(951): App\Controllers\Etudiant\NotesController->go_to_notes()
 7 SYSTEMPATH/CodeIgniter.php(497): CodeIgniter\CodeIgniter->runController()
 8 SYSTEMPATH/CodeIgniter.php(340): CodeIgniter\CodeIgniter->handleRequest()
 9 SYSTEMPATH/Boot.php(417): CodeIgniter\CodeIgniter->run()
10 SYSTEMPATH/Boot.php(68): CodeIgniter\Boot::runCodeIgniter()
11 FCPATH/index.php(59): CodeIgniter\Boot::bootWeb()
CRITICAL - 2026-05-26 07:44:58 --> ErrorException: Undefined array key 0
[Method: GET, Route: etudiant/notes]
in APPPATH/Views/etudiant/note.php on line 55.
 1 APPPATH/Views/etudiant/note.php(55): CodeIgniter\Debug\Exceptions->errorHandler()
 2 SYSTEMPATH/View/View.php(240): include('/home/main/Documents/GitHub/SousGroupeEcole/app/Views/etudiant/note.php')
 3 SYSTEMPATH/View/View.php(243): CodeIgniter\View\View->CodeIgniter\View\{closure}()
 4 SYSTEMPATH/Common.php(1250): CodeIgniter\View\View->render()
 5 APPPATH/Controllers/Etudiant/NotesController.php(37): view()
 6 SYSTEMPATH/CodeIgniter.php(951): App\Controllers\Etudiant\NotesController->go_to_notes()
 7 SYSTEMPATH/CodeIgniter.php(497): CodeIgniter\CodeIgniter->runController()
 8 SYSTEMPATH/CodeIgniter.php(340): CodeIgniter\CodeIgniter->handleRequest()
 9 SYSTEMPATH/Boot.php(417): CodeIgniter\CodeIgniter->run()
10 SYSTEMPATH/Boot.php(68): CodeIgniter\Boot::runCodeIgniter()
11 FCPATH/index.php(59): CodeIgniter\Boot::bootWeb()
CRITICAL - 2026-05-26 07:44:58 --> ErrorException: Undefined array key 0
[Method: GET, Route: etudiant/notes]
in APPPATH/Views/etudiant/note.php on line 55.
 1 APPPATH/Views/etudiant/note.php(55): CodeIgniter\Debug\Exceptions->errorHandler()
 2 SYSTEMPATH/View/View.php(240): include('/home/main/Documents/GitHub/SousGroupeEcole/app/Views/etudiant/note.php')
 3 SYSTEMPATH/View/View.php(243): CodeIgniter\View\View->CodeIgniter\View\{closure}()
 4 SYSTEMPATH/Common.php(1250): CodeIgniter\View\View->render()
 5 APPPATH/Controllers/Etudiant/NotesController.php(37): view()
 6 SYSTEMPATH/CodeIgniter.php(951): App\Controllers\Etudiant\NotesController->go_to_notes()
 7 SYSTEMPATH/CodeIgniter.php(497): CodeIgniter\CodeIgniter->runController()
 8 SYSTEMPATH/CodeIgniter.php(340): CodeIgniter\CodeIgniter->handleRequest()
 9 SYSTEMPATH/Boot.php(417): CodeIgniter\CodeIgniter->run()
10 SYSTEMPATH/Boot.php(68): CodeIgniter\Boot::runCodeIgniter()
11 FCPATH/index.php(59): CodeIgniter\Boot::bootWeb()
CRITICAL - 2026-05-26 07:44:58 --> ErrorException: Undefined array key 0
[Method: GET, Route: etudiant/notes]
in APPPATH/Views/etudiant/note.php on line 55.
 1 APPPATH/Views/etudiant/note.php(55): CodeIgniter\Debug\Exceptions->errorHandler()
 2 SYSTEMPATH/View/View.php(240): include('/home/main/Documents/GitHub/SousGroupeEcole/app/Views/etudiant/note.php')
 3 SYSTEMPATH/View/View.php(243): CodeIgniter\View\View->CodeIgniter\View\{closure}()
 4 SYSTEMPATH/Common.php(1250): CodeIgniter\View\View->render()
 5 APPPATH/Controllers/Etudiant/NotesController.php(37): view()
 6 SYSTEMPATH/CodeIgniter.php(951): App\Controllers\Etudiant\NotesController->go_to_notes()
 7 SYSTEMPATH/CodeIgniter.php(497): CodeIgniter\CodeIgniter->runController()
 8 SYSTEMPATH/CodeIgniter.php(340): CodeIgniter\CodeIgniter->handleRequest()
 9 SYSTEMPATH/Boot.php(417): CodeIgniter\CodeIgniter->run()
10 SYSTEMPATH/Boot.php(68): CodeIgniter\Boot::runCodeIgniter()
11 FCPATH/index.php(59): CodeIgniter\Boot::bootWeb()
CRITICAL - 2026-05-26 07:44:59 --> ErrorException: Undefined array key 0
[Method: GET, Route: etudiant/notes]
in APPPATH/Views/etudiant/note.php on line 55.
 1 APPPATH/Views/etudiant/note.php(55): CodeIgniter\Debug\Exceptions->errorHandler()
 2 SYSTEMPATH/View/View.php(240): include('/home/main/Documents/GitHub/SousGroupeEcole/app/Views/etudiant/note.php')
 3 SYSTEMPATH/View/View.php(243): CodeIgniter\View\View->CodeIgniter\View\{closure}()
 4 SYSTEMPATH/Common.php(1250): CodeIgniter\View\View->render()
 5 APPPATH/Controllers/Etudiant/NotesController.php(37): view()
 6 SYSTEMPATH/CodeIgniter.php(951): App\Controllers\Etudiant\NotesController->go_to_notes()
 7 SYSTEMPATH/CodeIgniter.php(497): CodeIgniter\CodeIgniter->runController()
 8 SYSTEMPATH/CodeIgniter.php(340): CodeIgniter\CodeIgniter->handleRequest()
 9 SYSTEMPATH/Boot.php(417): CodeIgniter\CodeIgniter->run()
10 SYSTEMPATH/Boot.php(68): CodeIgniter\Boot::runCodeIgniter()
11 FCPATH/index.php(59): CodeIgniter\Boot::bootWeb()
CRITICAL - 2026-05-26 07:45:06 --> ErrorException: Undefined array key 0
[Method: GET, Route: etudiant/notes]
in APPPATH/Views/etudiant/note.php on line 55.
 1 APPPATH/Views/etudiant/note.php(55): CodeIgniter\Debug\Exceptions->errorHandler()
 2 SYSTEMPATH/View/View.php(240): include('/home/main/Documents/GitHub/SousGroupeEcole/app/Views/etudiant/note.php')
 3 SYSTEMPATH/View/View.php(243): CodeIgniter\View\View->CodeIgniter\View\{closure}()
 4 SYSTEMPATH/Common.php(1250): CodeIgniter\View\View->render()
 5 APPPATH/Controllers/Etudiant/NotesController.php(37): view()
 6 SYSTEMPATH/CodeIgniter.php(951): App\Controllers\Etudiant\NotesController->go_to_notes()
 7 SYSTEMPATH/CodeIgniter.php(497): CodeIgniter\CodeIgniter->runController()
 8 SYSTEMPATH/CodeIgniter.php(340): CodeIgniter\CodeIgniter->handleRequest()
 9 SYSTEMPATH/Boot.php(417): CodeIgniter\CodeIgniter->run()
10 SYSTEMPATH/Boot.php(68): CodeIgniter\Boot::runCodeIgniter()
11 FCPATH/index.php(59): CodeIgniter\Boot::bootWeb()
CRITICAL - 2026-05-26 07:45:28 --> ErrorException: Undefined array key 0
[Method: GET, Route: etudiant/notes]
in APPPATH/Views/etudiant/note.php on line 55.
 1 APPPATH/Views/etudiant/note.php(55): CodeIgniter\Debug\Exceptions->errorHandler()
 2 SYSTEMPATH/View/View.php(240): include('/home/main/Documents/GitHub/SousGroupeEcole/app/Views/etudiant/note.php')
 3 SYSTEMPATH/View/View.php(243): CodeIgniter\View\View->CodeIgniter\View\{closure}()
 4 SYSTEMPATH/Common.php(1250): CodeIgniter\View\View->render()
 5 APPPATH/Controllers/Etudiant/NotesController.php(37): view()
 6 SYSTEMPATH/CodeIgniter.php(951): App\Controllers\Etudiant\NotesController->go_to_notes()
 7 SYSTEMPATH/CodeIgniter.php(497): CodeIgniter\CodeIgniter->runController()
 8 SYSTEMPATH/CodeIgniter.php(340): CodeIgniter\CodeIgniter->handleRequest()
 9 SYSTEMPATH/Boot.php(417): CodeIgniter\CodeIgniter->run()
10 SYSTEMPATH/Boot.php(68): CodeIgniter\Boot::runCodeIgniter()
11 FCPATH/index.php(59): CodeIgniter\Boot::bootWeb()
CRITICAL - 2026-05-26 07:45:38 --> ErrorException: Undefined array key 0
[Method: GET, Route: etudiant/notes]
in APPPATH/Views/etudiant/note.php on line 55.
 1 APPPATH/Views/etudiant/note.php(55): CodeIgniter\Debug\Exceptions->errorHandler()
 2 SYSTEMPATH/View/View.php(240): include('/home/main/Documents/GitHub/SousGroupeEcole/app/Views/etudiant/note.php')
 3 SYSTEMPATH/View/View.php(243): CodeIgniter\View\View->CodeIgniter\View\{closure}()
 4 SYSTEMPATH/Common.php(1250): CodeIgniter\View\View->render()
 5 APPPATH/Controllers/Etudiant/NotesController.php(37): view()
 6 SYSTEMPATH/CodeIgniter.php(951): App\Controllers\Etudiant\NotesController->go_to_notes()
 7 SYSTEMPATH/CodeIgniter.php(497): CodeIgniter\CodeIgniter->runController()
 8 SYSTEMPATH/CodeIgniter.php(340): CodeIgniter\CodeIgniter->handleRequest()
 9 SYSTEMPATH/Boot.php(417): CodeIgniter\CodeIgniter->run()
10 SYSTEMPATH/Boot.php(68): CodeIgniter\Boot::runCodeIgniter()
11 FCPATH/index.php(59): CodeIgniter\Boot::bootWeb()
CRITICAL - 2026-05-26 07:46:43 --> ErrorException: Undefined array key 0
[Method: GET, Route: etudiant/notes]
in APPPATH/Views/etudiant/note.php on line 55.
 1 APPPATH/Views/etudiant/note.php(55): CodeIgniter\Debug\Exceptions->errorHandler()
 2 SYSTEMPATH/View/View.php(240): include('/home/main/Documents/GitHub/SousGroupeEcole/app/Views/etudiant/note.php')
 3 SYSTEMPATH/View/View.php(243): CodeIgniter\View\View->CodeIgniter\View\{closure}()
 4 SYSTEMPATH/Common.php(1250): CodeIgniter\View\View->render()
 5 APPPATH/Controllers/Etudiant/NotesController.php(37): view()
 6 SYSTEMPATH/CodeIgniter.php(951): App\Controllers\Etudiant\NotesController->go_to_notes()
 7 SYSTEMPATH/CodeIgniter.php(497): CodeIgniter\CodeIgniter->runController()
 8 SYSTEMPATH/CodeIgniter.php(340): CodeIgniter\CodeIgniter->handleRequest()
 9 SYSTEMPATH/Boot.php(417): CodeIgniter\CodeIgniter->run()
10 SYSTEMPATH/Boot.php(68): CodeIgniter\Boot::runCodeIgniter()
11 FCPATH/index.php(59): CodeIgniter\Boot::bootWeb()
CRITICAL - 2026-05-26 07:46:44 --> ErrorException: Undefined array key 0
[Method: GET, Route: etudiant/notes]
in APPPATH/Views/etudiant/note.php on line 55.
 1 APPPATH/Views/etudiant/note.php(55): CodeIgniter\Debug\Exceptions->errorHandler()
 2 SYSTEMPATH/View/View.php(240): include('/home/main/Documents/GitHub/SousGroupeEcole/app/Views/etudiant/note.php')
 3 SYSTEMPATH/View/View.php(243): CodeIgniter\View\View->CodeIgniter\View\{closure}()
 4 SYSTEMPATH/Common.php(1250): CodeIgniter\View\View->render()
 5 APPPATH/Controllers/Etudiant/NotesController.php(37): view()
 6 SYSTEMPATH/CodeIgniter.php(951): App\Controllers\Etudiant\NotesController->go_to_notes()
 7 SYSTEMPATH/CodeIgniter.php(497): CodeIgniter\CodeIgniter->runController()
 8 SYSTEMPATH/CodeIgniter.php(340): CodeIgniter\CodeIgniter->handleRequest()
 9 SYSTEMPATH/Boot.php(417): CodeIgniter\CodeIgniter->run()
10 SYSTEMPATH/Boot.php(68): CodeIgniter\Boot::runCodeIgniter()
11 FCPATH/index.php(59): CodeIgniter\Boot::bootWeb()
CRITICAL - 2026-05-26 07:46:44 --> ErrorException: Undefined array key 0
[Method: GET, Route: etudiant/notes]
in APPPATH/Views/etudiant/note.php on line 55.
 1 APPPATH/Views/etudiant/note.php(55): CodeIgniter\Debug\Exceptions->errorHandler()
 2 SYSTEMPATH/View/View.php(240): include('/home/main/Documents/GitHub/SousGroupeEcole/app/Views/etudiant/note.php')
 3 SYSTEMPATH/View/View.php(243): CodeIgniter\View\View->CodeIgniter\View\{closure}()
 4 SYSTEMPATH/Common.php(1250): CodeIgniter\View\View->render()
 5 APPPATH/Controllers/Etudiant/NotesController.php(37): view()
 6 SYSTEMPATH/CodeIgniter.php(951): App\Controllers\Etudiant\NotesController->go_to_notes()
 7 SYSTEMPATH/CodeIgniter.php(497): CodeIgniter\CodeIgniter->runController()
 8 SYSTEMPATH/CodeIgniter.php(340): CodeIgniter\CodeIgniter->handleRequest()
 9 SYSTEMPATH/Boot.php(417): CodeIgniter\CodeIgniter->run()
10 SYSTEMPATH/Boot.php(68): CodeIgniter\Boot::runCodeIgniter()
11 FCPATH/index.php(59): CodeIgniter\Boot::bootWeb()
CRITICAL - 2026-05-26 07:46:44 --> ErrorException: Undefined array key 0
[Method: GET, Route: etudiant/notes]
in APPPATH/Views/etudiant/note.php on line 55.
 1 APPPATH/Views/etudiant/note.php(55): CodeIgniter\Debug\Exceptions->errorHandler()
 2 SYSTEMPATH/View/View.php(240): include('/home/main/Documents/GitHub/SousGroupeEcole/app/Views/etudiant/note.php')
 3 SYSTEMPATH/View/View.php(243): CodeIgniter\View\View->CodeIgniter\View\{closure}()
 4 SYSTEMPATH/Common.php(1250): CodeIgniter\View\View->render()
 5 APPPATH/Controllers/Etudiant/NotesController.php(37): view()
 6 SYSTEMPATH/CodeIgniter.php(951): App\Controllers\Etudiant\NotesController->go_to_notes()
 7 SYSTEMPATH/CodeIgniter.php(497): CodeIgniter\CodeIgniter->runController()
 8 SYSTEMPATH/CodeIgniter.php(340): CodeIgniter\CodeIgniter->handleRequest()
 9 SYSTEMPATH/Boot.php(417): CodeIgniter\CodeIgniter->run()
10 SYSTEMPATH/Boot.php(68): CodeIgniter\Boot::runCodeIgniter()
11 FCPATH/index.php(59): CodeIgniter\Boot::bootWeb()
CRITICAL - 2026-05-26 07:46:59 --> ErrorException: Undefined array key 0
[Method: GET, Route: etudiant/notes]
in APPPATH/Views/etudiant/note.php on line 55.
 1 APPPATH/Views/etudiant/note.php(55): CodeIgniter\Debug\Exceptions->errorHandler()
 2 SYSTEMPATH/View/View.php(240): include('/home/main/Documents/GitHub/SousGroupeEcole/app/Views/etudiant/note.php')
 3 SYSTEMPATH/View/View.php(243): CodeIgniter\View\View->CodeIgniter\View\{closure}()
 4 SYSTEMPATH/Common.php(1250): CodeIgniter\View\View->render()
 5 APPPATH/Controllers/Etudiant/NotesController.php(37): view()
 6 SYSTEMPATH/CodeIgniter.php(951): App\Controllers\Etudiant\NotesController->go_to_notes()
 7 SYSTEMPATH/CodeIgniter.php(497): CodeIgniter\CodeIgniter->runController()
 8 SYSTEMPATH/CodeIgniter.php(340): CodeIgniter\CodeIgniter->handleRequest()
 9 SYSTEMPATH/Boot.php(417): CodeIgniter\CodeIgniter->run()
10 SYSTEMPATH/Boot.php(68): CodeIgniter\Boot::runCodeIgniter()
11 FCPATH/index.php(59): CodeIgniter\Boot::bootWeb()
CRITICAL - 2026-05-26 07:46:59 --> ErrorException: Undefined array key 0
[Method: GET, Route: etudiant/notes]
in APPPATH/Views/etudiant/note.php on line 55.
 1 APPPATH/Views/etudiant/note.php(55): CodeIgniter\Debug\Exceptions->errorHandler()
 2 SYSTEMPATH/View/View.php(240): include('/home/main/Documents/GitHub/SousGroupeEcole/app/Views/etudiant/note.php')
 3 SYSTEMPATH/View/View.php(243): CodeIgniter\View\View->CodeIgniter\View\{closure}()
 4 SYSTEMPATH/Common.php(1250): CodeIgniter\View\View->render()
 5 APPPATH/Controllers/Etudiant/NotesController.php(37): view()
 6 SYSTEMPATH/CodeIgniter.php(951): App\Controllers\Etudiant\NotesController->go_to_notes()
 7 SYSTEMPATH/CodeIgniter.php(497): CodeIgniter\CodeIgniter->runController()
 8 SYSTEMPATH/CodeIgniter.php(340): CodeIgniter\CodeIgniter->handleRequest()
 9 SYSTEMPATH/Boot.php(417): CodeIgniter\CodeIgniter->run()
10 SYSTEMPATH/Boot.php(68): CodeIgniter\Boot::runCodeIgniter()
11 FCPATH/index.php(59): CodeIgniter\Boot::bootWeb()
CRITICAL - 2026-05-26 07:47:07 --> ErrorException: Undefined array key 0
[Method: GET, Route: etudiant/notes]
in APPPATH/Views/etudiant/note.php on line 55.
 1 APPPATH/Views/etudiant/note.php(55): CodeIgniter\Debug\Exceptions->errorHandler()
 2 SYSTEMPATH/View/View.php(240): include('/home/main/Documents/GitHub/SousGroupeEcole/app/Views/etudiant/note.php')
 3 SYSTEMPATH/View/View.php(243): CodeIgniter\View\View->CodeIgniter\View\{closure}()
 4 SYSTEMPATH/Common.php(1250): CodeIgniter\View\View->render()
 5 APPPATH/Controllers/Etudiant/NotesController.php(37): view()
 6 SYSTEMPATH/CodeIgniter.php(951): App\Controllers\Etudiant\NotesController->go_to_notes()
 7 SYSTEMPATH/CodeIgniter.php(497): CodeIgniter\CodeIgniter->runController()
 8 SYSTEMPATH/CodeIgniter.php(340): CodeIgniter\CodeIgniter->handleRequest()
 9 SYSTEMPATH/Boot.php(417): CodeIgniter\CodeIgniter->run()
10 SYSTEMPATH/Boot.php(68): CodeIgniter\Boot::runCodeIgniter()
11 FCPATH/index.php(59): CodeIgniter\Boot::bootWeb()
CRITICAL - 2026-05-26 07:47:07 --> ErrorException: Undefined array key 0
[Method: GET, Route: etudiant/notes]
in APPPATH/Views/etudiant/note.php on line 55.
 1 APPPATH/Views/etudiant/note.php(55): CodeIgniter\Debug\Exceptions->errorHandler()
 2 SYSTEMPATH/View/View.php(240): include('/home/main/Documents/GitHub/SousGroupeEcole/app/Views/etudiant/note.php')
 3 SYSTEMPATH/View/View.php(243): CodeIgniter\View\View->CodeIgniter\View\{closure}()
 4 SYSTEMPATH/Common.php(1250): CodeIgniter\View\View->render()
 5 APPPATH/Controllers/Etudiant/NotesController.php(37): view()
 6 SYSTEMPATH/CodeIgniter.php(951): App\Controllers\Etudiant\NotesController->go_to_notes()
 7 SYSTEMPATH/CodeIgniter.php(497): CodeIgniter\CodeIgniter->runController()
 8 SYSTEMPATH/CodeIgniter.php(340): CodeIgniter\CodeIgniter->handleRequest()
 9 SYSTEMPATH/Boot.php(417): CodeIgniter\CodeIgniter->run()
10 SYSTEMPATH/Boot.php(68): CodeIgniter\Boot::runCodeIgniter()
11 FCPATH/index.php(59): CodeIgniter\Boot::bootWeb()
CRITICAL - 2026-05-26 07:47:08 --> ErrorException: Undefined array key 0
[Method: GET, Route: etudiant/notes]
in APPPATH/Views/etudiant/note.php on line 55.
 1 APPPATH/Views/etudiant/note.php(55): CodeIgniter\Debug\Exceptions->errorHandler()
 2 SYSTEMPATH/View/View.php(240): include('/home/main/Documents/GitHub/SousGroupeEcole/app/Views/etudiant/note.php')
 3 SYSTEMPATH/View/View.php(243): CodeIgniter\View\View->CodeIgniter\View\{closure}()
 4 SYSTEMPATH/Common.php(1250): CodeIgniter\View\View->render()
 5 APPPATH/Controllers/Etudiant/NotesController.php(37): view()
 6 SYSTEMPATH/CodeIgniter.php(951): App\Controllers\Etudiant\NotesController->go_to_notes()
 7 SYSTEMPATH/CodeIgniter.php(497): CodeIgniter\CodeIgniter->runController()
 8 SYSTEMPATH/CodeIgniter.php(340): CodeIgniter\CodeIgniter->handleRequest()
 9 SYSTEMPATH/Boot.php(417): CodeIgniter\CodeIgniter->run()
10 SYSTEMPATH/Boot.php(68): CodeIgniter\Boot::runCodeIgniter()
11 FCPATH/index.php(59): CodeIgniter\Boot::bootWeb()
CRITICAL - 2026-05-26 07:47:08 --> ErrorException: Undefined array key 0
[Method: GET, Route: etudiant/notes]
in APPPATH/Views/etudiant/note.php on line 55.
 1 APPPATH/Views/etudiant/note.php(55): CodeIgniter\Debug\Exceptions->errorHandler()
 2 SYSTEMPATH/View/View.php(240): include('/home/main/Documents/GitHub/SousGroupeEcole/app/Views/etudiant/note.php')
 3 SYSTEMPATH/View/View.php(243): CodeIgniter\View\View->CodeIgniter\View\{closure}()
 4 SYSTEMPATH/Common.php(1250): CodeIgniter\View\View->render()
 5 APPPATH/Controllers/Etudiant/NotesController.php(37): view()
 6 SYSTEMPATH/CodeIgniter.php(951): App\Controllers\Etudiant\NotesController->go_to_notes()
 7 SYSTEMPATH/CodeIgniter.php(497): CodeIgniter\CodeIgniter->runController()
 8 SYSTEMPATH/CodeIgniter.php(340): CodeIgniter\CodeIgniter->handleRequest()
 9 SYSTEMPATH/Boot.php(417): CodeIgniter\CodeIgniter->run()
10 SYSTEMPATH/Boot.php(68): CodeIgniter\Boot::runCodeIgniter()
11 FCPATH/index.php(59): CodeIgniter\Boot::bootWeb()
CRITICAL - 2026-05-26 07:47:08 --> ErrorException: Undefined array key 0
[Method: GET, Route: etudiant/notes]
in APPPATH/Views/etudiant/note.php on line 55.
 1 APPPATH/Views/etudiant/note.php(55): CodeIgniter\Debug\Exceptions->errorHandler()
 2 SYSTEMPATH/View/View.php(240): include('/home/main/Documents/GitHub/SousGroupeEcole/app/Views/etudiant/note.php')
 3 SYSTEMPATH/View/View.php(243): CodeIgniter\View\View->CodeIgniter\View\{closure}()
 4 SYSTEMPATH/Common.php(1250): CodeIgniter\View\View->render()
 5 APPPATH/Controllers/Etudiant/NotesController.php(37): view()
 6 SYSTEMPATH/CodeIgniter.php(951): App\Controllers\Etudiant\NotesController->go_to_notes()
 7 SYSTEMPATH/CodeIgniter.php(497): CodeIgniter\CodeIgniter->runController()
 8 SYSTEMPATH/CodeIgniter.php(340): CodeIgniter\CodeIgniter->handleRequest()
 9 SYSTEMPATH/Boot.php(417): CodeIgniter\CodeIgniter->run()
10 SYSTEMPATH/Boot.php(68): CodeIgniter\Boot::runCodeIgniter()
11 FCPATH/index.php(59): CodeIgniter\Boot::bootWeb()
CRITICAL - 2026-05-26 07:47:08 --> ErrorException: Undefined array key 0
[Method: GET, Route: etudiant/notes]
in APPPATH/Views/etudiant/note.php on line 55.
 1 APPPATH/Views/etudiant/note.php(55): CodeIgniter\Debug\Exceptions->errorHandler()
 2 SYSTEMPATH/View/View.php(240): include('/home/main/Documents/GitHub/SousGroupeEcole/app/Views/etudiant/note.php')
 3 SYSTEMPATH/View/View.php(243): CodeIgniter\View\View->CodeIgniter\View\{closure}()
 4 SYSTEMPATH/Common.php(1250): CodeIgniter\View\View->render()
 5 APPPATH/Controllers/Etudiant/NotesController.php(37): view()
 6 SYSTEMPATH/CodeIgniter.php(951): App\Controllers\Etudiant\NotesController->go_to_notes()
 7 SYSTEMPATH/CodeIgniter.php(497): CodeIgniter\CodeIgniter->runController()
 8 SYSTEMPATH/CodeIgniter.php(340): CodeIgniter\CodeIgniter->handleRequest()
 9 SYSTEMPATH/Boot.php(417): CodeIgniter\CodeIgniter->run()
10 SYSTEMPATH/Boot.php(68): CodeIgniter\Boot::runCodeIgniter()
11 FCPATH/index.php(59): CodeIgniter\Boot::bootWeb()
CRITICAL - 2026-05-26 07:47:08 --> ErrorException: Undefined array key 0
[Method: GET, Route: etudiant/notes]
in APPPATH/Views/etudiant/note.php on line 55.
 1 APPPATH/Views/etudiant/note.php(55): CodeIgniter\Debug\Exceptions->errorHandler()
 2 SYSTEMPATH/View/View.php(240): include('/home/main/Documents/GitHub/SousGroupeEcole/app/Views/etudiant/note.php')
 3 SYSTEMPATH/View/View.php(243): CodeIgniter\View\View->CodeIgniter\View\{closure}()
 4 SYSTEMPATH/Common.php(1250): CodeIgniter\View\View->render()
 5 APPPATH/Controllers/Etudiant/NotesController.php(37): view()
 6 SYSTEMPATH/CodeIgniter.php(951): App\Controllers\Etudiant\NotesController->go_to_notes()
 7 SYSTEMPATH/CodeIgniter.php(497): CodeIgniter\CodeIgniter->runController()
 8 SYSTEMPATH/CodeIgniter.php(340): CodeIgniter\CodeIgniter->handleRequest()
 9 SYSTEMPATH/Boot.php(417): CodeIgniter\CodeIgniter->run()
10 SYSTEMPATH/Boot.php(68): CodeIgniter\Boot::runCodeIgniter()
11 FCPATH/index.php(59): CodeIgniter\Boot::bootWeb()
CRITICAL - 2026-05-26 07:47:08 --> ErrorException: Undefined array key 0
[Method: GET, Route: etudiant/notes]
in APPPATH/Views/etudiant/note.php on line 55.
 1 APPPATH/Views/etudiant/note.php(55): CodeIgniter\Debug\Exceptions->errorHandler()
 2 SYSTEMPATH/View/View.php(240): include('/home/main/Documents/GitHub/SousGroupeEcole/app/Views/etudiant/note.php')
 3 SYSTEMPATH/View/View.php(243): CodeIgniter\View\View->CodeIgniter\View\{closure}()
 4 SYSTEMPATH/Common.php(1250): CodeIgniter\View\View->render()
 5 APPPATH/Controllers/Etudiant/NotesController.php(37): view()
 6 SYSTEMPATH/CodeIgniter.php(951): App\Controllers\Etudiant\NotesController->go_to_notes()
 7 SYSTEMPATH/CodeIgniter.php(497): CodeIgniter\CodeIgniter->runController()
 8 SYSTEMPATH/CodeIgniter.php(340): CodeIgniter\CodeIgniter->handleRequest()
 9 SYSTEMPATH/Boot.php(417): CodeIgniter\CodeIgniter->run()
10 SYSTEMPATH/Boot.php(68): CodeIgniter\Boot::runCodeIgniter()
11 FCPATH/index.php(59): CodeIgniter\Boot::bootWeb()
CRITICAL - 2026-05-26 07:47:08 --> ErrorException: Undefined array key 0
[Method: GET, Route: etudiant/notes]
in APPPATH/Views/etudiant/note.php on line 55.
 1 APPPATH/Views/etudiant/note.php(55): CodeIgniter\Debug\Exceptions->errorHandler()
 2 SYSTEMPATH/View/View.php(240): include('/home/main/Documents/GitHub/SousGroupeEcole/app/Views/etudiant/note.php')
 3 SYSTEMPATH/View/View.php(243): CodeIgniter\View\View->CodeIgniter\View\{closure}()
 4 SYSTEMPATH/Common.php(1250): CodeIgniter\View\View->render()
 5 APPPATH/Controllers/Etudiant/NotesController.php(37): view()
 6 SYSTEMPATH/CodeIgniter.php(951): App\Controllers\Etudiant\NotesController->go_to_notes()
 7 SYSTEMPATH/CodeIgniter.php(497): CodeIgniter\CodeIgniter->runController()
 8 SYSTEMPATH/CodeIgniter.php(340): CodeIgniter\CodeIgniter->handleRequest()
 9 SYSTEMPATH/Boot.php(417): CodeIgniter\CodeIgniter->run()
10 SYSTEMPATH/Boot.php(68): CodeIgniter\Boot::runCodeIgniter()
11 FCPATH/index.php(59): CodeIgniter\Boot::bootWeb()
CRITICAL - 2026-05-26 07:47:08 --> ErrorException: Undefined array key 0
[Method: GET, Route: etudiant/notes]
in APPPATH/Views/etudiant/note.php on line 55.
 1 APPPATH/Views/etudiant/note.php(55): CodeIgniter\Debug\Exceptions->errorHandler()
 2 SYSTEMPATH/View/View.php(240): include('/home/main/Documents/GitHub/SousGroupeEcole/app/Views/etudiant/note.php')
 3 SYSTEMPATH/View/View.php(243): CodeIgniter\View\View->CodeIgniter\View\{closure}()
 4 SYSTEMPATH/Common.php(1250): CodeIgniter\View\View->render()
 5 APPPATH/Controllers/Etudiant/NotesController.php(37): view()
 6 SYSTEMPATH/CodeIgniter.php(951): App\Controllers\Etudiant\NotesController->go_to_notes()
 7 SYSTEMPATH/CodeIgniter.php(497): CodeIgniter\CodeIgniter->runController()
 8 SYSTEMPATH/CodeIgniter.php(340): CodeIgniter\CodeIgniter->handleRequest()
 9 SYSTEMPATH/Boot.php(417): CodeIgniter\CodeIgniter->run()
10 SYSTEMPATH/Boot.php(68): CodeIgniter\Boot::runCodeIgniter()
11 FCPATH/index.php(59): CodeIgniter\Boot::bootWeb()
CRITICAL - 2026-05-26 07:47:08 --> ErrorException: Undefined array key 0
[Method: GET, Route: etudiant/notes]
in APPPATH/Views/etudiant/note.php on line 55.
 1 APPPATH/Views/etudiant/note.php(55): CodeIgniter\Debug\Exceptions->errorHandler()
 2 SYSTEMPATH/View/View.php(240): include('/home/main/Documents/GitHub/SousGroupeEcole/app/Views/etudiant/note.php')
 3 SYSTEMPATH/View/View.php(243): CodeIgniter\View\View->CodeIgniter\View\{closure}()
 4 SYSTEMPATH/Common.php(1250): CodeIgniter\View\View->render()
 5 APPPATH/Controllers/Etudiant/NotesController.php(37): view()
 6 SYSTEMPATH/CodeIgniter.php(951): App\Controllers\Etudiant\NotesController->go_to_notes()
 7 SYSTEMPATH/CodeIgniter.php(497): CodeIgniter\CodeIgniter->runController()
 8 SYSTEMPATH/CodeIgniter.php(340): CodeIgniter\CodeIgniter->handleRequest()
 9 SYSTEMPATH/Boot.php(417): CodeIgniter\CodeIgniter->run()
10 SYSTEMPATH/Boot.php(68): CodeIgniter\Boot::runCodeIgniter()
11 FCPATH/index.php(59): CodeIgniter\Boot::bootWeb()
CRITICAL - 2026-05-26 07:47:08 --> ErrorException: Undefined array key 0
[Method: GET, Route: etudiant/notes]
in APPPATH/Views/etudiant/note.php on line 55.
 1 APPPATH/Views/etudiant/note.php(55): CodeIgniter\Debug\Exceptions->errorHandler()
 2 SYSTEMPATH/View/View.php(240): include('/home/main/Documents/GitHub/SousGroupeEcole/app/Views/etudiant/note.php')
 3 SYSTEMPATH/View/View.php(243): CodeIgniter\View\View->CodeIgniter\View\{closure}()
 4 SYSTEMPATH/Common.php(1250): CodeIgniter\View\View->render()
 5 APPPATH/Controllers/Etudiant/NotesController.php(37): view()
 6 SYSTEMPATH/CodeIgniter.php(951): App\Controllers\Etudiant\NotesController->go_to_notes()
 7 SYSTEMPATH/CodeIgniter.php(497): CodeIgniter\CodeIgniter->runController()
 8 SYSTEMPATH/CodeIgniter.php(340): CodeIgniter\CodeIgniter->handleRequest()
 9 SYSTEMPATH/Boot.php(417): CodeIgniter\CodeIgniter->run()
10 SYSTEMPATH/Boot.php(68): CodeIgniter\Boot::runCodeIgniter()
11 FCPATH/index.php(59): CodeIgniter\Boot::bootWeb()
CRITICAL - 2026-05-26 07:47:08 --> ErrorException: Undefined array key 0
[Method: GET, Route: etudiant/notes]
in APPPATH/Views/etudiant/note.php on line 55.
 1 APPPATH/Views/etudiant/note.php(55): CodeIgniter\Debug\Exceptions->errorHandler()
 2 SYSTEMPATH/View/View.php(240): include('/home/main/Documents/GitHub/SousGroupeEcole/app/Views/etudiant/note.php')
 3 SYSTEMPATH/View/View.php(243): CodeIgniter\View\View->CodeIgniter\View\{closure}()
 4 SYSTEMPATH/Common.php(1250): CodeIgniter\View\View->render()
 5 APPPATH/Controllers/Etudiant/NotesController.php(37): view()
 6 SYSTEMPATH/CodeIgniter.php(951): App\Controllers\Etudiant\NotesController->go_to_notes()
 7 SYSTEMPATH/CodeIgniter.php(497): CodeIgniter\CodeIgniter->runController()
 8 SYSTEMPATH/CodeIgniter.php(340): CodeIgniter\CodeIgniter->handleRequest()
 9 SYSTEMPATH/Boot.php(417): CodeIgniter\CodeIgniter->run()
10 SYSTEMPATH/Boot.php(68): CodeIgniter\Boot::runCodeIgniter()
11 FCPATH/index.php(59): CodeIgniter\Boot::bootWeb()
CRITICAL - 2026-05-26 07:47:08 --> ErrorException: Undefined array key 0
[Method: GET, Route: etudiant/notes]
in APPPATH/Views/etudiant/note.php on line 55.
 1 APPPATH/Views/etudiant/note.php(55): CodeIgniter\Debug\Exceptions->errorHandler()
 2 SYSTEMPATH/View/View.php(240): include('/home/main/Documents/GitHub/SousGroupeEcole/app/Views/etudiant/note.php')
 3 SYSTEMPATH/View/View.php(243): CodeIgniter\View\View->CodeIgniter\View\{closure}()
 4 SYSTEMPATH/Common.php(1250): CodeIgniter\View\View->render()
 5 APPPATH/Controllers/Etudiant/NotesController.php(37): view()
 6 SYSTEMPATH/CodeIgniter.php(951): App\Controllers\Etudiant\NotesController->go_to_notes()
 7 SYSTEMPATH/CodeIgniter.php(497): CodeIgniter\CodeIgniter->runController()
 8 SYSTEMPATH/CodeIgniter.php(340): CodeIgniter\CodeIgniter->handleRequest()
 9 SYSTEMPATH/Boot.php(417): CodeIgniter\CodeIgniter->run()
10 SYSTEMPATH/Boot.php(68): CodeIgniter\Boot::runCodeIgniter()
11 FCPATH/index.php(59): CodeIgniter\Boot::bootWeb()
CRITICAL - 2026-05-26 07:47:08 --> ErrorException: Undefined array key 0
[Method: GET, Route: etudiant/notes]
in APPPATH/Views/etudiant/note.php on line 55.
 1 APPPATH/Views/etudiant/note.php(55): CodeIgniter\Debug\Exceptions->errorHandler()
 2 SYSTEMPATH/View/View.php(240): include('/home/main/Documents/GitHub/SousGroupeEcole/app/Views/etudiant/note.php')
 3 SYSTEMPATH/View/View.php(243): CodeIgniter\View\View->CodeIgniter\View\{closure}()
 4 SYSTEMPATH/Common.php(1250): CodeIgniter\View\View->render()
 5 APPPATH/Controllers/Etudiant/NotesController.php(37): view()
 6 SYSTEMPATH/CodeIgniter.php(951): App\Controllers\Etudiant\NotesController->go_to_notes()
 7 SYSTEMPATH/CodeIgniter.php(497): CodeIgniter\CodeIgniter->runController()
 8 SYSTEMPATH/CodeIgniter.php(340): CodeIgniter\CodeIgniter->handleRequest()
 9 SYSTEMPATH/Boot.php(417): CodeIgniter\CodeIgniter->run()
10 SYSTEMPATH/Boot.php(68): CodeIgniter\Boot::runCodeIgniter()
11 FCPATH/index.php(59): CodeIgniter\Boot::bootWeb()
CRITICAL - 2026-05-26 07:47:09 --> ErrorException: Undefined array key 0
[Method: GET, Route: etudiant/notes]
in APPPATH/Views/etudiant/note.php on line 55.
 1 APPPATH/Views/etudiant/note.php(55): CodeIgniter\Debug\Exceptions->errorHandler()
 2 SYSTEMPATH/View/View.php(240): include('/home/main/Documents/GitHub/SousGroupeEcole/app/Views/etudiant/note.php')
 3 SYSTEMPATH/View/View.php(243): CodeIgniter\View\View->CodeIgniter\View\{closure}()
 4 SYSTEMPATH/Common.php(1250): CodeIgniter\View\View->render()
 5 APPPATH/Controllers/Etudiant/NotesController.php(37): view()
 6 SYSTEMPATH/CodeIgniter.php(951): App\Controllers\Etudiant\NotesController->go_to_notes()
 7 SYSTEMPATH/CodeIgniter.php(497): CodeIgniter\CodeIgniter->runController()
 8 SYSTEMPATH/CodeIgniter.php(340): CodeIgniter\CodeIgniter->handleRequest()
 9 SYSTEMPATH/Boot.php(417): CodeIgniter\CodeIgniter->run()
10 SYSTEMPATH/Boot.php(68): CodeIgniter\Boot::runCodeIgniter()
11 FCPATH/index.php(59): CodeIgniter\Boot::bootWeb()
CRITICAL - 2026-05-26 07:47:09 --> ErrorException: Undefined array key 0
[Method: GET, Route: etudiant/notes]
in APPPATH/Views/etudiant/note.php on line 55.
 1 APPPATH/Views/etudiant/note.php(55): CodeIgniter\Debug\Exceptions->errorHandler()
 2 SYSTEMPATH/View/View.php(240): include('/home/main/Documents/GitHub/SousGroupeEcole/app/Views/etudiant/note.php')
 3 SYSTEMPATH/View/View.php(243): CodeIgniter\View\View->CodeIgniter\View\{closure}()
 4 SYSTEMPATH/Common.php(1250): CodeIgniter\View\View->render()
 5 APPPATH/Controllers/Etudiant/NotesController.php(37): view()
 6 SYSTEMPATH/CodeIgniter.php(951): App\Controllers\Etudiant\NotesController->go_to_notes()
 7 SYSTEMPATH/CodeIgniter.php(497): CodeIgniter\CodeIgniter->runController()
 8 SYSTEMPATH/CodeIgniter.php(340): CodeIgniter\CodeIgniter->handleRequest()
 9 SYSTEMPATH/Boot.php(417): CodeIgniter\CodeIgniter->run()
10 SYSTEMPATH/Boot.php(68): CodeIgniter\Boot::runCodeIgniter()
11 FCPATH/index.php(59): CodeIgniter\Boot::bootWeb()
CRITICAL - 2026-05-26 07:47:09 --> ErrorException: Undefined array key 0
[Method: GET, Route: etudiant/notes]
in APPPATH/Views/etudiant/note.php on line 55.
 1 APPPATH/Views/etudiant/note.php(55): CodeIgniter\Debug\Exceptions->errorHandler()
 2 SYSTEMPATH/View/View.php(240): include('/home/main/Documents/GitHub/SousGroupeEcole/app/Views/etudiant/note.php')
 3 SYSTEMPATH/View/View.php(243): CodeIgniter\View\View->CodeIgniter\View\{closure}()
 4 SYSTEMPATH/Common.php(1250): CodeIgniter\View\View->render()
 5 APPPATH/Controllers/Etudiant/NotesController.php(37): view()
 6 SYSTEMPATH/CodeIgniter.php(951): App\Controllers\Etudiant\NotesController->go_to_notes()
 7 SYSTEMPATH/CodeIgniter.php(497): CodeIgniter\CodeIgniter->runController()
 8 SYSTEMPATH/CodeIgniter.php(340): CodeIgniter\CodeIgniter->handleRequest()
 9 SYSTEMPATH/Boot.php(417): CodeIgniter\CodeIgniter->run()
10 SYSTEMPATH/Boot.php(68): CodeIgniter\Boot::runCodeIgniter()
11 FCPATH/index.php(59): CodeIgniter\Boot::bootWeb()
CRITICAL - 2026-05-26 07:47:09 --> ErrorException: Undefined array key 0
[Method: GET, Route: etudiant/notes]
in APPPATH/Views/etudiant/note.php on line 55.
 1 APPPATH/Views/etudiant/note.php(55): CodeIgniter\Debug\Exceptions->errorHandler()
 2 SYSTEMPATH/View/View.php(240): include('/home/main/Documents/GitHub/SousGroupeEcole/app/Views/etudiant/note.php')
 3 SYSTEMPATH/View/View.php(243): CodeIgniter\View\View->CodeIgniter\View\{closure}()
 4 SYSTEMPATH/Common.php(1250): CodeIgniter\View\View->render()
 5 APPPATH/Controllers/Etudiant/NotesController.php(37): view()
 6 SYSTEMPATH/CodeIgniter.php(951): App\Controllers\Etudiant\NotesController->go_to_notes()
 7 SYSTEMPATH/CodeIgniter.php(497): CodeIgniter\CodeIgniter->runController()
 8 SYSTEMPATH/CodeIgniter.php(340): CodeIgniter\CodeIgniter->handleRequest()
 9 SYSTEMPATH/Boot.php(417): CodeIgniter\CodeIgniter->run()
10 SYSTEMPATH/Boot.php(68): CodeIgniter\Boot::runCodeIgniter()
11 FCPATH/index.php(59): CodeIgniter\Boot::bootWeb()
CRITICAL - 2026-05-26 07:47:09 --> ErrorException: Undefined array key 0
[Method: GET, Route: etudiant/notes]
in APPPATH/Views/etudiant/note.php on line 55.
 1 APPPATH/Views/etudiant/note.php(55): CodeIgniter\Debug\Exceptions->errorHandler()
 2 SYSTEMPATH/View/View.php(240): include('/home/main/Documents/GitHub/SousGroupeEcole/app/Views/etudiant/note.php')
 3 SYSTEMPATH/View/View.php(243): CodeIgniter\View\View->CodeIgniter\View\{closure}()
 4 SYSTEMPATH/Common.php(1250): CodeIgniter\View\View->render()
 5 APPPATH/Controllers/Etudiant/NotesController.php(37): view()
 6 SYSTEMPATH/CodeIgniter.php(951): App\Controllers\Etudiant\NotesController->go_to_notes()
 7 SYSTEMPATH/CodeIgniter.php(497): CodeIgniter\CodeIgniter->runController()
 8 SYSTEMPATH/CodeIgniter.php(340): CodeIgniter\CodeIgniter->handleRequest()
 9 SYSTEMPATH/Boot.php(417): CodeIgniter\CodeIgniter->run()
10 SYSTEMPATH/Boot.php(68): CodeIgniter\Boot::runCodeIgniter()
11 FCPATH/index.php(59): CodeIgniter\Boot::bootWeb()
CRITICAL - 2026-05-26 07:47:09 --> ErrorException: Undefined array key 0
[Method: GET, Route: etudiant/notes]
in APPPATH/Views/etudiant/note.php on line 55.
 1 APPPATH/Views/etudiant/note.php(55): CodeIgniter\Debug\Exceptions->errorHandler()
 2 SYSTEMPATH/View/View.php(240): include('/home/main/Documents/GitHub/SousGroupeEcole/app/Views/etudiant/note.php')
 3 SYSTEMPATH/View/View.php(243): CodeIgniter\View\View->CodeIgniter\View\{closure}()
 4 SYSTEMPATH/Common.php(1250): CodeIgniter\View\View->render()
 5 APPPATH/Controllers/Etudiant/NotesController.php(37): view()
 6 SYSTEMPATH/CodeIgniter.php(951): App\Controllers\Etudiant\NotesController->go_to_notes()
 7 SYSTEMPATH/CodeIgniter.php(497): CodeIgniter\CodeIgniter->runController()
 8 SYSTEMPATH/CodeIgniter.php(340): CodeIgniter\CodeIgniter->handleRequest()
 9 SYSTEMPATH/Boot.php(417): CodeIgniter\CodeIgniter->run()
10 SYSTEMPATH/Boot.php(68): CodeIgniter\Boot::runCodeIgniter()
11 FCPATH/index.php(59): CodeIgniter\Boot::bootWeb()
CRITICAL - 2026-05-26 07:47:09 --> ErrorException: Undefined array key 0
[Method: GET, Route: etudiant/notes]
in APPPATH/Views/etudiant/note.php on line 55.
 1 APPPATH/Views/etudiant/note.php(55): CodeIgniter\Debug\Exceptions->errorHandler()
 2 SYSTEMPATH/View/View.php(240): include('/home/main/Documents/GitHub/SousGroupeEcole/app/Views/etudiant/note.php')
 3 SYSTEMPATH/View/View.php(243): CodeIgniter\View\View->CodeIgniter\View\{closure}()
 4 SYSTEMPATH/Common.php(1250): CodeIgniter\View\View->render()
 5 APPPATH/Controllers/Etudiant/NotesController.php(37): view()
 6 SYSTEMPATH/CodeIgniter.php(951): App\Controllers\Etudiant\NotesController->go_to_notes()
 7 SYSTEMPATH/CodeIgniter.php(497): CodeIgniter\CodeIgniter->runController()
 8 SYSTEMPATH/CodeIgniter.php(340): CodeIgniter\CodeIgniter->handleRequest()
 9 SYSTEMPATH/Boot.php(417): CodeIgniter\CodeIgniter->run()
10 SYSTEMPATH/Boot.php(68): CodeIgniter\Boot::runCodeIgniter()
11 FCPATH/index.php(59): CodeIgniter\Boot::bootWeb()
CRITICAL - 2026-05-26 07:47:29 --> ErrorException: Undefined array key 0
[Method: GET, Route: etudiant/notes]
in APPPATH/Views/etudiant/note.php on line 55.
 1 APPPATH/Views/etudiant/note.php(55): CodeIgniter\Debug\Exceptions->errorHandler()
 2 SYSTEMPATH/View/View.php(240): include('/home/main/Documents/GitHub/SousGroupeEcole/app/Views/etudiant/note.php')
 3 SYSTEMPATH/View/View.php(243): CodeIgniter\View\View->CodeIgniter\View\{closure}()
 4 SYSTEMPATH/Common.php(1250): CodeIgniter\View\View->render()
 5 APPPATH/Controllers/Etudiant/NotesController.php(37): view()
 6 SYSTEMPATH/CodeIgniter.php(951): App\Controllers\Etudiant\NotesController->go_to_notes()
 7 SYSTEMPATH/CodeIgniter.php(497): CodeIgniter\CodeIgniter->runController()
 8 SYSTEMPATH/CodeIgniter.php(340): CodeIgniter\CodeIgniter->handleRequest()
 9 SYSTEMPATH/Boot.php(417): CodeIgniter\CodeIgniter->run()
10 SYSTEMPATH/Boot.php(68): CodeIgniter\Boot::runCodeIgniter()
11 FCPATH/index.php(59): CodeIgniter\Boot::bootWeb()
CRITICAL - 2026-05-26 07:48:12 --> ErrorException: Undefined array key 0
[Method: GET, Route: etudiant/notes]
in APPPATH/Views/etudiant/note.php on line 64.
 1 APPPATH/Views/etudiant/note.php(64): CodeIgniter\Debug\Exceptions->errorHandler()
 2 SYSTEMPATH/View/View.php(240): include('/home/main/Documents/GitHub/SousGroupeEcole/app/Views/etudiant/note.php')
 3 SYSTEMPATH/View/View.php(243): CodeIgniter\View\View->CodeIgniter\View\{closure}()
 4 SYSTEMPATH/Common.php(1250): CodeIgniter\View\View->render()
 5 APPPATH/Controllers/Etudiant/NotesController.php(37): view()
 6 SYSTEMPATH/CodeIgniter.php(951): App\Controllers\Etudiant\NotesController->go_to_notes()
 7 SYSTEMPATH/CodeIgniter.php(497): CodeIgniter\CodeIgniter->runController()
 8 SYSTEMPATH/CodeIgniter.php(340): CodeIgniter\CodeIgniter->handleRequest()
 9 SYSTEMPATH/Boot.php(417): CodeIgniter\CodeIgniter->run()
10 SYSTEMPATH/Boot.php(68): CodeIgniter\Boot::runCodeIgniter()
11 FCPATH/index.php(59): CodeIgniter\Boot::bootWeb()
CRITICAL - 2026-05-26 07:48:13 --> ErrorException: Undefined array key 0
[Method: GET, Route: etudiant/notes]
in APPPATH/Views/etudiant/note.php on line 64.
 1 APPPATH/Views/etudiant/note.php(64): CodeIgniter\Debug\Exceptions->errorHandler()
 2 SYSTEMPATH/View/View.php(240): include('/home/main/Documents/GitHub/SousGroupeEcole/app/Views/etudiant/note.php')
 3 SYSTEMPATH/View/View.php(243): CodeIgniter\View\View->CodeIgniter\View\{closure}()
 4 SYSTEMPATH/Common.php(1250): CodeIgniter\View\View->render()
 5 APPPATH/Controllers/Etudiant/NotesController.php(37): view()
 6 SYSTEMPATH/CodeIgniter.php(951): App\Controllers\Etudiant\NotesController->go_to_notes()
 7 SYSTEMPATH/CodeIgniter.php(497): CodeIgniter\CodeIgniter->runController()
 8 SYSTEMPATH/CodeIgniter.php(340): CodeIgniter\CodeIgniter->handleRequest()
 9 SYSTEMPATH/Boot.php(417): CodeIgniter\CodeIgniter->run()
10 SYSTEMPATH/Boot.php(68): CodeIgniter\Boot::runCodeIgniter()
11 FCPATH/index.php(59): CodeIgniter\Boot::bootWeb()
CRITICAL - 2026-05-26 07:48:13 --> ErrorException: Undefined array key 0
[Method: GET, Route: etudiant/notes]
in APPPATH/Views/etudiant/note.php on line 64.
 1 APPPATH/Views/etudiant/note.php(64): CodeIgniter\Debug\Exceptions->errorHandler()
 2 SYSTEMPATH/View/View.php(240): include('/home/main/Documents/GitHub/SousGroupeEcole/app/Views/etudiant/note.php')
 3 SYSTEMPATH/View/View.php(243): CodeIgniter\View\View->CodeIgniter\View\{closure}()
 4 SYSTEMPATH/Common.php(1250): CodeIgniter\View\View->render()
 5 APPPATH/Controllers/Etudiant/NotesController.php(37): view()
 6 SYSTEMPATH/CodeIgniter.php(951): App\Controllers\Etudiant\NotesController->go_to_notes()
 7 SYSTEMPATH/CodeIgniter.php(497): CodeIgniter\CodeIgniter->runController()
 8 SYSTEMPATH/CodeIgniter.php(340): CodeIgniter\CodeIgniter->handleRequest()
 9 SYSTEMPATH/Boot.php(417): CodeIgniter\CodeIgniter->run()
10 SYSTEMPATH/Boot.php(68): CodeIgniter\Boot::runCodeIgniter()
11 FCPATH/index.php(59): CodeIgniter\Boot::bootWeb()
CRITICAL - 2026-05-26 07:48:13 --> ErrorException: Undefined array key 0
[Method: GET, Route: etudiant/notes]
in APPPATH/Views/etudiant/note.php on line 64.
 1 APPPATH/Views/etudiant/note.php(64): CodeIgniter\Debug\Exceptions->errorHandler()
 2 SYSTEMPATH/View/View.php(240): include('/home/main/Documents/GitHub/SousGroupeEcole/app/Views/etudiant/note.php')
 3 SYSTEMPATH/View/View.php(243): CodeIgniter\View\View->CodeIgniter\View\{closure}()
 4 SYSTEMPATH/Common.php(1250): CodeIgniter\View\View->render()
 5 APPPATH/Controllers/Etudiant/NotesController.php(37): view()
 6 SYSTEMPATH/CodeIgniter.php(951): App\Controllers\Etudiant\NotesController->go_to_notes()
 7 SYSTEMPATH/CodeIgniter.php(497): CodeIgniter\CodeIgniter->runController()
 8 SYSTEMPATH/CodeIgniter.php(340): CodeIgniter\CodeIgniter->handleRequest()
 9 SYSTEMPATH/Boot.php(417): CodeIgniter\CodeIgniter->run()
10 SYSTEMPATH/Boot.php(68): CodeIgniter\Boot::runCodeIgniter()
11 FCPATH/index.php(59): CodeIgniter\Boot::bootWeb()
CRITICAL - 2026-05-26 07:48:49 --> ErrorException: Undefined array key 0
[Method: GET, Route: etudiant/notes]
in APPPATH/Views/etudiant/note.php on line 64.
 1 APPPATH/Views/etudiant/note.php(64): CodeIgniter\Debug\Exceptions->errorHandler()
 2 SYSTEMPATH/View/View.php(240): include('/home/main/Documents/GitHub/SousGroupeEcole/app/Views/etudiant/note.php')
 3 SYSTEMPATH/View/View.php(243): CodeIgniter\View\View->CodeIgniter\View\{closure}()
 4 SYSTEMPATH/Common.php(1250): CodeIgniter\View\View->render()
 5 APPPATH/Controllers/Etudiant/NotesController.php(37): view()
 6 SYSTEMPATH/CodeIgniter.php(951): App\Controllers\Etudiant\NotesController->go_to_notes()
 7 SYSTEMPATH/CodeIgniter.php(497): CodeIgniter\CodeIgniter->runController()
 8 SYSTEMPATH/CodeIgniter.php(340): CodeIgniter\CodeIgniter->handleRequest()
 9 SYSTEMPATH/Boot.php(417): CodeIgniter\CodeIgniter->run()
10 SYSTEMPATH/Boot.php(68): CodeIgniter\Boot::runCodeIgniter()
11 FCPATH/index.php(59): CodeIgniter\Boot::bootWeb()
CRITICAL - 2026-05-26 07:50:26 --> ErrorException: Undefined array key 0
[Method: GET, Route: etudiant/notes]
in APPPATH/Views/etudiant/note.php on line 64.
 1 APPPATH/Views/etudiant/note.php(64): CodeIgniter\Debug\Exceptions->errorHandler()
 2 SYSTEMPATH/View/View.php(240): include('/home/main/Documents/GitHub/SousGroupeEcole/app/Views/etudiant/note.php')
 3 SYSTEMPATH/View/View.php(243): CodeIgniter\View\View->CodeIgniter\View\{closure}()
 4 SYSTEMPATH/Common.php(1250): CodeIgniter\View\View->render()
 5 APPPATH/Controllers/Etudiant/NotesController.php(37): view()
 6 SYSTEMPATH/CodeIgniter.php(951): App\Controllers\Etudiant\NotesController->go_to_notes()
 7 SYSTEMPATH/CodeIgniter.php(497): CodeIgniter\CodeIgniter->runController()
 8 SYSTEMPATH/CodeIgniter.php(340): CodeIgniter\CodeIgniter->handleRequest()
 9 SYSTEMPATH/Boot.php(417): CodeIgniter\CodeIgniter->run()
10 SYSTEMPATH/Boot.php(68): CodeIgniter\Boot::runCodeIgniter()
11 FCPATH/index.php(59): CodeIgniter\Boot::bootWeb()
CRITICAL - 2026-05-26 08:00:02 --> ErrorException: Undefined array key "professeur_id"
[Method: GET, Route: etudiant/notes]
in APPPATH/Controllers/Etudiant/NotesController.php on line 38.
 1 APPPATH/Controllers/Etudiant/NotesController.php(38): CodeIgniter\Debug\Exceptions->errorHandler()
 2 SYSTEMPATH/CodeIgniter.php(951): App\Controllers\Etudiant\NotesController->go_to_notes()
 3 SYSTEMPATH/CodeIgniter.php(497): CodeIgniter\CodeIgniter->runController()
 4 SYSTEMPATH/CodeIgniter.php(340): CodeIgniter\CodeIgniter->handleRequest()
 5 SYSTEMPATH/Boot.php(417): CodeIgniter\CodeIgniter->run()
 6 SYSTEMPATH/Boot.php(68): CodeIgniter\Boot::runCodeIgniter()
 7 FCPATH/index.php(59): CodeIgniter\Boot::bootWeb()
CRITICAL - 2026-05-26 08:00:03 --> ErrorException: Undefined array key "professeur_id"
[Method: GET, Route: etudiant/notes]
in APPPATH/Controllers/Etudiant/NotesController.php on line 38.
 1 APPPATH/Controllers/Etudiant/NotesController.php(38): CodeIgniter\Debug\Exceptions->errorHandler()
 2 SYSTEMPATH/CodeIgniter.php(951): App\Controllers\Etudiant\NotesController->go_to_notes()
 3 SYSTEMPATH/CodeIgniter.php(497): CodeIgniter\CodeIgniter->runController()
 4 SYSTEMPATH/CodeIgniter.php(340): CodeIgniter\CodeIgniter->handleRequest()
 5 SYSTEMPATH/Boot.php(417): CodeIgniter\CodeIgniter->run()
 6 SYSTEMPATH/Boot.php(68): CodeIgniter\Boot::runCodeIgniter()
 7 FCPATH/index.php(59): CodeIgniter\Boot::bootWeb()
CRITICAL - 2026-05-26 08:00:03 --> ErrorException: Undefined array key "professeur_id"
[Method: GET, Route: etudiant/notes]
in APPPATH/Controllers/Etudiant/NotesController.php on line 38.
 1 APPPATH/Controllers/Etudiant/NotesController.php(38): CodeIgniter\Debug\Exceptions->errorHandler()
 2 SYSTEMPATH/CodeIgniter.php(951): App\Controllers\Etudiant\NotesController->go_to_notes()
 3 SYSTEMPATH/CodeIgniter.php(497): CodeIgniter\CodeIgniter->runController()
 4 SYSTEMPATH/CodeIgniter.php(340): CodeIgniter\CodeIgniter->handleRequest()
 5 SYSTEMPATH/Boot.php(417): CodeIgniter\CodeIgniter->run()
 6 SYSTEMPATH/Boot.php(68): CodeIgniter\Boot::runCodeIgniter()
 7 FCPATH/index.php(59): CodeIgniter\Boot::bootWeb()
CRITICAL - 2026-05-26 08:00:04 --> ErrorException: Undefined array key "professeur_id"
[Method: GET, Route: etudiant/notes]
in APPPATH/Controllers/Etudiant/NotesController.php on line 38.
 1 APPPATH/Controllers/Etudiant/NotesController.php(38): CodeIgniter\Debug\Exceptions->errorHandler()
 2 SYSTEMPATH/CodeIgniter.php(951): App\Controllers\Etudiant\NotesController->go_to_notes()
 3 SYSTEMPATH/CodeIgniter.php(497): CodeIgniter\CodeIgniter->runController()
 4 SYSTEMPATH/CodeIgniter.php(340): CodeIgniter\CodeIgniter->handleRequest()
 5 SYSTEMPATH/Boot.php(417): CodeIgniter\CodeIgniter->run()
 6 SYSTEMPATH/Boot.php(68): CodeIgniter\Boot::runCodeIgniter()
 7 FCPATH/index.php(59): CodeIgniter\Boot::bootWeb()
CRITICAL - 2026-05-26 08:00:04 --> ErrorException: Undefined array key "professeur_id"
[Method: GET, Route: etudiant/notes]
in APPPATH/Controllers/Etudiant/NotesController.php on line 38.
 1 APPPATH/Controllers/Etudiant/NotesController.php(38): CodeIgniter\Debug\Exceptions->errorHandler()
 2 SYSTEMPATH/CodeIgniter.php(951): App\Controllers\Etudiant\NotesController->go_to_notes()
 3 SYSTEMPATH/CodeIgniter.php(497): CodeIgniter\CodeIgniter->runController()
 4 SYSTEMPATH/CodeIgniter.php(340): CodeIgniter\CodeIgniter->handleRequest()
 5 SYSTEMPATH/Boot.php(417): CodeIgniter\CodeIgniter->run()
 6 SYSTEMPATH/Boot.php(68): CodeIgniter\Boot::runCodeIgniter()
 7 FCPATH/index.php(59): CodeIgniter\Boot::bootWeb()
CRITICAL - 2026-05-26 08:00:05 --> ErrorException: Undefined array key "professeur_id"
[Method: GET, Route: etudiant/notes]
in APPPATH/Controllers/Etudiant/NotesController.php on line 38.
 1 APPPATH/Controllers/Etudiant/NotesController.php(38): CodeIgniter\Debug\Exceptions->errorHandler()
 2 SYSTEMPATH/CodeIgniter.php(951): App\Controllers\Etudiant\NotesController->go_to_notes()
 3 SYSTEMPATH/CodeIgniter.php(497): CodeIgniter\CodeIgniter->runController()
 4 SYSTEMPATH/CodeIgniter.php(340): CodeIgniter\CodeIgniter->handleRequest()
 5 SYSTEMPATH/Boot.php(417): CodeIgniter\CodeIgniter->run()
 6 SYSTEMPATH/Boot.php(68): CodeIgniter\Boot::runCodeIgniter()
 7 FCPATH/index.php(59): CodeIgniter\Boot::bootWeb()
CRITICAL - 2026-05-26 08:00:05 --> ErrorException: Undefined array key "professeur_id"
[Method: GET, Route: etudiant/notes]
in APPPATH/Controllers/Etudiant/NotesController.php on line 38.
 1 APPPATH/Controllers/Etudiant/NotesController.php(38): CodeIgniter\Debug\Exceptions->errorHandler()
 2 SYSTEMPATH/CodeIgniter.php(951): App\Controllers\Etudiant\NotesController->go_to_notes()
 3 SYSTEMPATH/CodeIgniter.php(497): CodeIgniter\CodeIgniter->runController()
 4 SYSTEMPATH/CodeIgniter.php(340): CodeIgniter\CodeIgniter->handleRequest()
 5 SYSTEMPATH/Boot.php(417): CodeIgniter\CodeIgniter->run()
 6 SYSTEMPATH/Boot.php(68): CodeIgniter\Boot::runCodeIgniter()
 7 FCPATH/index.php(59): CodeIgniter\Boot::bootWeb()
CRITICAL - 2026-05-26 08:00:05 --> ErrorException: Undefined array key "professeur_id"
[Method: GET, Route: etudiant/notes]
in APPPATH/Controllers/Etudiant/NotesController.php on line 38.
 1 APPPATH/Controllers/Etudiant/NotesController.php(38): CodeIgniter\Debug\Exceptions->errorHandler()
 2 SYSTEMPATH/CodeIgniter.php(951): App\Controllers\Etudiant\NotesController->go_to_notes()
 3 SYSTEMPATH/CodeIgniter.php(497): CodeIgniter\CodeIgniter->runController()
 4 SYSTEMPATH/CodeIgniter.php(340): CodeIgniter\CodeIgniter->handleRequest()
 5 SYSTEMPATH/Boot.php(417): CodeIgniter\CodeIgniter->run()
 6 SYSTEMPATH/Boot.php(68): CodeIgniter\Boot::runCodeIgniter()
 7 FCPATH/index.php(59): CodeIgniter\Boot::bootWeb()
CRITICAL - 2026-05-26 08:00:05 --> ErrorException: Undefined array key "professeur_id"
[Method: GET, Route: etudiant/notes]
in APPPATH/Controllers/Etudiant/NotesController.php on line 38.
 1 APPPATH/Controllers/Etudiant/NotesController.php(38): CodeIgniter\Debug\Exceptions->errorHandler()
 2 SYSTEMPATH/CodeIgniter.php(951): App\Controllers\Etudiant\NotesController->go_to_notes()
 3 SYSTEMPATH/CodeIgniter.php(497): CodeIgniter\CodeIgniter->runController()
 4 SYSTEMPATH/CodeIgniter.php(340): CodeIgniter\CodeIgniter->handleRequest()
 5 SYSTEMPATH/Boot.php(417): CodeIgniter\CodeIgniter->run()
 6 SYSTEMPATH/Boot.php(68): CodeIgniter\Boot::runCodeIgniter()
 7 FCPATH/index.php(59): CodeIgniter\Boot::bootWeb()
CRITICAL - 2026-05-26 08:00:05 --> ErrorException: Undefined array key "professeur_id"
[Method: GET, Route: etudiant/notes]
in APPPATH/Controllers/Etudiant/NotesController.php on line 38.
 1 APPPATH/Controllers/Etudiant/NotesController.php(38): CodeIgniter\Debug\Exceptions->errorHandler()
 2 SYSTEMPATH/CodeIgniter.php(951): App\Controllers\Etudiant\NotesController->go_to_notes()
 3 SYSTEMPATH/CodeIgniter.php(497): CodeIgniter\CodeIgniter->runController()
 4 SYSTEMPATH/CodeIgniter.php(340): CodeIgniter\CodeIgniter->handleRequest()
 5 SYSTEMPATH/Boot.php(417): CodeIgniter\CodeIgniter->run()
 6 SYSTEMPATH/Boot.php(68): CodeIgniter\Boot::runCodeIgniter()
 7 FCPATH/index.php(59): CodeIgniter\Boot::bootWeb()
CRITICAL - 2026-05-26 08:00:05 --> ErrorException: Undefined array key "professeur_id"
[Method: GET, Route: etudiant/notes]
in APPPATH/Controllers/Etudiant/NotesController.php on line 38.
 1 APPPATH/Controllers/Etudiant/NotesController.php(38): CodeIgniter\Debug\Exceptions->errorHandler()
 2 SYSTEMPATH/CodeIgniter.php(951): App\Controllers\Etudiant\NotesController->go_to_notes()
 3 SYSTEMPATH/CodeIgniter.php(497): CodeIgniter\CodeIgniter->runController()
 4 SYSTEMPATH/CodeIgniter.php(340): CodeIgniter\CodeIgniter->handleRequest()
 5 SYSTEMPATH/Boot.php(417): CodeIgniter\CodeIgniter->run()
 6 SYSTEMPATH/Boot.php(68): CodeIgniter\Boot::runCodeIgniter()
 7 FCPATH/index.php(59): CodeIgniter\Boot::bootWeb()
CRITICAL - 2026-05-26 08:00:06 --> ErrorException: Undefined array key "professeur_id"
[Method: GET, Route: etudiant/notes]
in APPPATH/Controllers/Etudiant/NotesController.php on line 38.
 1 APPPATH/Controllers/Etudiant/NotesController.php(38): CodeIgniter\Debug\Exceptions->errorHandler()
 2 SYSTEMPATH/CodeIgniter.php(951): App\Controllers\Etudiant\NotesController->go_to_notes()
 3 SYSTEMPATH/CodeIgniter.php(497): CodeIgniter\CodeIgniter->runController()
 4 SYSTEMPATH/CodeIgniter.php(340): CodeIgniter\CodeIgniter->handleRequest()
 5 SYSTEMPATH/Boot.php(417): CodeIgniter\CodeIgniter->run()
 6 SYSTEMPATH/Boot.php(68): CodeIgniter\Boot::runCodeIgniter()
 7 FCPATH/index.php(59): CodeIgniter\Boot::bootWeb()
CRITICAL - 2026-05-26 08:00:06 --> ErrorException: Undefined array key "professeur_id"
[Method: GET, Route: etudiant/notes]
in APPPATH/Controllers/Etudiant/NotesController.php on line 38.
 1 APPPATH/Controllers/Etudiant/NotesController.php(38): CodeIgniter\Debug\Exceptions->errorHandler()
 2 SYSTEMPATH/CodeIgniter.php(951): App\Controllers\Etudiant\NotesController->go_to_notes()
 3 SYSTEMPATH/CodeIgniter.php(497): CodeIgniter\CodeIgniter->runController()
 4 SYSTEMPATH/CodeIgniter.php(340): CodeIgniter\CodeIgniter->handleRequest()
 5 SYSTEMPATH/Boot.php(417): CodeIgniter\CodeIgniter->run()
 6 SYSTEMPATH/Boot.php(68): CodeIgniter\Boot::runCodeIgniter()
 7 FCPATH/index.php(59): CodeIgniter\Boot::bootWeb()
CRITICAL - 2026-05-26 08:00:06 --> ErrorException: Undefined array key "professeur_id"
[Method: GET, Route: etudiant/notes]
in APPPATH/Controllers/Etudiant/NotesController.php on line 38.
 1 APPPATH/Controllers/Etudiant/NotesController.php(38): CodeIgniter\Debug\Exceptions->errorHandler()
 2 SYSTEMPATH/CodeIgniter.php(951): App\Controllers\Etudiant\NotesController->go_to_notes()
 3 SYSTEMPATH/CodeIgniter.php(497): CodeIgniter\CodeIgniter->runController()
 4 SYSTEMPATH/CodeIgniter.php(340): CodeIgniter\CodeIgniter->handleRequest()
 5 SYSTEMPATH/Boot.php(417): CodeIgniter\CodeIgniter->run()
 6 SYSTEMPATH/Boot.php(68): CodeIgniter\Boot::runCodeIgniter()
 7 FCPATH/index.php(59): CodeIgniter\Boot::bootWeb()
CRITICAL - 2026-05-26 08:00:06 --> ErrorException: Undefined array key "professeur_id"
[Method: GET, Route: etudiant/notes]
in APPPATH/Controllers/Etudiant/NotesController.php on line 38.
 1 APPPATH/Controllers/Etudiant/NotesController.php(38): CodeIgniter\Debug\Exceptions->errorHandler()
 2 SYSTEMPATH/CodeIgniter.php(951): App\Controllers\Etudiant\NotesController->go_to_notes()
 3 SYSTEMPATH/CodeIgniter.php(497): CodeIgniter\CodeIgniter->runController()
 4 SYSTEMPATH/CodeIgniter.php(340): CodeIgniter\CodeIgniter->handleRequest()
 5 SYSTEMPATH/Boot.php(417): CodeIgniter\CodeIgniter->run()
 6 SYSTEMPATH/Boot.php(68): CodeIgniter\Boot::runCodeIgniter()
 7 FCPATH/index.php(59): CodeIgniter\Boot::bootWeb()
CRITICAL - 2026-05-26 08:00:07 --> ErrorException: Undefined array key "professeur_id"
[Method: GET, Route: etudiant/notes]
in APPPATH/Controllers/Etudiant/NotesController.php on line 38.
 1 APPPATH/Controllers/Etudiant/NotesController.php(38): CodeIgniter\Debug\Exceptions->errorHandler()
 2 SYSTEMPATH/CodeIgniter.php(951): App\Controllers\Etudiant\NotesController->go_to_notes()
 3 SYSTEMPATH/CodeIgniter.php(497): CodeIgniter\CodeIgniter->runController()
 4 SYSTEMPATH/CodeIgniter.php(340): CodeIgniter\CodeIgniter->handleRequest()
 5 SYSTEMPATH/Boot.php(417): CodeIgniter\CodeIgniter->run()
 6 SYSTEMPATH/Boot.php(68): CodeIgniter\Boot::runCodeIgniter()
 7 FCPATH/index.php(59): CodeIgniter\Boot::bootWeb()
CRITICAL - 2026-05-26 08:00:17 --> ErrorException: Undefined array key "professeur_id"
[Method: GET, Route: etudiant/notes]
in APPPATH/Controllers/Etudiant/NotesController.php on line 38.
 1 APPPATH/Controllers/Etudiant/NotesController.php(38): CodeIgniter\Debug\Exceptions->errorHandler()
 2 SYSTEMPATH/CodeIgniter.php(951): App\Controllers\Etudiant\NotesController->go_to_notes()
 3 SYSTEMPATH/CodeIgniter.php(497): CodeIgniter\CodeIgniter->runController()
 4 SYSTEMPATH/CodeIgniter.php(340): CodeIgniter\CodeIgniter->handleRequest()
 5 SYSTEMPATH/Boot.php(417): CodeIgniter\CodeIgniter->run()
 6 SYSTEMPATH/Boot.php(68): CodeIgniter\Boot::runCodeIgniter()
 7 FCPATH/index.php(59): CodeIgniter\Boot::bootWeb()
CRITICAL - 2026-05-26 08:00:18 --> ErrorException: Undefined array key "professeur_id"
[Method: GET, Route: etudiant/notes]
in APPPATH/Controllers/Etudiant/NotesController.php on line 38.
 1 APPPATH/Controllers/Etudiant/NotesController.php(38): CodeIgniter\Debug\Exceptions->errorHandler()
 2 SYSTEMPATH/CodeIgniter.php(951): App\Controllers\Etudiant\NotesController->go_to_notes()
 3 SYSTEMPATH/CodeIgniter.php(497): CodeIgniter\CodeIgniter->runController()
 4 SYSTEMPATH/CodeIgniter.php(340): CodeIgniter\CodeIgniter->handleRequest()
 5 SYSTEMPATH/Boot.php(417): CodeIgniter\CodeIgniter->run()
 6 SYSTEMPATH/Boot.php(68): CodeIgniter\Boot::runCodeIgniter()
 7 FCPATH/index.php(59): CodeIgniter\Boot::bootWeb()
CRITICAL - 2026-05-26 08:00:18 --> ErrorException: Undefined array key "professeur_id"
[Method: GET, Route: etudiant/notes]
in APPPATH/Controllers/Etudiant/NotesController.php on line 38.
 1 APPPATH/Controllers/Etudiant/NotesController.php(38): CodeIgniter\Debug\Exceptions->errorHandler()
 2 SYSTEMPATH/CodeIgniter.php(951): App\Controllers\Etudiant\NotesController->go_to_notes()
 3 SYSTEMPATH/CodeIgniter.php(497): CodeIgniter\CodeIgniter->runController()
 4 SYSTEMPATH/CodeIgniter.php(340): CodeIgniter\CodeIgniter->handleRequest()
 5 SYSTEMPATH/Boot.php(417): CodeIgniter\CodeIgniter->run()
 6 SYSTEMPATH/Boot.php(68): CodeIgniter\Boot::runCodeIgniter()
 7 FCPATH/index.php(59): CodeIgniter\Boot::bootWeb()
CRITICAL - 2026-05-26 08:00:18 --> ErrorException: Undefined array key "professeur_id"
[Method: GET, Route: etudiant/notes]
in APPPATH/Controllers/Etudiant/NotesController.php on line 38.
 1 APPPATH/Controllers/Etudiant/NotesController.php(38): CodeIgniter\Debug\Exceptions->errorHandler()
 2 SYSTEMPATH/CodeIgniter.php(951): App\Controllers\Etudiant\NotesController->go_to_notes()
 3 SYSTEMPATH/CodeIgniter.php(497): CodeIgniter\CodeIgniter->runController()
 4 SYSTEMPATH/CodeIgniter.php(340): CodeIgniter\CodeIgniter->handleRequest()
 5 SYSTEMPATH/Boot.php(417): CodeIgniter\CodeIgniter->run()
 6 SYSTEMPATH/Boot.php(68): CodeIgniter\Boot::runCodeIgniter()
 7 FCPATH/index.php(59): CodeIgniter\Boot::bootWeb()
CRITICAL - 2026-05-26 08:00:18 --> ErrorException: Undefined array key "professeur_id"
[Method: GET, Route: etudiant/notes]
in APPPATH/Controllers/Etudiant/NotesController.php on line 38.
 1 APPPATH/Controllers/Etudiant/NotesController.php(38): CodeIgniter\Debug\Exceptions->errorHandler()
 2 SYSTEMPATH/CodeIgniter.php(951): App\Controllers\Etudiant\NotesController->go_to_notes()
 3 SYSTEMPATH/CodeIgniter.php(497): CodeIgniter\CodeIgniter->runController()
 4 SYSTEMPATH/CodeIgniter.php(340): CodeIgniter\CodeIgniter->handleRequest()
 5 SYSTEMPATH/Boot.php(417): CodeIgniter\CodeIgniter->run()
 6 SYSTEMPATH/Boot.php(68): CodeIgniter\Boot::runCodeIgniter()
 7 FCPATH/index.php(59): CodeIgniter\Boot::bootWeb()
CRITICAL - 2026-05-26 08:00:19 --> ErrorException: Undefined array key "professeur_id"
[Method: GET, Route: etudiant/notes]
in APPPATH/Controllers/Etudiant/NotesController.php on line 38.
 1 APPPATH/Controllers/Etudiant/NotesController.php(38): CodeIgniter\Debug\Exceptions->errorHandler()
 2 SYSTEMPATH/CodeIgniter.php(951): App\Controllers\Etudiant\NotesController->go_to_notes()
 3 SYSTEMPATH/CodeIgniter.php(497): CodeIgniter\CodeIgniter->runController()
 4 SYSTEMPATH/CodeIgniter.php(340): CodeIgniter\CodeIgniter->handleRequest()
 5 SYSTEMPATH/Boot.php(417): CodeIgniter\CodeIgniter->run()
 6 SYSTEMPATH/Boot.php(68): CodeIgniter\Boot::runCodeIgniter()
 7 FCPATH/index.php(59): CodeIgniter\Boot::bootWeb()
CRITICAL - 2026-05-26 08:00:19 --> ErrorException: Undefined array key "professeur_id"
[Method: GET, Route: etudiant/notes]
in APPPATH/Controllers/Etudiant/NotesController.php on line 38.
 1 APPPATH/Controllers/Etudiant/NotesController.php(38): CodeIgniter\Debug\Exceptions->errorHandler()
 2 SYSTEMPATH/CodeIgniter.php(951): App\Controllers\Etudiant\NotesController->go_to_notes()
 3 SYSTEMPATH/CodeIgniter.php(497): CodeIgniter\CodeIgniter->runController()
 4 SYSTEMPATH/CodeIgniter.php(340): CodeIgniter\CodeIgniter->handleRequest()
 5 SYSTEMPATH/Boot.php(417): CodeIgniter\CodeIgniter->run()
 6 SYSTEMPATH/Boot.php(68): CodeIgniter\Boot::runCodeIgniter()
 7 FCPATH/index.php(59): CodeIgniter\Boot::bootWeb()
CRITICAL - 2026-05-26 08:00:54 --> ErrorException: Undefined array key "professeur_id"
[Method: GET, Route: etudiant/notes]
in APPPATH/Controllers/Etudiant/NotesController.php on line 38.
 1 APPPATH/Controllers/Etudiant/NotesController.php(38): CodeIgniter\Debug\Exceptions->errorHandler()
 2 SYSTEMPATH/CodeIgniter.php(951): App\Controllers\Etudiant\NotesController->go_to_notes()
 3 SYSTEMPATH/CodeIgniter.php(497): CodeIgniter\CodeIgniter->runController()
 4 SYSTEMPATH/CodeIgniter.php(340): CodeIgniter\CodeIgniter->handleRequest()
 5 SYSTEMPATH/Boot.php(417): CodeIgniter\CodeIgniter->run()
 6 SYSTEMPATH/Boot.php(68): CodeIgniter\Boot::runCodeIgniter()
 7 FCPATH/index.php(59): CodeIgniter\Boot::bootWeb()
CRITICAL - 2026-05-26 08:00:54 --> ErrorException: Undefined array key "professeur_id"
[Method: GET, Route: etudiant/notes]
in APPPATH/Controllers/Etudiant/NotesController.php on line 38.
 1 APPPATH/Controllers/Etudiant/NotesController.php(38): CodeIgniter\Debug\Exceptions->errorHandler()
 2 SYSTEMPATH/CodeIgniter.php(951): App\Controllers\Etudiant\NotesController->go_to_notes()
 3 SYSTEMPATH/CodeIgniter.php(497): CodeIgniter\CodeIgniter->runController()
 4 SYSTEMPATH/CodeIgniter.php(340): CodeIgniter\CodeIgniter->handleRequest()
 5 SYSTEMPATH/Boot.php(417): CodeIgniter\CodeIgniter->run()
 6 SYSTEMPATH/Boot.php(68): CodeIgniter\Boot::runCodeIgniter()
 7 FCPATH/index.php(59): CodeIgniter\Boot::bootWeb()
CRITICAL - 2026-05-26 08:00:54 --> ErrorException: Undefined array key "professeur_id"
[Method: GET, Route: etudiant/notes]
in APPPATH/Controllers/Etudiant/NotesController.php on line 38.
 1 APPPATH/Controllers/Etudiant/NotesController.php(38): CodeIgniter\Debug\Exceptions->errorHandler()
 2 SYSTEMPATH/CodeIgniter.php(951): App\Controllers\Etudiant\NotesController->go_to_notes()
 3 SYSTEMPATH/CodeIgniter.php(497): CodeIgniter\CodeIgniter->runController()
 4 SYSTEMPATH/CodeIgniter.php(340): CodeIgniter\CodeIgniter->handleRequest()
 5 SYSTEMPATH/Boot.php(417): CodeIgniter\CodeIgniter->run()
 6 SYSTEMPATH/Boot.php(68): CodeIgniter\Boot::runCodeIgniter()
 7 FCPATH/index.php(59): CodeIgniter\Boot::bootWeb()
CRITICAL - 2026-05-26 08:00:55 --> ErrorException: Undefined array key "professeur_id"
[Method: GET, Route: etudiant/notes]
in APPPATH/Controllers/Etudiant/NotesController.php on line 38.
 1 APPPATH/Controllers/Etudiant/NotesController.php(38): CodeIgniter\Debug\Exceptions->errorHandler()
 2 SYSTEMPATH/CodeIgniter.php(951): App\Controllers\Etudiant\NotesController->go_to_notes()
 3 SYSTEMPATH/CodeIgniter.php(497): CodeIgniter\CodeIgniter->runController()
 4 SYSTEMPATH/CodeIgniter.php(340): CodeIgniter\CodeIgniter->handleRequest()
 5 SYSTEMPATH/Boot.php(417): CodeIgniter\CodeIgniter->run()
 6 SYSTEMPATH/Boot.php(68): CodeIgniter\Boot::runCodeIgniter()
 7 FCPATH/index.php(59): CodeIgniter\Boot::bootWeb()
CRITICAL - 2026-05-26 08:00:55 --> ErrorException: Undefined array key "professeur_id"
[Method: GET, Route: etudiant/notes]
in APPPATH/Controllers/Etudiant/NotesController.php on line 38.
 1 APPPATH/Controllers/Etudiant/NotesController.php(38): CodeIgniter\Debug\Exceptions->errorHandler()
 2 SYSTEMPATH/CodeIgniter.php(951): App\Controllers\Etudiant\NotesController->go_to_notes()
 3 SYSTEMPATH/CodeIgniter.php(497): CodeIgniter\CodeIgniter->runController()
 4 SYSTEMPATH/CodeIgniter.php(340): CodeIgniter\CodeIgniter->handleRequest()
 5 SYSTEMPATH/Boot.php(417): CodeIgniter\CodeIgniter->run()
 6 SYSTEMPATH/Boot.php(68): CodeIgniter\Boot::runCodeIgniter()
 7 FCPATH/index.php(59): CodeIgniter\Boot::bootWeb()
CRITICAL - 2026-05-26 08:00:55 --> ErrorException: Undefined array key "professeur_id"
[Method: GET, Route: etudiant/notes]
in APPPATH/Controllers/Etudiant/NotesController.php on line 38.
 1 APPPATH/Controllers/Etudiant/NotesController.php(38): CodeIgniter\Debug\Exceptions->errorHandler()
 2 SYSTEMPATH/CodeIgniter.php(951): App\Controllers\Etudiant\NotesController->go_to_notes()
 3 SYSTEMPATH/CodeIgniter.php(497): CodeIgniter\CodeIgniter->runController()
 4 SYSTEMPATH/CodeIgniter.php(340): CodeIgniter\CodeIgniter->handleRequest()
 5 SYSTEMPATH/Boot.php(417): CodeIgniter\CodeIgniter->run()
 6 SYSTEMPATH/Boot.php(68): CodeIgniter\Boot::runCodeIgniter()
 7 FCPATH/index.php(59): CodeIgniter\Boot::bootWeb()
CRITICAL - 2026-05-26 08:00:55 --> ErrorException: Undefined array key "professeur_id"
[Method: GET, Route: etudiant/notes]
in APPPATH/Controllers/Etudiant/NotesController.php on line 38.
 1 APPPATH/Controllers/Etudiant/NotesController.php(38): CodeIgniter\Debug\Exceptions->errorHandler()
 2 SYSTEMPATH/CodeIgniter.php(951): App\Controllers\Etudiant\NotesController->go_to_notes()
 3 SYSTEMPATH/CodeIgniter.php(497): CodeIgniter\CodeIgniter->runController()
 4 SYSTEMPATH/CodeIgniter.php(340): CodeIgniter\CodeIgniter->handleRequest()
 5 SYSTEMPATH/Boot.php(417): CodeIgniter\CodeIgniter->run()
 6 SYSTEMPATH/Boot.php(68): CodeIgniter\Boot::runCodeIgniter()
 7 FCPATH/index.php(59): CodeIgniter\Boot::bootWeb()
CRITICAL - 2026-05-26 08:00:55 --> ErrorException: Undefined array key "professeur_id"
[Method: GET, Route: etudiant/notes]
in APPPATH/Controllers/Etudiant/NotesController.php on line 38.
 1 APPPATH/Controllers/Etudiant/NotesController.php(38): CodeIgniter\Debug\Exceptions->errorHandler()
 2 SYSTEMPATH/CodeIgniter.php(951): App\Controllers\Etudiant\NotesController->go_to_notes()
 3 SYSTEMPATH/CodeIgniter.php(497): CodeIgniter\CodeIgniter->runController()
 4 SYSTEMPATH/CodeIgniter.php(340): CodeIgniter\CodeIgniter->handleRequest()
 5 SYSTEMPATH/Boot.php(417): CodeIgniter\CodeIgniter->run()
 6 SYSTEMPATH/Boot.php(68): CodeIgniter\Boot::runCodeIgniter()
 7 FCPATH/index.php(59): CodeIgniter\Boot::bootWeb()
CRITICAL - 2026-05-26 08:00:55 --> ErrorException: Undefined array key "professeur_id"
[Method: GET, Route: etudiant/notes]
in APPPATH/Controllers/Etudiant/NotesController.php on line 38.
 1 APPPATH/Controllers/Etudiant/NotesController.php(38): CodeIgniter\Debug\Exceptions->errorHandler()
 2 SYSTEMPATH/CodeIgniter.php(951): App\Controllers\Etudiant\NotesController->go_to_notes()
 3 SYSTEMPATH/CodeIgniter.php(497): CodeIgniter\CodeIgniter->runController()
 4 SYSTEMPATH/CodeIgniter.php(340): CodeIgniter\CodeIgniter->handleRequest()
 5 SYSTEMPATH/Boot.php(417): CodeIgniter\CodeIgniter->run()
 6 SYSTEMPATH/Boot.php(68): CodeIgniter\Boot::runCodeIgniter()
 7 FCPATH/index.php(59): CodeIgniter\Boot::bootWeb()
CRITICAL - 2026-05-26 08:00:55 --> ErrorException: Undefined array key "professeur_id"
[Method: GET, Route: etudiant/notes]
in APPPATH/Controllers/Etudiant/NotesController.php on line 38.
 1 APPPATH/Controllers/Etudiant/NotesController.php(38): CodeIgniter\Debug\Exceptions->errorHandler()
 2 SYSTEMPATH/CodeIgniter.php(951): App\Controllers\Etudiant\NotesController->go_to_notes()
 3 SYSTEMPATH/CodeIgniter.php(497): CodeIgniter\CodeIgniter->runController()
 4 SYSTEMPATH/CodeIgniter.php(340): CodeIgniter\CodeIgniter->handleRequest()
 5 SYSTEMPATH/Boot.php(417): CodeIgniter\CodeIgniter->run()
 6 SYSTEMPATH/Boot.php(68): CodeIgniter\Boot::runCodeIgniter()
 7 FCPATH/index.php(59): CodeIgniter\Boot::bootWeb()
CRITICAL - 2026-05-26 08:00:55 --> ErrorException: Undefined array key "professeur_id"
[Method: GET, Route: etudiant/notes]
in APPPATH/Controllers/Etudiant/NotesController.php on line 38.
 1 APPPATH/Controllers/Etudiant/NotesController.php(38): CodeIgniter\Debug\Exceptions->errorHandler()
 2 SYSTEMPATH/CodeIgniter.php(951): App\Controllers\Etudiant\NotesController->go_to_notes()
 3 SYSTEMPATH/CodeIgniter.php(497): CodeIgniter\CodeIgniter->runController()
 4 SYSTEMPATH/CodeIgniter.php(340): CodeIgniter\CodeIgniter->handleRequest()
 5 SYSTEMPATH/Boot.php(417): CodeIgniter\CodeIgniter->run()
 6 SYSTEMPATH/Boot.php(68): CodeIgniter\Boot::runCodeIgniter()
 7 FCPATH/index.php(59): CodeIgniter\Boot::bootWeb()
CRITICAL - 2026-05-26 08:00:55 --> ErrorException: Undefined array key "professeur_id"
[Method: GET, Route: etudiant/notes]
in APPPATH/Controllers/Etudiant/NotesController.php on line 38.
 1 APPPATH/Controllers/Etudiant/NotesController.php(38): CodeIgniter\Debug\Exceptions->errorHandler()
 2 SYSTEMPATH/CodeIgniter.php(951): App\Controllers\Etudiant\NotesController->go_to_notes()
 3 SYSTEMPATH/CodeIgniter.php(497): CodeIgniter\CodeIgniter->runController()
 4 SYSTEMPATH/CodeIgniter.php(340): CodeIgniter\CodeIgniter->handleRequest()
 5 SYSTEMPATH/Boot.php(417): CodeIgniter\CodeIgniter->run()
 6 SYSTEMPATH/Boot.php(68): CodeIgniter\Boot::runCodeIgniter()
 7 FCPATH/index.php(59): CodeIgniter\Boot::bootWeb()
CRITICAL - 2026-05-26 08:00:55 --> ErrorException: Undefined array key "professeur_id"
[Method: GET, Route: etudiant/notes]
in APPPATH/Controllers/Etudiant/NotesController.php on line 38.
 1 APPPATH/Controllers/Etudiant/NotesController.php(38): CodeIgniter\Debug\Exceptions->errorHandler()
 2 SYSTEMPATH/CodeIgniter.php(951): App\Controllers\Etudiant\NotesController->go_to_notes()
 3 SYSTEMPATH/CodeIgniter.php(497): CodeIgniter\CodeIgniter->runController()
 4 SYSTEMPATH/CodeIgniter.php(340): CodeIgniter\CodeIgniter->handleRequest()
 5 SYSTEMPATH/Boot.php(417): CodeIgniter\CodeIgniter->run()
 6 SYSTEMPATH/Boot.php(68): CodeIgniter\Boot::runCodeIgniter()
 7 FCPATH/index.php(59): CodeIgniter\Boot::bootWeb()
CRITICAL - 2026-05-26 08:00:55 --> ErrorException: Undefined array key "professeur_id"
[Method: GET, Route: etudiant/notes]
in APPPATH/Controllers/Etudiant/NotesController.php on line 38.
 1 APPPATH/Controllers/Etudiant/NotesController.php(38): CodeIgniter\Debug\Exceptions->errorHandler()
 2 SYSTEMPATH/CodeIgniter.php(951): App\Controllers\Etudiant\NotesController->go_to_notes()
 3 SYSTEMPATH/CodeIgniter.php(497): CodeIgniter\CodeIgniter->runController()
 4 SYSTEMPATH/CodeIgniter.php(340): CodeIgniter\CodeIgniter->handleRequest()
 5 SYSTEMPATH/Boot.php(417): CodeIgniter\CodeIgniter->run()
 6 SYSTEMPATH/Boot.php(68): CodeIgniter\Boot::runCodeIgniter()
 7 FCPATH/index.php(59): CodeIgniter\Boot::bootWeb()
CRITICAL - 2026-05-26 08:00:55 --> ErrorException: Undefined array key "professeur_id"
[Method: GET, Route: etudiant/notes]
in APPPATH/Controllers/Etudiant/NotesController.php on line 38.
 1 APPPATH/Controllers/Etudiant/NotesController.php(38): CodeIgniter\Debug\Exceptions->errorHandler()
 2 SYSTEMPATH/CodeIgniter.php(951): App\Controllers\Etudiant\NotesController->go_to_notes()
 3 SYSTEMPATH/CodeIgniter.php(497): CodeIgniter\CodeIgniter->runController()
 4 SYSTEMPATH/CodeIgniter.php(340): CodeIgniter\CodeIgniter->handleRequest()
 5 SYSTEMPATH/Boot.php(417): CodeIgniter\CodeIgniter->run()
 6 SYSTEMPATH/Boot.php(68): CodeIgniter\Boot::runCodeIgniter()
 7 FCPATH/index.php(59): CodeIgniter\Boot::bootWeb()
CRITICAL - 2026-05-26 08:00:55 --> ErrorException: Undefined array key "professeur_id"
[Method: GET, Route: etudiant/notes]
in APPPATH/Controllers/Etudiant/NotesController.php on line 38.
 1 APPPATH/Controllers/Etudiant/NotesController.php(38): CodeIgniter\Debug\Exceptions->errorHandler()
 2 SYSTEMPATH/CodeIgniter.php(951): App\Controllers\Etudiant\NotesController->go_to_notes()
 3 SYSTEMPATH/CodeIgniter.php(497): CodeIgniter\CodeIgniter->runController()
 4 SYSTEMPATH/CodeIgniter.php(340): CodeIgniter\CodeIgniter->handleRequest()
 5 SYSTEMPATH/Boot.php(417): CodeIgniter\CodeIgniter->run()
 6 SYSTEMPATH/Boot.php(68): CodeIgniter\Boot::runCodeIgniter()
 7 FCPATH/index.php(59): CodeIgniter\Boot::bootWeb()
CRITICAL - 2026-05-26 08:00:55 --> ErrorException: Undefined array key "professeur_id"
[Method: GET, Route: etudiant/notes]
in APPPATH/Controllers/Etudiant/NotesController.php on line 38.
 1 APPPATH/Controllers/Etudiant/NotesController.php(38): CodeIgniter\Debug\Exceptions->errorHandler()
 2 SYSTEMPATH/CodeIgniter.php(951): App\Controllers\Etudiant\NotesController->go_to_notes()
 3 SYSTEMPATH/CodeIgniter.php(497): CodeIgniter\CodeIgniter->runController()
 4 SYSTEMPATH/CodeIgniter.php(340): CodeIgniter\CodeIgniter->handleRequest()
 5 SYSTEMPATH/Boot.php(417): CodeIgniter\CodeIgniter->run()
 6 SYSTEMPATH/Boot.php(68): CodeIgniter\Boot::runCodeIgniter()
 7 FCPATH/index.php(59): CodeIgniter\Boot::bootWeb()
CRITICAL - 2026-05-26 08:00:56 --> ErrorException: Undefined array key "professeur_id"
[Method: GET, Route: etudiant/notes]
in APPPATH/Controllers/Etudiant/NotesController.php on line 38.
 1 APPPATH/Controllers/Etudiant/NotesController.php(38): CodeIgniter\Debug\Exceptions->errorHandler()
 2 SYSTEMPATH/CodeIgniter.php(951): App\Controllers\Etudiant\NotesController->go_to_notes()
 3 SYSTEMPATH/CodeIgniter.php(497): CodeIgniter\CodeIgniter->runController()
 4 SYSTEMPATH/CodeIgniter.php(340): CodeIgniter\CodeIgniter->handleRequest()
 5 SYSTEMPATH/Boot.php(417): CodeIgniter\CodeIgniter->run()
 6 SYSTEMPATH/Boot.php(68): CodeIgniter\Boot::runCodeIgniter()
 7 FCPATH/index.php(59): CodeIgniter\Boot::bootWeb()
CRITICAL - 2026-05-26 08:01:07 --> CodeIgniter\Exceptions\BadMethodCallException: Call to undefined method App\Models\Etudiant\NotesModel::getNomProf
[Method: GET, Route: etudiant/notes]
in SYSTEMPATH/Model.php on line 761.
 1 APPPATH/Controllers/Etudiant/NotesController.php(38): CodeIgniter\Model->__call()
 2 SYSTEMPATH/CodeIgniter.php(951): App\Controllers\Etudiant\NotesController->go_to_notes()
 3 SYSTEMPATH/CodeIgniter.php(497): CodeIgniter\CodeIgniter->runController()
 4 SYSTEMPATH/CodeIgniter.php(340): CodeIgniter\CodeIgniter->handleRequest()
 5 SYSTEMPATH/Boot.php(417): CodeIgniter\CodeIgniter->run()
 6 SYSTEMPATH/Boot.php(68): CodeIgniter\Boot::runCodeIgniter()
 7 FCPATH/index.php(59): CodeIgniter\Boot::bootWeb()
CRITICAL - 2026-05-26 08:01:07 --> CodeIgniter\Exceptions\BadMethodCallException: Call to undefined method App\Models\Etudiant\NotesModel::getNomProf
[Method: GET, Route: etudiant/notes]
in SYSTEMPATH/Model.php on line 761.
 1 APPPATH/Controllers/Etudiant/NotesController.php(38): CodeIgniter\Model->__call()
 2 SYSTEMPATH/CodeIgniter.php(951): App\Controllers\Etudiant\NotesController->go_to_notes()
 3 SYSTEMPATH/CodeIgniter.php(497): CodeIgniter\CodeIgniter->runController()
 4 SYSTEMPATH/CodeIgniter.php(340): CodeIgniter\CodeIgniter->handleRequest()
 5 SYSTEMPATH/Boot.php(417): CodeIgniter\CodeIgniter->run()
 6 SYSTEMPATH/Boot.php(68): CodeIgniter\Boot::runCodeIgniter()
 7 FCPATH/index.php(59): CodeIgniter\Boot::bootWeb()
CRITICAL - 2026-05-26 08:01:08 --> CodeIgniter\Exceptions\BadMethodCallException: Call to undefined method App\Models\Etudiant\NotesModel::getNomProf
[Method: GET, Route: etudiant/notes]
in SYSTEMPATH/Model.php on line 761.
 1 APPPATH/Controllers/Etudiant/NotesController.php(38): CodeIgniter\Model->__call()
 2 SYSTEMPATH/CodeIgniter.php(951): App\Controllers\Etudiant\NotesController->go_to_notes()
 3 SYSTEMPATH/CodeIgniter.php(497): CodeIgniter\CodeIgniter->runController()
 4 SYSTEMPATH/CodeIgniter.php(340): CodeIgniter\CodeIgniter->handleRequest()
 5 SYSTEMPATH/Boot.php(417): CodeIgniter\CodeIgniter->run()
 6 SYSTEMPATH/Boot.php(68): CodeIgniter\Boot::runCodeIgniter()
 7 FCPATH/index.php(59): CodeIgniter\Boot::bootWeb()
CRITICAL - 2026-05-26 08:01:08 --> CodeIgniter\Exceptions\BadMethodCallException: Call to undefined method App\Models\Etudiant\NotesModel::getNomProf
[Method: GET, Route: etudiant/notes]
in SYSTEMPATH/Model.php on line 761.
 1 APPPATH/Controllers/Etudiant/NotesController.php(38): CodeIgniter\Model->__call()
 2 SYSTEMPATH/CodeIgniter.php(951): App\Controllers\Etudiant\NotesController->go_to_notes()
 3 SYSTEMPATH/CodeIgniter.php(497): CodeIgniter\CodeIgniter->runController()
 4 SYSTEMPATH/CodeIgniter.php(340): CodeIgniter\CodeIgniter->handleRequest()
 5 SYSTEMPATH/Boot.php(417): CodeIgniter\CodeIgniter->run()
 6 SYSTEMPATH/Boot.php(68): CodeIgniter\Boot::runCodeIgniter()
 7 FCPATH/index.php(59): CodeIgniter\Boot::bootWeb()
CRITICAL - 2026-05-26 08:01:09 --> CodeIgniter\Exceptions\BadMethodCallException: Call to undefined method App\Models\Etudiant\NotesModel::getNomProf
[Method: GET, Route: etudiant/notes]
in SYSTEMPATH/Model.php on line 761.
 1 APPPATH/Controllers/Etudiant/NotesController.php(38): CodeIgniter\Model->__call()
 2 SYSTEMPATH/CodeIgniter.php(951): App\Controllers\Etudiant\NotesController->go_to_notes()
 3 SYSTEMPATH/CodeIgniter.php(497): CodeIgniter\CodeIgniter->runController()
 4 SYSTEMPATH/CodeIgniter.php(340): CodeIgniter\CodeIgniter->handleRequest()
 5 SYSTEMPATH/Boot.php(417): CodeIgniter\CodeIgniter->run()
 6 SYSTEMPATH/Boot.php(68): CodeIgniter\Boot::runCodeIgniter()
 7 FCPATH/index.php(59): CodeIgniter\Boot::bootWeb()
CRITICAL - 2026-05-26 08:01:09 --> CodeIgniter\Exceptions\BadMethodCallException: Call to undefined method App\Models\Etudiant\NotesModel::getNomProf
[Method: GET, Route: etudiant/notes]
in SYSTEMPATH/Model.php on line 761.
 1 APPPATH/Controllers/Etudiant/NotesController.php(38): CodeIgniter\Model->__call()
 2 SYSTEMPATH/CodeIgniter.php(951): App\Controllers\Etudiant\NotesController->go_to_notes()
 3 SYSTEMPATH/CodeIgniter.php(497): CodeIgniter\CodeIgniter->runController()
 4 SYSTEMPATH/CodeIgniter.php(340): CodeIgniter\CodeIgniter->handleRequest()
 5 SYSTEMPATH/Boot.php(417): CodeIgniter\CodeIgniter->run()
 6 SYSTEMPATH/Boot.php(68): CodeIgniter\Boot::runCodeIgniter()
 7 FCPATH/index.php(59): CodeIgniter\Boot::bootWeb()
CRITICAL - 2026-05-26 08:01:09 --> CodeIgniter\Exceptions\BadMethodCallException: Call to undefined method App\Models\Etudiant\NotesModel::getNomProf
[Method: GET, Route: etudiant/notes]
in SYSTEMPATH/Model.php on line 761.
 1 APPPATH/Controllers/Etudiant/NotesController.php(38): CodeIgniter\Model->__call()
 2 SYSTEMPATH/CodeIgniter.php(951): App\Controllers\Etudiant\NotesController->go_to_notes()
 3 SYSTEMPATH/CodeIgniter.php(497): CodeIgniter\CodeIgniter->runController()
 4 SYSTEMPATH/CodeIgniter.php(340): CodeIgniter\CodeIgniter->handleRequest()
 5 SYSTEMPATH/Boot.php(417): CodeIgniter\CodeIgniter->run()
 6 SYSTEMPATH/Boot.php(68): CodeIgniter\Boot::runCodeIgniter()
 7 FCPATH/index.php(59): CodeIgniter\Boot::bootWeb()
CRITICAL - 2026-05-26 08:01:09 --> CodeIgniter\Exceptions\BadMethodCallException: Call to undefined method App\Models\Etudiant\NotesModel::getNomProf
[Method: GET, Route: etudiant/notes]
in SYSTEMPATH/Model.php on line 761.
 1 APPPATH/Controllers/Etudiant/NotesController.php(38): CodeIgniter\Model->__call()
 2 SYSTEMPATH/CodeIgniter.php(951): App\Controllers\Etudiant\NotesController->go_to_notes()
 3 SYSTEMPATH/CodeIgniter.php(497): CodeIgniter\CodeIgniter->runController()
 4 SYSTEMPATH/CodeIgniter.php(340): CodeIgniter\CodeIgniter->handleRequest()
 5 SYSTEMPATH/Boot.php(417): CodeIgniter\CodeIgniter->run()
 6 SYSTEMPATH/Boot.php(68): CodeIgniter\Boot::runCodeIgniter()
 7 FCPATH/index.php(59): CodeIgniter\Boot::bootWeb()
CRITICAL - 2026-05-26 08:01:09 --> CodeIgniter\Exceptions\BadMethodCallException: Call to undefined method App\Models\Etudiant\NotesModel::getNomProf
[Method: GET, Route: etudiant/notes]
in SYSTEMPATH/Model.php on line 761.
 1 APPPATH/Controllers/Etudiant/NotesController.php(38): CodeIgniter\Model->__call()
 2 SYSTEMPATH/CodeIgniter.php(951): App\Controllers\Etudiant\NotesController->go_to_notes()
 3 SYSTEMPATH/CodeIgniter.php(497): CodeIgniter\CodeIgniter->runController()
 4 SYSTEMPATH/CodeIgniter.php(340): CodeIgniter\CodeIgniter->handleRequest()
 5 SYSTEMPATH/Boot.php(417): CodeIgniter\CodeIgniter->run()
 6 SYSTEMPATH/Boot.php(68): CodeIgniter\Boot::runCodeIgniter()
 7 FCPATH/index.php(59): CodeIgniter\Boot::bootWeb()
CRITICAL - 2026-05-26 08:01:10 --> CodeIgniter\Exceptions\BadMethodCallException: Call to undefined method App\Models\Etudiant\NotesModel::getNomProf
[Method: GET, Route: etudiant/notes]
in SYSTEMPATH/Model.php on line 761.
 1 APPPATH/Controllers/Etudiant/NotesController.php(38): CodeIgniter\Model->__call()
 2 SYSTEMPATH/CodeIgniter.php(951): App\Controllers\Etudiant\NotesController->go_to_notes()
 3 SYSTEMPATH/CodeIgniter.php(497): CodeIgniter\CodeIgniter->runController()
 4 SYSTEMPATH/CodeIgniter.php(340): CodeIgniter\CodeIgniter->handleRequest()
 5 SYSTEMPATH/Boot.php(417): CodeIgniter\CodeIgniter->run()
 6 SYSTEMPATH/Boot.php(68): CodeIgniter\Boot::runCodeIgniter()
 7 FCPATH/index.php(59): CodeIgniter\Boot::bootWeb()
CRITICAL - 2026-05-26 08:01:10 --> CodeIgniter\Exceptions\BadMethodCallException: Call to undefined method App\Models\Etudiant\NotesModel::getNomProf
[Method: GET, Route: etudiant/notes]
in SYSTEMPATH/Model.php on line 761.
 1 APPPATH/Controllers/Etudiant/NotesController.php(38): CodeIgniter\Model->__call()
 2 SYSTEMPATH/CodeIgniter.php(951): App\Controllers\Etudiant\NotesController->go_to_notes()
 3 SYSTEMPATH/CodeIgniter.php(497): CodeIgniter\CodeIgniter->runController()
 4 SYSTEMPATH/CodeIgniter.php(340): CodeIgniter\CodeIgniter->handleRequest()
 5 SYSTEMPATH/Boot.php(417): CodeIgniter\CodeIgniter->run()
 6 SYSTEMPATH/Boot.php(68): CodeIgniter\Boot::runCodeIgniter()
 7 FCPATH/index.php(59): CodeIgniter\Boot::bootWeb()
CRITICAL - 2026-05-26 08:01:45 --> CodeIgniter\Exceptions\BadMethodCallException: Call to undefined method App\Models\Etudiant\NotesModel::getNomProf
[Method: GET, Route: etudiant/notes]
in SYSTEMPATH/Model.php on line 761.
 1 APPPATH/Controllers/Etudiant/NotesController.php(43): CodeIgniter\Model->__call()
 2 SYSTEMPATH/CodeIgniter.php(951): App\Controllers\Etudiant\NotesController->go_to_notes()
 3 SYSTEMPATH/CodeIgniter.php(497): CodeIgniter\CodeIgniter->runController()
 4 SYSTEMPATH/CodeIgniter.php(340): CodeIgniter\CodeIgniter->handleRequest()
 5 SYSTEMPATH/Boot.php(417): CodeIgniter\CodeIgniter->run()
 6 SYSTEMPATH/Boot.php(68): CodeIgniter\Boot::runCodeIgniter()
 7 FCPATH/index.php(59): CodeIgniter\Boot::bootWeb()
CRITICAL - 2026-05-26 08:01:45 --> CodeIgniter\Exceptions\BadMethodCallException: Call to undefined method App\Models\Etudiant\NotesModel::getNomProf
[Method: GET, Route: etudiant/notes]
in SYSTEMPATH/Model.php on line 761.
 1 APPPATH/Controllers/Etudiant/NotesController.php(43): CodeIgniter\Model->__call()
 2 SYSTEMPATH/CodeIgniter.php(951): App\Controllers\Etudiant\NotesController->go_to_notes()
 3 SYSTEMPATH/CodeIgniter.php(497): CodeIgniter\CodeIgniter->runController()
 4 SYSTEMPATH/CodeIgniter.php(340): CodeIgniter\CodeIgniter->handleRequest()
 5 SYSTEMPATH/Boot.php(417): CodeIgniter\CodeIgniter->run()
 6 SYSTEMPATH/Boot.php(68): CodeIgniter\Boot::runCodeIgniter()
 7 FCPATH/index.php(59): CodeIgniter\Boot::bootWeb()
CRITICAL - 2026-05-26 08:01:46 --> CodeIgniter\Exceptions\BadMethodCallException: Call to undefined method App\Models\Etudiant\NotesModel::getNomProf
[Method: GET, Route: etudiant/notes]
in SYSTEMPATH/Model.php on line 761.
 1 APPPATH/Controllers/Etudiant/NotesController.php(43): CodeIgniter\Model->__call()
 2 SYSTEMPATH/CodeIgniter.php(951): App\Controllers\Etudiant\NotesController->go_to_notes()
 3 SYSTEMPATH/CodeIgniter.php(497): CodeIgniter\CodeIgniter->runController()
 4 SYSTEMPATH/CodeIgniter.php(340): CodeIgniter\CodeIgniter->handleRequest()
 5 SYSTEMPATH/Boot.php(417): CodeIgniter\CodeIgniter->run()
 6 SYSTEMPATH/Boot.php(68): CodeIgniter\Boot::runCodeIgniter()
 7 FCPATH/index.php(59): CodeIgniter\Boot::bootWeb()
CRITICAL - 2026-05-26 08:01:46 --> CodeIgniter\Exceptions\BadMethodCallException: Call to undefined method App\Models\Etudiant\NotesModel::getNomProf
[Method: GET, Route: etudiant/notes]
in SYSTEMPATH/Model.php on line 761.
 1 APPPATH/Controllers/Etudiant/NotesController.php(43): CodeIgniter\Model->__call()
 2 SYSTEMPATH/CodeIgniter.php(951): App\Controllers\Etudiant\NotesController->go_to_notes()
 3 SYSTEMPATH/CodeIgniter.php(497): CodeIgniter\CodeIgniter->runController()
 4 SYSTEMPATH/CodeIgniter.php(340): CodeIgniter\CodeIgniter->handleRequest()
 5 SYSTEMPATH/Boot.php(417): CodeIgniter\CodeIgniter->run()
 6 SYSTEMPATH/Boot.php(68): CodeIgniter\Boot::runCodeIgniter()
 7 FCPATH/index.php(59): CodeIgniter\Boot::bootWeb()
CRITICAL - 2026-05-26 08:01:46 --> CodeIgniter\Exceptions\BadMethodCallException: Call to undefined method App\Models\Etudiant\NotesModel::getNomProf
[Method: GET, Route: etudiant/notes]
in SYSTEMPATH/Model.php on line 761.
 1 APPPATH/Controllers/Etudiant/NotesController.php(43): CodeIgniter\Model->__call()
 2 SYSTEMPATH/CodeIgniter.php(951): App\Controllers\Etudiant\NotesController->go_to_notes()
 3 SYSTEMPATH/CodeIgniter.php(497): CodeIgniter\CodeIgniter->runController()
 4 SYSTEMPATH/CodeIgniter.php(340): CodeIgniter\CodeIgniter->handleRequest()
 5 SYSTEMPATH/Boot.php(417): CodeIgniter\CodeIgniter->run()
 6 SYSTEMPATH/Boot.php(68): CodeIgniter\Boot::runCodeIgniter()
 7 FCPATH/index.php(59): CodeIgniter\Boot::bootWeb()
CRITICAL - 2026-05-26 08:01:46 --> CodeIgniter\Exceptions\BadMethodCallException: Call to undefined method App\Models\Etudiant\NotesModel::getNomProf
[Method: GET, Route: etudiant/notes]
in SYSTEMPATH/Model.php on line 761.
 1 APPPATH/Controllers/Etudiant/NotesController.php(43): CodeIgniter\Model->__call()
 2 SYSTEMPATH/CodeIgniter.php(951): App\Controllers\Etudiant\NotesController->go_to_notes()
 3 SYSTEMPATH/CodeIgniter.php(497): CodeIgniter\CodeIgniter->runController()
 4 SYSTEMPATH/CodeIgniter.php(340): CodeIgniter\CodeIgniter->handleRequest()
 5 SYSTEMPATH/Boot.php(417): CodeIgniter\CodeIgniter->run()
 6 SYSTEMPATH/Boot.php(68): CodeIgniter\Boot::runCodeIgniter()
 7 FCPATH/index.php(59): CodeIgniter\Boot::bootWeb()
CRITICAL - 2026-05-26 08:01:46 --> CodeIgniter\Exceptions\BadMethodCallException: Call to undefined method App\Models\Etudiant\NotesModel::getNomProf
[Method: GET, Route: etudiant/notes]
in SYSTEMPATH/Model.php on line 761.
 1 APPPATH/Controllers/Etudiant/NotesController.php(43): CodeIgniter\Model->__call()
 2 SYSTEMPATH/CodeIgniter.php(951): App\Controllers\Etudiant\NotesController->go_to_notes()
 3 SYSTEMPATH/CodeIgniter.php(497): CodeIgniter\CodeIgniter->runController()
 4 SYSTEMPATH/CodeIgniter.php(340): CodeIgniter\CodeIgniter->handleRequest()
 5 SYSTEMPATH/Boot.php(417): CodeIgniter\CodeIgniter->run()
 6 SYSTEMPATH/Boot.php(68): CodeIgniter\Boot::runCodeIgniter()
 7 FCPATH/index.php(59): CodeIgniter\Boot::bootWeb()
CRITICAL - 2026-05-26 08:01:46 --> CodeIgniter\Exceptions\BadMethodCallException: Call to undefined method App\Models\Etudiant\NotesModel::getNomProf
[Method: GET, Route: etudiant/notes]
in SYSTEMPATH/Model.php on line 761.
 1 APPPATH/Controllers/Etudiant/NotesController.php(43): CodeIgniter\Model->__call()
 2 SYSTEMPATH/CodeIgniter.php(951): App\Controllers\Etudiant\NotesController->go_to_notes()
 3 SYSTEMPATH/CodeIgniter.php(497): CodeIgniter\CodeIgniter->runController()
 4 SYSTEMPATH/CodeIgniter.php(340): CodeIgniter\CodeIgniter->handleRequest()
 5 SYSTEMPATH/Boot.php(417): CodeIgniter\CodeIgniter->run()
 6 SYSTEMPATH/Boot.php(68): CodeIgniter\Boot::runCodeIgniter()
 7 FCPATH/index.php(59): CodeIgniter\Boot::bootWeb()
CRITICAL - 2026-05-26 08:01:46 --> CodeIgniter\Exceptions\BadMethodCallException: Call to undefined method App\Models\Etudiant\NotesModel::getNomProf
[Method: GET, Route: etudiant/notes]
in SYSTEMPATH/Model.php on line 761.
 1 APPPATH/Controllers/Etudiant/NotesController.php(43): CodeIgniter\Model->__call()
 2 SYSTEMPATH/CodeIgniter.php(951): App\Controllers\Etudiant\NotesController->go_to_notes()
 3 SYSTEMPATH/CodeIgniter.php(497): CodeIgniter\CodeIgniter->runController()
 4 SYSTEMPATH/CodeIgniter.php(340): CodeIgniter\CodeIgniter->handleRequest()
 5 SYSTEMPATH/Boot.php(417): CodeIgniter\CodeIgniter->run()
 6 SYSTEMPATH/Boot.php(68): CodeIgniter\Boot::runCodeIgniter()
 7 FCPATH/index.php(59): CodeIgniter\Boot::bootWeb()
CRITICAL - 2026-05-26 08:01:47 --> CodeIgniter\Exceptions\BadMethodCallException: Call to undefined method App\Models\Etudiant\NotesModel::getNomProf
[Method: GET, Route: etudiant/notes]
in SYSTEMPATH/Model.php on line 761.
 1 APPPATH/Controllers/Etudiant/NotesController.php(43): CodeIgniter\Model->__call()
 2 SYSTEMPATH/CodeIgniter.php(951): App\Controllers\Etudiant\NotesController->go_to_notes()
 3 SYSTEMPATH/CodeIgniter.php(497): CodeIgniter\CodeIgniter->runController()
 4 SYSTEMPATH/CodeIgniter.php(340): CodeIgniter\CodeIgniter->handleRequest()
 5 SYSTEMPATH/Boot.php(417): CodeIgniter\CodeIgniter->run()
 6 SYSTEMPATH/Boot.php(68): CodeIgniter\Boot::runCodeIgniter()
 7 FCPATH/index.php(59): CodeIgniter\Boot::bootWeb()
CRITICAL - 2026-05-26 08:01:47 --> CodeIgniter\Exceptions\BadMethodCallException: Call to undefined method App\Models\Etudiant\NotesModel::getNomProf
[Method: GET, Route: etudiant/notes]
in SYSTEMPATH/Model.php on line 761.
 1 APPPATH/Controllers/Etudiant/NotesController.php(43): CodeIgniter\Model->__call()
 2 SYSTEMPATH/CodeIgniter.php(951): App\Controllers\Etudiant\NotesController->go_to_notes()
 3 SYSTEMPATH/CodeIgniter.php(497): CodeIgniter\CodeIgniter->runController()
 4 SYSTEMPATH/CodeIgniter.php(340): CodeIgniter\CodeIgniter->handleRequest()
 5 SYSTEMPATH/Boot.php(417): CodeIgniter\CodeIgniter->run()
 6 SYSTEMPATH/Boot.php(68): CodeIgniter\Boot::runCodeIgniter()
 7 FCPATH/index.php(59): CodeIgniter\Boot::bootWeb()
CRITICAL - 2026-05-26 08:01:47 --> CodeIgniter\Exceptions\BadMethodCallException: Call to undefined method App\Models\Etudiant\NotesModel::getNomProf
[Method: GET, Route: etudiant/notes]
in SYSTEMPATH/Model.php on line 761.
 1 APPPATH/Controllers/Etudiant/NotesController.php(43): CodeIgniter\Model->__call()
 2 SYSTEMPATH/CodeIgniter.php(951): App\Controllers\Etudiant\NotesController->go_to_notes()
 3 SYSTEMPATH/CodeIgniter.php(497): CodeIgniter\CodeIgniter->runController()
 4 SYSTEMPATH/CodeIgniter.php(340): CodeIgniter\CodeIgniter->handleRequest()
 5 SYSTEMPATH/Boot.php(417): CodeIgniter\CodeIgniter->run()
 6 SYSTEMPATH/Boot.php(68): CodeIgniter\Boot::runCodeIgniter()
 7 FCPATH/index.php(59): CodeIgniter\Boot::bootWeb()
CRITICAL - 2026-05-26 08:01:47 --> CodeIgniter\Exceptions\BadMethodCallException: Call to undefined method App\Models\Etudiant\NotesModel::getNomProf
[Method: GET, Route: etudiant/notes]
in SYSTEMPATH/Model.php on line 761.
 1 APPPATH/Controllers/Etudiant/NotesController.php(43): CodeIgniter\Model->__call()
 2 SYSTEMPATH/CodeIgniter.php(951): App\Controllers\Etudiant\NotesController->go_to_notes()
 3 SYSTEMPATH/CodeIgniter.php(497): CodeIgniter\CodeIgniter->runController()
 4 SYSTEMPATH/CodeIgniter.php(340): CodeIgniter\CodeIgniter->handleRequest()
 5 SYSTEMPATH/Boot.php(417): CodeIgniter\CodeIgniter->run()
 6 SYSTEMPATH/Boot.php(68): CodeIgniter\Boot::runCodeIgniter()
 7 FCPATH/index.php(59): CodeIgniter\Boot::bootWeb()
CRITICAL - 2026-05-26 08:01:47 --> CodeIgniter\Exceptions\BadMethodCallException: Call to undefined method App\Models\Etudiant\NotesModel::getNomProf
[Method: GET, Route: etudiant/notes]
in SYSTEMPATH/Model.php on line 761.
 1 APPPATH/Controllers/Etudiant/NotesController.php(43): CodeIgniter\Model->__call()
 2 SYSTEMPATH/CodeIgniter.php(951): App\Controllers\Etudiant\NotesController->go_to_notes()
 3 SYSTEMPATH/CodeIgniter.php(497): CodeIgniter\CodeIgniter->runController()
 4 SYSTEMPATH/CodeIgniter.php(340): CodeIgniter\CodeIgniter->handleRequest()
 5 SYSTEMPATH/Boot.php(417): CodeIgniter\CodeIgniter->run()
 6 SYSTEMPATH/Boot.php(68): CodeIgniter\Boot::runCodeIgniter()
 7 FCPATH/index.php(59): CodeIgniter\Boot::bootWeb()
CRITICAL - 2026-05-26 08:01:47 --> CodeIgniter\Exceptions\BadMethodCallException: Call to undefined method App\Models\Etudiant\NotesModel::getNomProf
[Method: GET, Route: etudiant/notes]
in SYSTEMPATH/Model.php on line 761.
 1 APPPATH/Controllers/Etudiant/NotesController.php(43): CodeIgniter\Model->__call()
 2 SYSTEMPATH/CodeIgniter.php(951): App\Controllers\Etudiant\NotesController->go_to_notes()
 3 SYSTEMPATH/CodeIgniter.php(497): CodeIgniter\CodeIgniter->runController()
 4 SYSTEMPATH/CodeIgniter.php(340): CodeIgniter\CodeIgniter->handleRequest()
 5 SYSTEMPATH/Boot.php(417): CodeIgniter\CodeIgniter->run()
 6 SYSTEMPATH/Boot.php(68): CodeIgniter\Boot::runCodeIgniter()
 7 FCPATH/index.php(59): CodeIgniter\Boot::bootWeb()
CRITICAL - 2026-05-26 08:01:47 --> CodeIgniter\Exceptions\BadMethodCallException: Call to undefined method App\Models\Etudiant\NotesModel::getNomProf
[Method: GET, Route: etudiant/notes]
in SYSTEMPATH/Model.php on line 761.
 1 APPPATH/Controllers/Etudiant/NotesController.php(43): CodeIgniter\Model->__call()
 2 SYSTEMPATH/CodeIgniter.php(951): App\Controllers\Etudiant\NotesController->go_to_notes()
 3 SYSTEMPATH/CodeIgniter.php(497): CodeIgniter\CodeIgniter->runController()
 4 SYSTEMPATH/CodeIgniter.php(340): CodeIgniter\CodeIgniter->handleRequest()
 5 SYSTEMPATH/Boot.php(417): CodeIgniter\CodeIgniter->run()
 6 SYSTEMPATH/Boot.php(68): CodeIgniter\Boot::runCodeIgniter()
 7 FCPATH/index.php(59): CodeIgniter\Boot::bootWeb()
CRITICAL - 2026-05-26 08:01:47 --> CodeIgniter\Exceptions\BadMethodCallException: Call to undefined method App\Models\Etudiant\NotesModel::getNomProf
[Method: GET, Route: etudiant/notes]
in SYSTEMPATH/Model.php on line 761.
 1 APPPATH/Controllers/Etudiant/NotesController.php(43): CodeIgniter\Model->__call()
 2 SYSTEMPATH/CodeIgniter.php(951): App\Controllers\Etudiant\NotesController->go_to_notes()
 3 SYSTEMPATH/CodeIgniter.php(497): CodeIgniter\CodeIgniter->runController()
 4 SYSTEMPATH/CodeIgniter.php(340): CodeIgniter\CodeIgniter->handleRequest()
 5 SYSTEMPATH/Boot.php(417): CodeIgniter\CodeIgniter->run()
 6 SYSTEMPATH/Boot.php(68): CodeIgniter\Boot::runCodeIgniter()
 7 FCPATH/index.php(59): CodeIgniter\Boot::bootWeb()
CRITICAL - 2026-05-26 08:10:11 --> ErrorException: Undefined array key "grade"
[Method: GET, Route: etudiant/notes]
in APPPATH/Views/etudiant/note.php on line 59.
 1 APPPATH/Views/etudiant/note.php(59): CodeIgniter\Debug\Exceptions->errorHandler()
 2 SYSTEMPATH/View/View.php(240): include('/home/main/Documents/GitHub/SousGroupeEcole/app/Views/etudiant/note.php')
 3 SYSTEMPATH/View/View.php(243): CodeIgniter\View\View->CodeIgniter\View\{closure}()
 4 SYSTEMPATH/Common.php(1250): CodeIgniter\View\View->render()
 5 APPPATH/Controllers/Etudiant/NotesController.php(45): view()
 6 SYSTEMPATH/CodeIgniter.php(951): App\Controllers\Etudiant\NotesController->go_to_notes()
 7 SYSTEMPATH/CodeIgniter.php(497): CodeIgniter\CodeIgniter->runController()
 8 SYSTEMPATH/CodeIgniter.php(340): CodeIgniter\CodeIgniter->handleRequest()
 9 SYSTEMPATH/Boot.php(417): CodeIgniter\CodeIgniter->run()
10 SYSTEMPATH/Boot.php(68): CodeIgniter\Boot::runCodeIgniter()
11 FCPATH/index.php(59): CodeIgniter\Boot::bootWeb()
CRITICAL - 2026-05-26 09:05:40 --> ErrorException: Undefined variable $pageTitle
[Method: GET, Route: etudiant/notes]
in APPPATH/Views/etudiant/note.php on line 2.
 1 APPPATH/Views/etudiant/note.php(2): CodeIgniter\Debug\Exceptions->errorHandler()
 2 SYSTEMPATH/View/View.php(240): include('/home/main/Documents/GitHub/SousGroupeEcole/app/Views/etudiant/note.php')
 3 SYSTEMPATH/View/View.php(243): CodeIgniter\View\View->CodeIgniter\View\{closure}()
 4 SYSTEMPATH/Common.php(1250): CodeIgniter\View\View->render()
 5 APPPATH/Controllers/Etudiant/NotesController.php(52): view()
 6 SYSTEMPATH/CodeIgniter.php(951): App\Controllers\Etudiant\NotesController->go_to_notes()
 7 SYSTEMPATH/CodeIgniter.php(497): CodeIgniter\CodeIgniter->runController()
 8 SYSTEMPATH/CodeIgniter.php(340): CodeIgniter\CodeIgniter->handleRequest()
 9 SYSTEMPATH/Boot.php(417): CodeIgniter\CodeIgniter->run()
10 SYSTEMPATH/Boot.php(68): CodeIgniter\Boot::runCodeIgniter()
11 FCPATH/index.php(59): CodeIgniter\Boot::bootWeb()
CRITICAL - 2026-05-26 09:05:41 --> ErrorException: Undefined variable $pageTitle
[Method: GET, Route: etudiant/notes]
in APPPATH/Views/etudiant/note.php on line 2.
 1 APPPATH/Views/etudiant/note.php(2): CodeIgniter\Debug\Exceptions->errorHandler()
 2 SYSTEMPATH/View/View.php(240): include('/home/main/Documents/GitHub/SousGroupeEcole/app/Views/etudiant/note.php')
 3 SYSTEMPATH/View/View.php(243): CodeIgniter\View\View->CodeIgniter\View\{closure}()
 4 SYSTEMPATH/Common.php(1250): CodeIgniter\View\View->render()
 5 APPPATH/Controllers/Etudiant/NotesController.php(52): view()
 6 SYSTEMPATH/CodeIgniter.php(951): App\Controllers\Etudiant\NotesController->go_to_notes()
 7 SYSTEMPATH/CodeIgniter.php(497): CodeIgniter\CodeIgniter->runController()
 8 SYSTEMPATH/CodeIgniter.php(340): CodeIgniter\CodeIgniter->handleRequest()
 9 SYSTEMPATH/Boot.php(417): CodeIgniter\CodeIgniter->run()
10 SYSTEMPATH/Boot.php(68): CodeIgniter\Boot::runCodeIgniter()
11 FCPATH/index.php(59): CodeIgniter\Boot::bootWeb()
CRITICAL - 2026-05-26 09:05:41 --> ErrorException: Undefined variable $pageTitle
[Method: GET, Route: etudiant/notes]
in APPPATH/Views/etudiant/note.php on line 2.
 1 APPPATH/Views/etudiant/note.php(2): CodeIgniter\Debug\Exceptions->errorHandler()
 2 SYSTEMPATH/View/View.php(240): include('/home/main/Documents/GitHub/SousGroupeEcole/app/Views/etudiant/note.php')
 3 SYSTEMPATH/View/View.php(243): CodeIgniter\View\View->CodeIgniter\View\{closure}()
 4 SYSTEMPATH/Common.php(1250): CodeIgniter\View\View->render()
 5 APPPATH/Controllers/Etudiant/NotesController.php(52): view()
 6 SYSTEMPATH/CodeIgniter.php(951): App\Controllers\Etudiant\NotesController->go_to_notes()
 7 SYSTEMPATH/CodeIgniter.php(497): CodeIgniter\CodeIgniter->runController()
 8 SYSTEMPATH/CodeIgniter.php(340): CodeIgniter\CodeIgniter->handleRequest()
 9 SYSTEMPATH/Boot.php(417): CodeIgniter\CodeIgniter->run()
10 SYSTEMPATH/Boot.php(68): CodeIgniter\Boot::runCodeIgniter()
11 FCPATH/index.php(59): CodeIgniter\Boot::bootWeb()
CRITICAL - 2026-05-26 09:05:41 --> ErrorException: Undefined variable $pageTitle
[Method: GET, Route: etudiant/notes]
in APPPATH/Views/etudiant/note.php on line 2.
 1 APPPATH/Views/etudiant/note.php(2): CodeIgniter\Debug\Exceptions->errorHandler()
 2 SYSTEMPATH/View/View.php(240): include('/home/main/Documents/GitHub/SousGroupeEcole/app/Views/etudiant/note.php')
 3 SYSTEMPATH/View/View.php(243): CodeIgniter\View\View->CodeIgniter\View\{closure}()
 4 SYSTEMPATH/Common.php(1250): CodeIgniter\View\View->render()
 5 APPPATH/Controllers/Etudiant/NotesController.php(52): view()
 6 SYSTEMPATH/CodeIgniter.php(951): App\Controllers\Etudiant\NotesController->go_to_notes()
 7 SYSTEMPATH/CodeIgniter.php(497): CodeIgniter\CodeIgniter->runController()
 8 SYSTEMPATH/CodeIgniter.php(340): CodeIgniter\CodeIgniter->handleRequest()
 9 SYSTEMPATH/Boot.php(417): CodeIgniter\CodeIgniter->run()
10 SYSTEMPATH/Boot.php(68): CodeIgniter\Boot::runCodeIgniter()
11 FCPATH/index.php(59): CodeIgniter\Boot::bootWeb()
CRITICAL - 2026-05-26 09:05:41 --> ErrorException: Undefined variable $pageTitle
[Method: GET, Route: etudiant/notes]
in APPPATH/Views/etudiant/note.php on line 2.
 1 APPPATH/Views/etudiant/note.php(2): CodeIgniter\Debug\Exceptions->errorHandler()
 2 SYSTEMPATH/View/View.php(240): include('/home/main/Documents/GitHub/SousGroupeEcole/app/Views/etudiant/note.php')
 3 SYSTEMPATH/View/View.php(243): CodeIgniter\View\View->CodeIgniter\View\{closure}()
 4 SYSTEMPATH/Common.php(1250): CodeIgniter\View\View->render()
 5 APPPATH/Controllers/Etudiant/NotesController.php(52): view()
 6 SYSTEMPATH/CodeIgniter.php(951): App\Controllers\Etudiant\NotesController->go_to_notes()
 7 SYSTEMPATH/CodeIgniter.php(497): CodeIgniter\CodeIgniter->runController()
 8 SYSTEMPATH/CodeIgniter.php(340): CodeIgniter\CodeIgniter->handleRequest()
 9 SYSTEMPATH/Boot.php(417): CodeIgniter\CodeIgniter->run()
10 SYSTEMPATH/Boot.php(68): CodeIgniter\Boot::runCodeIgniter()
11 FCPATH/index.php(59): CodeIgniter\Boot::bootWeb()
CRITICAL - 2026-05-26 09:05:42 --> ErrorException: Undefined variable $pageTitle
[Method: GET, Route: etudiant/notes]
in APPPATH/Views/etudiant/note.php on line 2.
 1 APPPATH/Views/etudiant/note.php(2): CodeIgniter\Debug\Exceptions->errorHandler()
 2 SYSTEMPATH/View/View.php(240): include('/home/main/Documents/GitHub/SousGroupeEcole/app/Views/etudiant/note.php')
 3 SYSTEMPATH/View/View.php(243): CodeIgniter\View\View->CodeIgniter\View\{closure}()
 4 SYSTEMPATH/Common.php(1250): CodeIgniter\View\View->render()
 5 APPPATH/Controllers/Etudiant/NotesController.php(52): view()
 6 SYSTEMPATH/CodeIgniter.php(951): App\Controllers\Etudiant\NotesController->go_to_notes()
 7 SYSTEMPATH/CodeIgniter.php(497): CodeIgniter\CodeIgniter->runController()
 8 SYSTEMPATH/CodeIgniter.php(340): CodeIgniter\CodeIgniter->handleRequest()
 9 SYSTEMPATH/Boot.php(417): CodeIgniter\CodeIgniter->run()
10 SYSTEMPATH/Boot.php(68): CodeIgniter\Boot::runCodeIgniter()
11 FCPATH/index.php(59): CodeIgniter\Boot::bootWeb()
CRITICAL - 2026-05-26 10:53:41 --> ErrorException: Undefined variable $some
[Method: GET, Route: etudiant/notes]
in APPPATH/Models/Etudiant/NotesModel.php on line 30.
 1 APPPATH/Models/Etudiant/NotesModel.php(30): CodeIgniter\Debug\Exceptions->errorHandler()
 2 APPPATH/Controllers/Etudiant/NotesController.php(64): App\Models\Etudiant\NotesModel->calculerMoyenne()
 3 SYSTEMPATH/CodeIgniter.php(951): App\Controllers\Etudiant\NotesController->go_to_notes()
 4 SYSTEMPATH/CodeIgniter.php(497): CodeIgniter\CodeIgniter->runController()
 5 SYSTEMPATH/CodeIgniter.php(340): CodeIgniter\CodeIgniter->handleRequest()
 6 SYSTEMPATH/Boot.php(417): CodeIgniter\CodeIgniter->run()
 7 SYSTEMPATH/Boot.php(68): CodeIgniter\Boot::runCodeIgniter()
 8 FCPATH/index.php(59): CodeIgniter\Boot::bootWeb()
CRITICAL - 2026-05-26 10:53:41 --> ErrorException: Undefined variable $some
[Method: GET, Route: etudiant/notes]
in APPPATH/Models/Etudiant/NotesModel.php on line 30.
 1 APPPATH/Models/Etudiant/NotesModel.php(30): CodeIgniter\Debug\Exceptions->errorHandler()
 2 APPPATH/Controllers/Etudiant/NotesController.php(64): App\Models\Etudiant\NotesModel->calculerMoyenne()
 3 SYSTEMPATH/CodeIgniter.php(951): App\Controllers\Etudiant\NotesController->go_to_notes()
 4 SYSTEMPATH/CodeIgniter.php(497): CodeIgniter\CodeIgniter->runController()
 5 SYSTEMPATH/CodeIgniter.php(340): CodeIgniter\CodeIgniter->handleRequest()
 6 SYSTEMPATH/Boot.php(417): CodeIgniter\CodeIgniter->run()
 7 SYSTEMPATH/Boot.php(68): CodeIgniter\Boot::runCodeIgniter()
 8 FCPATH/index.php(59): CodeIgniter\Boot::bootWeb()
CRITICAL - 2026-05-26 10:53:42 --> ErrorException: Undefined variable $some
[Method: GET, Route: etudiant/notes]
in APPPATH/Models/Etudiant/NotesModel.php on line 30.
 1 APPPATH/Models/Etudiant/NotesModel.php(30): CodeIgniter\Debug\Exceptions->errorHandler()
 2 APPPATH/Controllers/Etudiant/NotesController.php(64): App\Models\Etudiant\NotesModel->calculerMoyenne()
 3 SYSTEMPATH/CodeIgniter.php(951): App\Controllers\Etudiant\NotesController->go_to_notes()
 4 SYSTEMPATH/CodeIgniter.php(497): CodeIgniter\CodeIgniter->runController()
 5 SYSTEMPATH/CodeIgniter.php(340): CodeIgniter\CodeIgniter->handleRequest()
 6 SYSTEMPATH/Boot.php(417): CodeIgniter\CodeIgniter->run()
 7 SYSTEMPATH/Boot.php(68): CodeIgniter\Boot::runCodeIgniter()
 8 FCPATH/index.php(59): CodeIgniter\Boot::bootWeb()
CRITICAL - 2026-05-26 10:53:42 --> ErrorException: Undefined variable $some
[Method: GET, Route: etudiant/notes]
in APPPATH/Models/Etudiant/NotesModel.php on line 30.
 1 APPPATH/Models/Etudiant/NotesModel.php(30): CodeIgniter\Debug\Exceptions->errorHandler()
 2 APPPATH/Controllers/Etudiant/NotesController.php(64): App\Models\Etudiant\NotesModel->calculerMoyenne()
 3 SYSTEMPATH/CodeIgniter.php(951): App\Controllers\Etudiant\NotesController->go_to_notes()
 4 SYSTEMPATH/CodeIgniter.php(497): CodeIgniter\CodeIgniter->runController()
 5 SYSTEMPATH/CodeIgniter.php(340): CodeIgniter\CodeIgniter->handleRequest()
 6 SYSTEMPATH/Boot.php(417): CodeIgniter\CodeIgniter->run()
 7 SYSTEMPATH/Boot.php(68): CodeIgniter\Boot::runCodeIgniter()
 8 FCPATH/index.php(59): CodeIgniter\Boot::bootWeb()
CRITICAL - 2026-05-26 10:53:42 --> ErrorException: Undefined variable $some
[Method: GET, Route: etudiant/notes]
in APPPATH/Models/Etudiant/NotesModel.php on line 30.
 1 APPPATH/Models/Etudiant/NotesModel.php(30): CodeIgniter\Debug\Exceptions->errorHandler()
 2 APPPATH/Controllers/Etudiant/NotesController.php(64): App\Models\Etudiant\NotesModel->calculerMoyenne()
 3 SYSTEMPATH/CodeIgniter.php(951): App\Controllers\Etudiant\NotesController->go_to_notes()
 4 SYSTEMPATH/CodeIgniter.php(497): CodeIgniter\CodeIgniter->runController()
 5 SYSTEMPATH/CodeIgniter.php(340): CodeIgniter\CodeIgniter->handleRequest()
 6 SYSTEMPATH/Boot.php(417): CodeIgniter\CodeIgniter->run()
 7 SYSTEMPATH/Boot.php(68): CodeIgniter\Boot::runCodeIgniter()
 8 FCPATH/index.php(59): CodeIgniter\Boot::bootWeb()
CRITICAL - 2026-05-26 10:53:42 --> ErrorException: Undefined variable $some
[Method: GET, Route: etudiant/notes]
in APPPATH/Models/Etudiant/NotesModel.php on line 30.
 1 APPPATH/Models/Etudiant/NotesModel.php(30): CodeIgniter\Debug\Exceptions->errorHandler()
 2 APPPATH/Controllers/Etudiant/NotesController.php(64): App\Models\Etudiant\NotesModel->calculerMoyenne()
 3 SYSTEMPATH/CodeIgniter.php(951): App\Controllers\Etudiant\NotesController->go_to_notes()
 4 SYSTEMPATH/CodeIgniter.php(497): CodeIgniter\CodeIgniter->runController()
 5 SYSTEMPATH/CodeIgniter.php(340): CodeIgniter\CodeIgniter->handleRequest()
 6 SYSTEMPATH/Boot.php(417): CodeIgniter\CodeIgniter->run()
 7 SYSTEMPATH/Boot.php(68): CodeIgniter\Boot::runCodeIgniter()
 8 FCPATH/index.php(59): CodeIgniter\Boot::bootWeb()
CRITICAL - 2026-05-26 10:53:42 --> ErrorException: Undefined variable $some
[Method: GET, Route: etudiant/notes]
in APPPATH/Models/Etudiant/NotesModel.php on line 30.
 1 APPPATH/Models/Etudiant/NotesModel.php(30): CodeIgniter\Debug\Exceptions->errorHandler()
 2 APPPATH/Controllers/Etudiant/NotesController.php(64): App\Models\Etudiant\NotesModel->calculerMoyenne()
 3 SYSTEMPATH/CodeIgniter.php(951): App\Controllers\Etudiant\NotesController->go_to_notes()
 4 SYSTEMPATH/CodeIgniter.php(497): CodeIgniter\CodeIgniter->runController()
 5 SYSTEMPATH/CodeIgniter.php(340): CodeIgniter\CodeIgniter->handleRequest()
 6 SYSTEMPATH/Boot.php(417): CodeIgniter\CodeIgniter->run()
 7 SYSTEMPATH/Boot.php(68): CodeIgniter\Boot::runCodeIgniter()
 8 FCPATH/index.php(59): CodeIgniter\Boot::bootWeb()
CRITICAL - 2026-05-26 10:53:47 --> ErrorException: Undefined variable $some
[Method: GET, Route: etudiant/notes]
in APPPATH/Models/Etudiant/NotesModel.php on line 30.
 1 APPPATH/Models/Etudiant/NotesModel.php(30): CodeIgniter\Debug\Exceptions->errorHandler()
 2 APPPATH/Controllers/Etudiant/NotesController.php(64): App\Models\Etudiant\NotesModel->calculerMoyenne()
 3 SYSTEMPATH/CodeIgniter.php(951): App\Controllers\Etudiant\NotesController->go_to_notes()
 4 SYSTEMPATH/CodeIgniter.php(497): CodeIgniter\CodeIgniter->runController()
 5 SYSTEMPATH/CodeIgniter.php(340): CodeIgniter\CodeIgniter->handleRequest()
 6 SYSTEMPATH/Boot.php(417): CodeIgniter\CodeIgniter->run()
 7 SYSTEMPATH/Boot.php(68): CodeIgniter\Boot::runCodeIgniter()
 8 FCPATH/index.php(59): CodeIgniter\Boot::bootWeb()
ERROR - 2026-05-26 10:54:04 --> pg_query(): Query failed: ERROR:  missing FROM-clause entry for table &quot;inscriptions&quot;
LINE 3: JOIN &quot;classes&quot; ON &quot;classes&quot;.&quot;id&quot; = &quot;inscriptions&quot;.&quot;classe_id...
                                           ^
in SYSTEMPATH/Database/Postgre/Connection.php on line 200.
 1 SYSTEMPATH/Database/BaseConnection.php(910): CodeIgniter\Database\Postgre\Connection->execute()
 2 SYSTEMPATH/Database/BaseConnection.php(827): CodeIgniter\Database\BaseConnection->simpleQuery()
 3 SYSTEMPATH/Database/BaseBuilder.php(1649): CodeIgniter\Database\BaseConnection->query()
 4 SYSTEMPATH/Model.php(295): CodeIgniter\Database\BaseBuilder->get()
 5 SYSTEMPATH/BaseModel.php(714): CodeIgniter\Model->doFirst()
 6 APPPATH/Models/Etudiant/NotesModel.php(43): CodeIgniter\BaseModel->first()
 7 APPPATH/Controllers/Etudiant/NotesController.php(65): App\Models\Etudiant\NotesModel->getClasseEtudiant()
 8 SYSTEMPATH/CodeIgniter.php(951): App\Controllers\Etudiant\NotesController->go_to_notes()
 9 SYSTEMPATH/CodeIgniter.php(497): CodeIgniter\CodeIgniter->runController()
10 SYSTEMPATH/CodeIgniter.php(340): CodeIgniter\CodeIgniter->handleRequest()
11 SYSTEMPATH/Boot.php(417): CodeIgniter\CodeIgniter->run()
12 SYSTEMPATH/Boot.php(68): CodeIgniter\Boot::runCodeIgniter()
13 FCPATH/index.php(59): CodeIgniter\Boot::bootWeb()
CRITICAL - 2026-05-26 10:54:04 --> CodeIgniter\Database\Exceptions\DatabaseException: pg_query(): Query failed: ERROR:  missing FROM-clause entry for table &quot;inscriptions&quot;
LINE 3: JOIN &quot;classes&quot; ON &quot;classes&quot;.&quot;id&quot; = &quot;inscriptions&quot;.&quot;classe_id...
                                           ^
[Method: GET, Route: etudiant/notes]
in SYSTEMPATH/Database/BaseConnection.php on line 865.
 1 SYSTEMPATH/Database/BaseBuilder.php(1649): CodeIgniter\Database\BaseConnection->query()
 2 SYSTEMPATH/Model.php(295): CodeIgniter\Database\BaseBuilder->get()
 3 SYSTEMPATH/BaseModel.php(714): CodeIgniter\Model->doFirst()
 4 APPPATH/Models/Etudiant/NotesModel.php(43): CodeIgniter\BaseModel->first()
 5 APPPATH/Controllers/Etudiant/NotesController.php(65): App\Models\Etudiant\NotesModel->getClasseEtudiant()
 6 SYSTEMPATH/CodeIgniter.php(951): App\Controllers\Etudiant\NotesController->go_to_notes()
 7 SYSTEMPATH/CodeIgniter.php(497): CodeIgniter\CodeIgniter->runController()
 8 SYSTEMPATH/CodeIgniter.php(340): CodeIgniter\CodeIgniter->handleRequest()
 9 SYSTEMPATH/Boot.php(417): CodeIgniter\CodeIgniter->run()
10 SYSTEMPATH/Boot.php(68): CodeIgniter\Boot::runCodeIgniter()
11 FCPATH/index.php(59): CodeIgniter\Boot::bootWeb()
CRITICAL - 2026-05-26 10:54:04 --> [Caused by] CodeIgniter\Database\Exceptions\DatabaseException: pg_query(): Query failed: ERROR:  missing FROM-clause entry for table &quot;inscriptions&quot;
LINE 3: JOIN &quot;classes&quot; ON &quot;classes&quot;.&quot;id&quot; = &quot;inscriptions&quot;.&quot;classe_id...
                                           ^
in SYSTEMPATH/Database/Postgre/Connection.php on line 212.
 1 SYSTEMPATH/Database/BaseConnection.php(910): CodeIgniter\Database\Postgre\Connection->execute()
 2 SYSTEMPATH/Database/BaseConnection.php(827): CodeIgniter\Database\BaseConnection->simpleQuery()
 3 SYSTEMPATH/Database/BaseBuilder.php(1649): CodeIgniter\Database\BaseConnection->query()
 4 SYSTEMPATH/Model.php(295): CodeIgniter\Database\BaseBuilder->get()
 5 SYSTEMPATH/BaseModel.php(714): CodeIgniter\Model->doFirst()
 6 APPPATH/Models/Etudiant/NotesModel.php(43): CodeIgniter\BaseModel->first()
 7 APPPATH/Controllers/Etudiant/NotesController.php(65): App\Models\Etudiant\NotesModel->getClasseEtudiant()
 8 SYSTEMPATH/CodeIgniter.php(951): App\Controllers\Etudiant\NotesController->go_to_notes()
 9 SYSTEMPATH/CodeIgniter.php(497): CodeIgniter\CodeIgniter->runController()
10 SYSTEMPATH/CodeIgniter.php(340): CodeIgniter\CodeIgniter->handleRequest()
11 SYSTEMPATH/Boot.php(417): CodeIgniter\CodeIgniter->run()
12 SYSTEMPATH/Boot.php(68): CodeIgniter\Boot::runCodeIgniter()
13 FCPATH/index.php(59): CodeIgniter\Boot::bootWeb()
CRITICAL - 2026-05-26 10:54:04 --> [Caused by] ErrorException: pg_query(): Query failed: ERROR:  missing FROM-clause entry for table &quot;inscriptions&quot;
LINE 3: JOIN &quot;classes&quot; ON &quot;classes&quot;.&quot;id&quot; = &quot;inscriptions&quot;.&quot;classe_id...
                                           ^
in SYSTEMPATH/Database/Postgre/Connection.php on line 200.
 1 [internal function]: CodeIgniter\Debug\Exceptions->errorHandler()
 2 SYSTEMPATH/Database/Postgre/Connection.php(200): pg_query()
 3 SYSTEMPATH/Database/BaseConnection.php(910): CodeIgniter\Database\Postgre\Connection->execute()
 4 SYSTEMPATH/Database/BaseConnection.php(827): CodeIgniter\Database\BaseConnection->simpleQuery()
 5 SYSTEMPATH/Database/BaseBuilder.php(1649): CodeIgniter\Database\BaseConnection->query()
 6 SYSTEMPATH/Model.php(295): CodeIgniter\Database\BaseBuilder->get()
 7 SYSTEMPATH/BaseModel.php(714): CodeIgniter\Model->doFirst()
 8 APPPATH/Models/Etudiant/NotesModel.php(43): CodeIgniter\BaseModel->first()
 9 APPPATH/Controllers/Etudiant/NotesController.php(65): App\Models\Etudiant\NotesModel->getClasseEtudiant()
10 SYSTEMPATH/CodeIgniter.php(951): App\Controllers\Etudiant\NotesController->go_to_notes()
11 SYSTEMPATH/CodeIgniter.php(497): CodeIgniter\CodeIgniter->runController()
12 SYSTEMPATH/CodeIgniter.php(340): CodeIgniter\CodeIgniter->handleRequest()
13 SYSTEMPATH/Boot.php(417): CodeIgniter\CodeIgniter->run()
14 SYSTEMPATH/Boot.php(68): CodeIgniter\Boot::runCodeIgniter()
15 FCPATH/index.php(59): CodeIgniter\Boot::bootWeb()
ERROR - 2026-05-26 10:54:05 --> pg_query(): Query failed: ERROR:  missing FROM-clause entry for table &quot;inscriptions&quot;
LINE 3: JOIN &quot;classes&quot; ON &quot;classes&quot;.&quot;id&quot; = &quot;inscriptions&quot;.&quot;classe_id...
                                           ^
in SYSTEMPATH/Database/Postgre/Connection.php on line 200.
 1 SYSTEMPATH/Database/BaseConnection.php(910): CodeIgniter\Database\Postgre\Connection->execute()
 2 SYSTEMPATH/Database/BaseConnection.php(827): CodeIgniter\Database\BaseConnection->simpleQuery()
 3 SYSTEMPATH/Database/BaseBuilder.php(1649): CodeIgniter\Database\BaseConnection->query()
 4 SYSTEMPATH/Model.php(295): CodeIgniter\Database\BaseBuilder->get()
 5 SYSTEMPATH/BaseModel.php(714): CodeIgniter\Model->doFirst()
 6 APPPATH/Models/Etudiant/NotesModel.php(43): CodeIgniter\BaseModel->first()
 7 APPPATH/Controllers/Etudiant/NotesController.php(65): App\Models\Etudiant\NotesModel->getClasseEtudiant()
 8 SYSTEMPATH/CodeIgniter.php(951): App\Controllers\Etudiant\NotesController->go_to_notes()
 9 SYSTEMPATH/CodeIgniter.php(497): CodeIgniter\CodeIgniter->runController()
10 SYSTEMPATH/CodeIgniter.php(340): CodeIgniter\CodeIgniter->handleRequest()
11 SYSTEMPATH/Boot.php(417): CodeIgniter\CodeIgniter->run()
12 SYSTEMPATH/Boot.php(68): CodeIgniter\Boot::runCodeIgniter()
13 FCPATH/index.php(59): CodeIgniter\Boot::bootWeb()
CRITICAL - 2026-05-26 10:54:05 --> CodeIgniter\Database\Exceptions\DatabaseException: pg_query(): Query failed: ERROR:  missing FROM-clause entry for table &quot;inscriptions&quot;
LINE 3: JOIN &quot;classes&quot; ON &quot;classes&quot;.&quot;id&quot; = &quot;inscriptions&quot;.&quot;classe_id...
                                           ^
[Method: GET, Route: etudiant/notes]
in SYSTEMPATH/Database/BaseConnection.php on line 865.
 1 SYSTEMPATH/Database/BaseBuilder.php(1649): CodeIgniter\Database\BaseConnection->query()
 2 SYSTEMPATH/Model.php(295): CodeIgniter\Database\BaseBuilder->get()
 3 SYSTEMPATH/BaseModel.php(714): CodeIgniter\Model->doFirst()
 4 APPPATH/Models/Etudiant/NotesModel.php(43): CodeIgniter\BaseModel->first()
 5 APPPATH/Controllers/Etudiant/NotesController.php(65): App\Models\Etudiant\NotesModel->getClasseEtudiant()
 6 SYSTEMPATH/CodeIgniter.php(951): App\Controllers\Etudiant\NotesController->go_to_notes()
 7 SYSTEMPATH/CodeIgniter.php(497): CodeIgniter\CodeIgniter->runController()
 8 SYSTEMPATH/CodeIgniter.php(340): CodeIgniter\CodeIgniter->handleRequest()
 9 SYSTEMPATH/Boot.php(417): CodeIgniter\CodeIgniter->run()
10 SYSTEMPATH/Boot.php(68): CodeIgniter\Boot::runCodeIgniter()
11 FCPATH/index.php(59): CodeIgniter\Boot::bootWeb()
CRITICAL - 2026-05-26 10:54:05 --> [Caused by] CodeIgniter\Database\Exceptions\DatabaseException: pg_query(): Query failed: ERROR:  missing FROM-clause entry for table &quot;inscriptions&quot;
LINE 3: JOIN &quot;classes&quot; ON &quot;classes&quot;.&quot;id&quot; = &quot;inscriptions&quot;.&quot;classe_id...
                                           ^
in SYSTEMPATH/Database/Postgre/Connection.php on line 212.
 1 SYSTEMPATH/Database/BaseConnection.php(910): CodeIgniter\Database\Postgre\Connection->execute()
 2 SYSTEMPATH/Database/BaseConnection.php(827): CodeIgniter\Database\BaseConnection->simpleQuery()
 3 SYSTEMPATH/Database/BaseBuilder.php(1649): CodeIgniter\Database\BaseConnection->query()
 4 SYSTEMPATH/Model.php(295): CodeIgniter\Database\BaseBuilder->get()
 5 SYSTEMPATH/BaseModel.php(714): CodeIgniter\Model->doFirst()
 6 APPPATH/Models/Etudiant/NotesModel.php(43): CodeIgniter\BaseModel->first()
 7 APPPATH/Controllers/Etudiant/NotesController.php(65): App\Models\Etudiant\NotesModel->getClasseEtudiant()
 8 SYSTEMPATH/CodeIgniter.php(951): App\Controllers\Etudiant\NotesController->go_to_notes()
 9 SYSTEMPATH/CodeIgniter.php(497): CodeIgniter\CodeIgniter->runController()
10 SYSTEMPATH/CodeIgniter.php(340): CodeIgniter\CodeIgniter->handleRequest()
11 SYSTEMPATH/Boot.php(417): CodeIgniter\CodeIgniter->run()
12 SYSTEMPATH/Boot.php(68): CodeIgniter\Boot::runCodeIgniter()
13 FCPATH/index.php(59): CodeIgniter\Boot::bootWeb()
CRITICAL - 2026-05-26 10:54:05 --> [Caused by] ErrorException: pg_query(): Query failed: ERROR:  missing FROM-clause entry for table &quot;inscriptions&quot;
LINE 3: JOIN &quot;classes&quot; ON &quot;classes&quot;.&quot;id&quot; = &quot;inscriptions&quot;.&quot;classe_id...
                                           ^
in SYSTEMPATH/Database/Postgre/Connection.php on line 200.
 1 [internal function]: CodeIgniter\Debug\Exceptions->errorHandler()
 2 SYSTEMPATH/Database/Postgre/Connection.php(200): pg_query()
 3 SYSTEMPATH/Database/BaseConnection.php(910): CodeIgniter\Database\Postgre\Connection->execute()
 4 SYSTEMPATH/Database/BaseConnection.php(827): CodeIgniter\Database\BaseConnection->simpleQuery()
 5 SYSTEMPATH/Database/BaseBuilder.php(1649): CodeIgniter\Database\BaseConnection->query()
 6 SYSTEMPATH/Model.php(295): CodeIgniter\Database\BaseBuilder->get()
 7 SYSTEMPATH/BaseModel.php(714): CodeIgniter\Model->doFirst()
 8 APPPATH/Models/Etudiant/NotesModel.php(43): CodeIgniter\BaseModel->first()
 9 APPPATH/Controllers/Etudiant/NotesController.php(65): App\Models\Etudiant\NotesModel->getClasseEtudiant()
10 SYSTEMPATH/CodeIgniter.php(951): App\Controllers\Etudiant\NotesController->go_to_notes()
11 SYSTEMPATH/CodeIgniter.php(497): CodeIgniter\CodeIgniter->runController()
12 SYSTEMPATH/CodeIgniter.php(340): CodeIgniter\CodeIgniter->handleRequest()
13 SYSTEMPATH/Boot.php(417): CodeIgniter\CodeIgniter->run()
14 SYSTEMPATH/Boot.php(68): CodeIgniter\Boot::runCodeIgniter()
15 FCPATH/index.php(59): CodeIgniter\Boot::bootWeb()
ERROR - 2026-05-26 10:54:05 --> pg_query(): Query failed: ERROR:  missing FROM-clause entry for table &quot;inscriptions&quot;
LINE 3: JOIN &quot;classes&quot; ON &quot;classes&quot;.&quot;id&quot; = &quot;inscriptions&quot;.&quot;classe_id...
                                           ^
in SYSTEMPATH/Database/Postgre/Connection.php on line 200.
 1 SYSTEMPATH/Database/BaseConnection.php(910): CodeIgniter\Database\Postgre\Connection->execute()
 2 SYSTEMPATH/Database/BaseConnection.php(827): CodeIgniter\Database\BaseConnection->simpleQuery()
 3 SYSTEMPATH/Database/BaseBuilder.php(1649): CodeIgniter\Database\BaseConnection->query()
 4 SYSTEMPATH/Model.php(295): CodeIgniter\Database\BaseBuilder->get()
 5 SYSTEMPATH/BaseModel.php(714): CodeIgniter\Model->doFirst()
 6 APPPATH/Models/Etudiant/NotesModel.php(43): CodeIgniter\BaseModel->first()
 7 APPPATH/Controllers/Etudiant/NotesController.php(65): App\Models\Etudiant\NotesModel->getClasseEtudiant()
 8 SYSTEMPATH/CodeIgniter.php(951): App\Controllers\Etudiant\NotesController->go_to_notes()
 9 SYSTEMPATH/CodeIgniter.php(497): CodeIgniter\CodeIgniter->runController()
10 SYSTEMPATH/CodeIgniter.php(340): CodeIgniter\CodeIgniter->handleRequest()
11 SYSTEMPATH/Boot.php(417): CodeIgniter\CodeIgniter->run()
12 SYSTEMPATH/Boot.php(68): CodeIgniter\Boot::runCodeIgniter()
13 FCPATH/index.php(59): CodeIgniter\Boot::bootWeb()
CRITICAL - 2026-05-26 10:54:05 --> CodeIgniter\Database\Exceptions\DatabaseException: pg_query(): Query failed: ERROR:  missing FROM-clause entry for table &quot;inscriptions&quot;
LINE 3: JOIN &quot;classes&quot; ON &quot;classes&quot;.&quot;id&quot; = &quot;inscriptions&quot;.&quot;classe_id...
                                           ^
[Method: GET, Route: etudiant/notes]
in SYSTEMPATH/Database/BaseConnection.php on line 865.
 1 SYSTEMPATH/Database/BaseBuilder.php(1649): CodeIgniter\Database\BaseConnection->query()
 2 SYSTEMPATH/Model.php(295): CodeIgniter\Database\BaseBuilder->get()
 3 SYSTEMPATH/BaseModel.php(714): CodeIgniter\Model->doFirst()
 4 APPPATH/Models/Etudiant/NotesModel.php(43): CodeIgniter\BaseModel->first()
 5 APPPATH/Controllers/Etudiant/NotesController.php(65): App\Models\Etudiant\NotesModel->getClasseEtudiant()
 6 SYSTEMPATH/CodeIgniter.php(951): App\Controllers\Etudiant\NotesController->go_to_notes()
 7 SYSTEMPATH/CodeIgniter.php(497): CodeIgniter\CodeIgniter->runController()
 8 SYSTEMPATH/CodeIgniter.php(340): CodeIgniter\CodeIgniter->handleRequest()
 9 SYSTEMPATH/Boot.php(417): CodeIgniter\CodeIgniter->run()
10 SYSTEMPATH/Boot.php(68): CodeIgniter\Boot::runCodeIgniter()
11 FCPATH/index.php(59): CodeIgniter\Boot::bootWeb()
CRITICAL - 2026-05-26 10:54:05 --> [Caused by] CodeIgniter\Database\Exceptions\DatabaseException: pg_query(): Query failed: ERROR:  missing FROM-clause entry for table &quot;inscriptions&quot;
LINE 3: JOIN &quot;classes&quot; ON &quot;classes&quot;.&quot;id&quot; = &quot;inscriptions&quot;.&quot;classe_id...
                                           ^
in SYSTEMPATH/Database/Postgre/Connection.php on line 212.
 1 SYSTEMPATH/Database/BaseConnection.php(910): CodeIgniter\Database\Postgre\Connection->execute()
 2 SYSTEMPATH/Database/BaseConnection.php(827): CodeIgniter\Database\BaseConnection->simpleQuery()
 3 SYSTEMPATH/Database/BaseBuilder.php(1649): CodeIgniter\Database\BaseConnection->query()
 4 SYSTEMPATH/Model.php(295): CodeIgniter\Database\BaseBuilder->get()
 5 SYSTEMPATH/BaseModel.php(714): CodeIgniter\Model->doFirst()
 6 APPPATH/Models/Etudiant/NotesModel.php(43): CodeIgniter\BaseModel->first()
 7 APPPATH/Controllers/Etudiant/NotesController.php(65): App\Models\Etudiant\NotesModel->getClasseEtudiant()
 8 SYSTEMPATH/CodeIgniter.php(951): App\Controllers\Etudiant\NotesController->go_to_notes()
 9 SYSTEMPATH/CodeIgniter.php(497): CodeIgniter\CodeIgniter->runController()
10 SYSTEMPATH/CodeIgniter.php(340): CodeIgniter\CodeIgniter->handleRequest()
11 SYSTEMPATH/Boot.php(417): CodeIgniter\CodeIgniter->run()
12 SYSTEMPATH/Boot.php(68): CodeIgniter\Boot::runCodeIgniter()
13 FCPATH/index.php(59): CodeIgniter\Boot::bootWeb()
CRITICAL - 2026-05-26 10:54:05 --> [Caused by] ErrorException: pg_query(): Query failed: ERROR:  missing FROM-clause entry for table &quot;inscriptions&quot;
LINE 3: JOIN &quot;classes&quot; ON &quot;classes&quot;.&quot;id&quot; = &quot;inscriptions&quot;.&quot;classe_id...
                                           ^
in SYSTEMPATH/Database/Postgre/Connection.php on line 200.
 1 [internal function]: CodeIgniter\Debug\Exceptions->errorHandler()
 2 SYSTEMPATH/Database/Postgre/Connection.php(200): pg_query()
 3 SYSTEMPATH/Database/BaseConnection.php(910): CodeIgniter\Database\Postgre\Connection->execute()
 4 SYSTEMPATH/Database/BaseConnection.php(827): CodeIgniter\Database\BaseConnection->simpleQuery()
 5 SYSTEMPATH/Database/BaseBuilder.php(1649): CodeIgniter\Database\BaseConnection->query()
 6 SYSTEMPATH/Model.php(295): CodeIgniter\Database\BaseBuilder->get()
 7 SYSTEMPATH/BaseModel.php(714): CodeIgniter\Model->doFirst()
 8 APPPATH/Models/Etudiant/NotesModel.php(43): CodeIgniter\BaseModel->first()
 9 APPPATH/Controllers/Etudiant/NotesController.php(65): App\Models\Etudiant\NotesModel->getClasseEtudiant()
10 SYSTEMPATH/CodeIgniter.php(951): App\Controllers\Etudiant\NotesController->go_to_notes()
11 SYSTEMPATH/CodeIgniter.php(497): CodeIgniter\CodeIgniter->runController()
12 SYSTEMPATH/CodeIgniter.php(340): CodeIgniter\CodeIgniter->handleRequest()
13 SYSTEMPATH/Boot.php(417): CodeIgniter\CodeIgniter->run()
14 SYSTEMPATH/Boot.php(68): CodeIgniter\Boot::runCodeIgniter()
15 FCPATH/index.php(59): CodeIgniter\Boot::bootWeb()
ERROR - 2026-05-26 10:54:05 --> pg_query(): Query failed: ERROR:  missing FROM-clause entry for table &quot;inscriptions&quot;
LINE 3: JOIN &quot;classes&quot; ON &quot;classes&quot;.&quot;id&quot; = &quot;inscriptions&quot;.&quot;classe_id...
                                           ^
in SYSTEMPATH/Database/Postgre/Connection.php on line 200.
 1 SYSTEMPATH/Database/BaseConnection.php(910): CodeIgniter\Database\Postgre\Connection->execute()
 2 SYSTEMPATH/Database/BaseConnection.php(827): CodeIgniter\Database\BaseConnection->simpleQuery()
 3 SYSTEMPATH/Database/BaseBuilder.php(1649): CodeIgniter\Database\BaseConnection->query()
 4 SYSTEMPATH/Model.php(295): CodeIgniter\Database\BaseBuilder->get()
 5 SYSTEMPATH/BaseModel.php(714): CodeIgniter\Model->doFirst()
 6 APPPATH/Models/Etudiant/NotesModel.php(43): CodeIgniter\BaseModel->first()
 7 APPPATH/Controllers/Etudiant/NotesController.php(65): App\Models\Etudiant\NotesModel->getClasseEtudiant()
 8 SYSTEMPATH/CodeIgniter.php(951): App\Controllers\Etudiant\NotesController->go_to_notes()
 9 SYSTEMPATH/CodeIgniter.php(497): CodeIgniter\CodeIgniter->runController()
10 SYSTEMPATH/CodeIgniter.php(340): CodeIgniter\CodeIgniter->handleRequest()
11 SYSTEMPATH/Boot.php(417): CodeIgniter\CodeIgniter->run()
12 SYSTEMPATH/Boot.php(68): CodeIgniter\Boot::runCodeIgniter()
13 FCPATH/index.php(59): CodeIgniter\Boot::bootWeb()
CRITICAL - 2026-05-26 10:54:05 --> CodeIgniter\Database\Exceptions\DatabaseException: pg_query(): Query failed: ERROR:  missing FROM-clause entry for table &quot;inscriptions&quot;
LINE 3: JOIN &quot;classes&quot; ON &quot;classes&quot;.&quot;id&quot; = &quot;inscriptions&quot;.&quot;classe_id...
                                           ^
[Method: GET, Route: etudiant/notes]
in SYSTEMPATH/Database/BaseConnection.php on line 865.
 1 SYSTEMPATH/Database/BaseBuilder.php(1649): CodeIgniter\Database\BaseConnection->query()
 2 SYSTEMPATH/Model.php(295): CodeIgniter\Database\BaseBuilder->get()
 3 SYSTEMPATH/BaseModel.php(714): CodeIgniter\Model->doFirst()
 4 APPPATH/Models/Etudiant/NotesModel.php(43): CodeIgniter\BaseModel->first()
 5 APPPATH/Controllers/Etudiant/NotesController.php(65): App\Models\Etudiant\NotesModel->getClasseEtudiant()
 6 SYSTEMPATH/CodeIgniter.php(951): App\Controllers\Etudiant\NotesController->go_to_notes()
 7 SYSTEMPATH/CodeIgniter.php(497): CodeIgniter\CodeIgniter->runController()
 8 SYSTEMPATH/CodeIgniter.php(340): CodeIgniter\CodeIgniter->handleRequest()
 9 SYSTEMPATH/Boot.php(417): CodeIgniter\CodeIgniter->run()
10 SYSTEMPATH/Boot.php(68): CodeIgniter\Boot::runCodeIgniter()
11 FCPATH/index.php(59): CodeIgniter\Boot::bootWeb()
CRITICAL - 2026-05-26 10:54:05 --> [Caused by] CodeIgniter\Database\Exceptions\DatabaseException: pg_query(): Query failed: ERROR:  missing FROM-clause entry for table &quot;inscriptions&quot;
LINE 3: JOIN &quot;classes&quot; ON &quot;classes&quot;.&quot;id&quot; = &quot;inscriptions&quot;.&quot;classe_id...
                                           ^
in SYSTEMPATH/Database/Postgre/Connection.php on line 212.
 1 SYSTEMPATH/Database/BaseConnection.php(910): CodeIgniter\Database\Postgre\Connection->execute()
 2 SYSTEMPATH/Database/BaseConnection.php(827): CodeIgniter\Database\BaseConnection->simpleQuery()
 3 SYSTEMPATH/Database/BaseBuilder.php(1649): CodeIgniter\Database\BaseConnection->query()
 4 SYSTEMPATH/Model.php(295): CodeIgniter\Database\BaseBuilder->get()
 5 SYSTEMPATH/BaseModel.php(714): CodeIgniter\Model->doFirst()
 6 APPPATH/Models/Etudiant/NotesModel.php(43): CodeIgniter\BaseModel->first()
 7 APPPATH/Controllers/Etudiant/NotesController.php(65): App\Models\Etudiant\NotesModel->getClasseEtudiant()
 8 SYSTEMPATH/CodeIgniter.php(951): App\Controllers\Etudiant\NotesController->go_to_notes()
 9 SYSTEMPATH/CodeIgniter.php(497): CodeIgniter\CodeIgniter->runController()
10 SYSTEMPATH/CodeIgniter.php(340): CodeIgniter\CodeIgniter->handleRequest()
11 SYSTEMPATH/Boot.php(417): CodeIgniter\CodeIgniter->run()
12 SYSTEMPATH/Boot.php(68): CodeIgniter\Boot::runCodeIgniter()
13 FCPATH/index.php(59): CodeIgniter\Boot::bootWeb()
CRITICAL - 2026-05-26 10:54:05 --> [Caused by] ErrorException: pg_query(): Query failed: ERROR:  missing FROM-clause entry for table &quot;inscriptions&quot;
LINE 3: JOIN &quot;classes&quot; ON &quot;classes&quot;.&quot;id&quot; = &quot;inscriptions&quot;.&quot;classe_id...
                                           ^
in SYSTEMPATH/Database/Postgre/Connection.php on line 200.
 1 [internal function]: CodeIgniter\Debug\Exceptions->errorHandler()
 2 SYSTEMPATH/Database/Postgre/Connection.php(200): pg_query()
 3 SYSTEMPATH/Database/BaseConnection.php(910): CodeIgniter\Database\Postgre\Connection->execute()
 4 SYSTEMPATH/Database/BaseConnection.php(827): CodeIgniter\Database\BaseConnection->simpleQuery()
 5 SYSTEMPATH/Database/BaseBuilder.php(1649): CodeIgniter\Database\BaseConnection->query()
 6 SYSTEMPATH/Model.php(295): CodeIgniter\Database\BaseBuilder->get()
 7 SYSTEMPATH/BaseModel.php(714): CodeIgniter\Model->doFirst()
 8 APPPATH/Models/Etudiant/NotesModel.php(43): CodeIgniter\BaseModel->first()
 9 APPPATH/Controllers/Etudiant/NotesController.php(65): App\Models\Etudiant\NotesModel->getClasseEtudiant()
10 SYSTEMPATH/CodeIgniter.php(951): App\Controllers\Etudiant\NotesController->go_to_notes()
11 SYSTEMPATH/CodeIgniter.php(497): CodeIgniter\CodeIgniter->runController()
12 SYSTEMPATH/CodeIgniter.php(340): CodeIgniter\CodeIgniter->handleRequest()
13 SYSTEMPATH/Boot.php(417): CodeIgniter\CodeIgniter->run()
14 SYSTEMPATH/Boot.php(68): CodeIgniter\Boot::runCodeIgniter()
15 FCPATH/index.php(59): CodeIgniter\Boot::bootWeb()
ERROR - 2026-05-26 10:54:05 --> pg_query(): Query failed: ERROR:  missing FROM-clause entry for table &quot;inscriptions&quot;
LINE 3: JOIN &quot;classes&quot; ON &quot;classes&quot;.&quot;id&quot; = &quot;inscriptions&quot;.&quot;classe_id...
                                           ^
in SYSTEMPATH/Database/Postgre/Connection.php on line 200.
 1 SYSTEMPATH/Database/BaseConnection.php(910): CodeIgniter\Database\Postgre\Connection->execute()
 2 SYSTEMPATH/Database/BaseConnection.php(827): CodeIgniter\Database\BaseConnection->simpleQuery()
 3 SYSTEMPATH/Database/BaseBuilder.php(1649): CodeIgniter\Database\BaseConnection->query()
 4 SYSTEMPATH/Model.php(295): CodeIgniter\Database\BaseBuilder->get()
 5 SYSTEMPATH/BaseModel.php(714): CodeIgniter\Model->doFirst()
 6 APPPATH/Models/Etudiant/NotesModel.php(43): CodeIgniter\BaseModel->first()
 7 APPPATH/Controllers/Etudiant/NotesController.php(65): App\Models\Etudiant\NotesModel->getClasseEtudiant()
 8 SYSTEMPATH/CodeIgniter.php(951): App\Controllers\Etudiant\NotesController->go_to_notes()
 9 SYSTEMPATH/CodeIgniter.php(497): CodeIgniter\CodeIgniter->runController()
10 SYSTEMPATH/CodeIgniter.php(340): CodeIgniter\CodeIgniter->handleRequest()
11 SYSTEMPATH/Boot.php(417): CodeIgniter\CodeIgniter->run()
12 SYSTEMPATH/Boot.php(68): CodeIgniter\Boot::runCodeIgniter()
13 FCPATH/index.php(59): CodeIgniter\Boot::bootWeb()
CRITICAL - 2026-05-26 10:54:05 --> CodeIgniter\Database\Exceptions\DatabaseException: pg_query(): Query failed: ERROR:  missing FROM-clause entry for table &quot;inscriptions&quot;
LINE 3: JOIN &quot;classes&quot; ON &quot;classes&quot;.&quot;id&quot; = &quot;inscriptions&quot;.&quot;classe_id...
                                           ^
[Method: GET, Route: etudiant/notes]
in SYSTEMPATH/Database/BaseConnection.php on line 865.
 1 SYSTEMPATH/Database/BaseBuilder.php(1649): CodeIgniter\Database\BaseConnection->query()
 2 SYSTEMPATH/Model.php(295): CodeIgniter\Database\BaseBuilder->get()
 3 SYSTEMPATH/BaseModel.php(714): CodeIgniter\Model->doFirst()
 4 APPPATH/Models/Etudiant/NotesModel.php(43): CodeIgniter\BaseModel->first()
 5 APPPATH/Controllers/Etudiant/NotesController.php(65): App\Models\Etudiant\NotesModel->getClasseEtudiant()
 6 SYSTEMPATH/CodeIgniter.php(951): App\Controllers\Etudiant\NotesController->go_to_notes()
 7 SYSTEMPATH/CodeIgniter.php(497): CodeIgniter\CodeIgniter->runController()
 8 SYSTEMPATH/CodeIgniter.php(340): CodeIgniter\CodeIgniter->handleRequest()
 9 SYSTEMPATH/Boot.php(417): CodeIgniter\CodeIgniter->run()
10 SYSTEMPATH/Boot.php(68): CodeIgniter\Boot::runCodeIgniter()
11 FCPATH/index.php(59): CodeIgniter\Boot::bootWeb()
CRITICAL - 2026-05-26 10:54:05 --> [Caused by] CodeIgniter\Database\Exceptions\DatabaseException: pg_query(): Query failed: ERROR:  missing FROM-clause entry for table &quot;inscriptions&quot;
LINE 3: JOIN &quot;classes&quot; ON &quot;classes&quot;.&quot;id&quot; = &quot;inscriptions&quot;.&quot;classe_id...
                                           ^
in SYSTEMPATH/Database/Postgre/Connection.php on line 212.
 1 SYSTEMPATH/Database/BaseConnection.php(910): CodeIgniter\Database\Postgre\Connection->execute()
 2 SYSTEMPATH/Database/BaseConnection.php(827): CodeIgniter\Database\BaseConnection->simpleQuery()
 3 SYSTEMPATH/Database/BaseBuilder.php(1649): CodeIgniter\Database\BaseConnection->query()
 4 SYSTEMPATH/Model.php(295): CodeIgniter\Database\BaseBuilder->get()
 5 SYSTEMPATH/BaseModel.php(714): CodeIgniter\Model->doFirst()
 6 APPPATH/Models/Etudiant/NotesModel.php(43): CodeIgniter\BaseModel->first()
 7 APPPATH/Controllers/Etudiant/NotesController.php(65): App\Models\Etudiant\NotesModel->getClasseEtudiant()
 8 SYSTEMPATH/CodeIgniter.php(951): App\Controllers\Etudiant\NotesController->go_to_notes()
 9 SYSTEMPATH/CodeIgniter.php(497): CodeIgniter\CodeIgniter->runController()
10 SYSTEMPATH/CodeIgniter.php(340): CodeIgniter\CodeIgniter->handleRequest()
11 SYSTEMPATH/Boot.php(417): CodeIgniter\CodeIgniter->run()
12 SYSTEMPATH/Boot.php(68): CodeIgniter\Boot::runCodeIgniter()
13 FCPATH/index.php(59): CodeIgniter\Boot::bootWeb()
CRITICAL - 2026-05-26 10:54:05 --> [Caused by] ErrorException: pg_query(): Query failed: ERROR:  missing FROM-clause entry for table &quot;inscriptions&quot;
LINE 3: JOIN &quot;classes&quot; ON &quot;classes&quot;.&quot;id&quot; = &quot;inscriptions&quot;.&quot;classe_id...
                                           ^
in SYSTEMPATH/Database/Postgre/Connection.php on line 200.
 1 [internal function]: CodeIgniter\Debug\Exceptions->errorHandler()
 2 SYSTEMPATH/Database/Postgre/Connection.php(200): pg_query()
 3 SYSTEMPATH/Database/BaseConnection.php(910): CodeIgniter\Database\Postgre\Connection->execute()
 4 SYSTEMPATH/Database/BaseConnection.php(827): CodeIgniter\Database\BaseConnection->simpleQuery()
 5 SYSTEMPATH/Database/BaseBuilder.php(1649): CodeIgniter\Database\BaseConnection->query()
 6 SYSTEMPATH/Model.php(295): CodeIgniter\Database\BaseBuilder->get()
 7 SYSTEMPATH/BaseModel.php(714): CodeIgniter\Model->doFirst()
 8 APPPATH/Models/Etudiant/NotesModel.php(43): CodeIgniter\BaseModel->first()
 9 APPPATH/Controllers/Etudiant/NotesController.php(65): App\Models\Etudiant\NotesModel->getClasseEtudiant()
10 SYSTEMPATH/CodeIgniter.php(951): App\Controllers\Etudiant\NotesController->go_to_notes()
11 SYSTEMPATH/CodeIgniter.php(497): CodeIgniter\CodeIgniter->runController()
12 SYSTEMPATH/CodeIgniter.php(340): CodeIgniter\CodeIgniter->handleRequest()
13 SYSTEMPATH/Boot.php(417): CodeIgniter\CodeIgniter->run()
14 SYSTEMPATH/Boot.php(68): CodeIgniter\Boot::runCodeIgniter()
15 FCPATH/index.php(59): CodeIgniter\Boot::bootWeb()
ERROR - 2026-05-26 10:54:06 --> pg_query(): Query failed: ERROR:  missing FROM-clause entry for table &quot;inscriptions&quot;
LINE 3: JOIN &quot;classes&quot; ON &quot;classes&quot;.&quot;id&quot; = &quot;inscriptions&quot;.&quot;classe_id...
                                           ^
in SYSTEMPATH/Database/Postgre/Connection.php on line 200.
 1 SYSTEMPATH/Database/BaseConnection.php(910): CodeIgniter\Database\Postgre\Connection->execute()
 2 SYSTEMPATH/Database/BaseConnection.php(827): CodeIgniter\Database\BaseConnection->simpleQuery()
 3 SYSTEMPATH/Database/BaseBuilder.php(1649): CodeIgniter\Database\BaseConnection->query()
 4 SYSTEMPATH/Model.php(295): CodeIgniter\Database\BaseBuilder->get()
 5 SYSTEMPATH/BaseModel.php(714): CodeIgniter\Model->doFirst()
 6 APPPATH/Models/Etudiant/NotesModel.php(43): CodeIgniter\BaseModel->first()
 7 APPPATH/Controllers/Etudiant/NotesController.php(65): App\Models\Etudiant\NotesModel->getClasseEtudiant()
 8 SYSTEMPATH/CodeIgniter.php(951): App\Controllers\Etudiant\NotesController->go_to_notes()
 9 SYSTEMPATH/CodeIgniter.php(497): CodeIgniter\CodeIgniter->runController()
10 SYSTEMPATH/CodeIgniter.php(340): CodeIgniter\CodeIgniter->handleRequest()
11 SYSTEMPATH/Boot.php(417): CodeIgniter\CodeIgniter->run()
12 SYSTEMPATH/Boot.php(68): CodeIgniter\Boot::runCodeIgniter()
13 FCPATH/index.php(59): CodeIgniter\Boot::bootWeb()
CRITICAL - 2026-05-26 10:54:06 --> CodeIgniter\Database\Exceptions\DatabaseException: pg_query(): Query failed: ERROR:  missing FROM-clause entry for table &quot;inscriptions&quot;
LINE 3: JOIN &quot;classes&quot; ON &quot;classes&quot;.&quot;id&quot; = &quot;inscriptions&quot;.&quot;classe_id...
                                           ^
[Method: GET, Route: etudiant/notes]
in SYSTEMPATH/Database/BaseConnection.php on line 865.
 1 SYSTEMPATH/Database/BaseBuilder.php(1649): CodeIgniter\Database\BaseConnection->query()
 2 SYSTEMPATH/Model.php(295): CodeIgniter\Database\BaseBuilder->get()
 3 SYSTEMPATH/BaseModel.php(714): CodeIgniter\Model->doFirst()
 4 APPPATH/Models/Etudiant/NotesModel.php(43): CodeIgniter\BaseModel->first()
 5 APPPATH/Controllers/Etudiant/NotesController.php(65): App\Models\Etudiant\NotesModel->getClasseEtudiant()
 6 SYSTEMPATH/CodeIgniter.php(951): App\Controllers\Etudiant\NotesController->go_to_notes()
 7 SYSTEMPATH/CodeIgniter.php(497): CodeIgniter\CodeIgniter->runController()
 8 SYSTEMPATH/CodeIgniter.php(340): CodeIgniter\CodeIgniter->handleRequest()
 9 SYSTEMPATH/Boot.php(417): CodeIgniter\CodeIgniter->run()
10 SYSTEMPATH/Boot.php(68): CodeIgniter\Boot::runCodeIgniter()
11 FCPATH/index.php(59): CodeIgniter\Boot::bootWeb()
CRITICAL - 2026-05-26 10:54:06 --> [Caused by] CodeIgniter\Database\Exceptions\DatabaseException: pg_query(): Query failed: ERROR:  missing FROM-clause entry for table &quot;inscriptions&quot;
LINE 3: JOIN &quot;classes&quot; ON &quot;classes&quot;.&quot;id&quot; = &quot;inscriptions&quot;.&quot;classe_id...
                                           ^
in SYSTEMPATH/Database/Postgre/Connection.php on line 212.
 1 SYSTEMPATH/Database/BaseConnection.php(910): CodeIgniter\Database\Postgre\Connection->execute()
 2 SYSTEMPATH/Database/BaseConnection.php(827): CodeIgniter\Database\BaseConnection->simpleQuery()
 3 SYSTEMPATH/Database/BaseBuilder.php(1649): CodeIgniter\Database\BaseConnection->query()
 4 SYSTEMPATH/Model.php(295): CodeIgniter\Database\BaseBuilder->get()
 5 SYSTEMPATH/BaseModel.php(714): CodeIgniter\Model->doFirst()
 6 APPPATH/Models/Etudiant/NotesModel.php(43): CodeIgniter\BaseModel->first()
 7 APPPATH/Controllers/Etudiant/NotesController.php(65): App\Models\Etudiant\NotesModel->getClasseEtudiant()
 8 SYSTEMPATH/CodeIgniter.php(951): App\Controllers\Etudiant\NotesController->go_to_notes()
 9 SYSTEMPATH/CodeIgniter.php(497): CodeIgniter\CodeIgniter->runController()
10 SYSTEMPATH/CodeIgniter.php(340): CodeIgniter\CodeIgniter->handleRequest()
11 SYSTEMPATH/Boot.php(417): CodeIgniter\CodeIgniter->run()
12 SYSTEMPATH/Boot.php(68): CodeIgniter\Boot::runCodeIgniter()
13 FCPATH/index.php(59): CodeIgniter\Boot::bootWeb()
CRITICAL - 2026-05-26 10:54:06 --> [Caused by] ErrorException: pg_query(): Query failed: ERROR:  missing FROM-clause entry for table &quot;inscriptions&quot;
LINE 3: JOIN &quot;classes&quot; ON &quot;classes&quot;.&quot;id&quot; = &quot;inscriptions&quot;.&quot;classe_id...
                                           ^
in SYSTEMPATH/Database/Postgre/Connection.php on line 200.
 1 [internal function]: CodeIgniter\Debug\Exceptions->errorHandler()
 2 SYSTEMPATH/Database/Postgre/Connection.php(200): pg_query()
 3 SYSTEMPATH/Database/BaseConnection.php(910): CodeIgniter\Database\Postgre\Connection->execute()
 4 SYSTEMPATH/Database/BaseConnection.php(827): CodeIgniter\Database\BaseConnection->simpleQuery()
 5 SYSTEMPATH/Database/BaseBuilder.php(1649): CodeIgniter\Database\BaseConnection->query()
 6 SYSTEMPATH/Model.php(295): CodeIgniter\Database\BaseBuilder->get()
 7 SYSTEMPATH/BaseModel.php(714): CodeIgniter\Model->doFirst()
 8 APPPATH/Models/Etudiant/NotesModel.php(43): CodeIgniter\BaseModel->first()
 9 APPPATH/Controllers/Etudiant/NotesController.php(65): App\Models\Etudiant\NotesModel->getClasseEtudiant()
10 SYSTEMPATH/CodeIgniter.php(951): App\Controllers\Etudiant\NotesController->go_to_notes()
11 SYSTEMPATH/CodeIgniter.php(497): CodeIgniter\CodeIgniter->runController()
12 SYSTEMPATH/CodeIgniter.php(340): CodeIgniter\CodeIgniter->handleRequest()
13 SYSTEMPATH/Boot.php(417): CodeIgniter\CodeIgniter->run()
14 SYSTEMPATH/Boot.php(68): CodeIgniter\Boot::runCodeIgniter()
15 FCPATH/index.php(59): CodeIgniter\Boot::bootWeb()
ERROR - 2026-05-26 10:54:06 --> pg_query(): Query failed: ERROR:  missing FROM-clause entry for table &quot;inscriptions&quot;
LINE 3: JOIN &quot;classes&quot; ON &quot;classes&quot;.&quot;id&quot; = &quot;inscriptions&quot;.&quot;classe_id...
                                           ^
in SYSTEMPATH/Database/Postgre/Connection.php on line 200.
 1 SYSTEMPATH/Database/BaseConnection.php(910): CodeIgniter\Database\Postgre\Connection->execute()
 2 SYSTEMPATH/Database/BaseConnection.php(827): CodeIgniter\Database\BaseConnection->simpleQuery()
 3 SYSTEMPATH/Database/BaseBuilder.php(1649): CodeIgniter\Database\BaseConnection->query()
 4 SYSTEMPATH/Model.php(295): CodeIgniter\Database\BaseBuilder->get()
 5 SYSTEMPATH/BaseModel.php(714): CodeIgniter\Model->doFirst()
 6 APPPATH/Models/Etudiant/NotesModel.php(43): CodeIgniter\BaseModel->first()
 7 APPPATH/Controllers/Etudiant/NotesController.php(65): App\Models\Etudiant\NotesModel->getClasseEtudiant()
 8 SYSTEMPATH/CodeIgniter.php(951): App\Controllers\Etudiant\NotesController->go_to_notes()
 9 SYSTEMPATH/CodeIgniter.php(497): CodeIgniter\CodeIgniter->runController()
10 SYSTEMPATH/CodeIgniter.php(340): CodeIgniter\CodeIgniter->handleRequest()
11 SYSTEMPATH/Boot.php(417): CodeIgniter\CodeIgniter->run()
12 SYSTEMPATH/Boot.php(68): CodeIgniter\Boot::runCodeIgniter()
13 FCPATH/index.php(59): CodeIgniter\Boot::bootWeb()
CRITICAL - 2026-05-26 10:54:06 --> CodeIgniter\Database\Exceptions\DatabaseException: pg_query(): Query failed: ERROR:  missing FROM-clause entry for table &quot;inscriptions&quot;
LINE 3: JOIN &quot;classes&quot; ON &quot;classes&quot;.&quot;id&quot; = &quot;inscriptions&quot;.&quot;classe_id...
                                           ^
[Method: GET, Route: etudiant/notes]
in SYSTEMPATH/Database/BaseConnection.php on line 865.
 1 SYSTEMPATH/Database/BaseBuilder.php(1649): CodeIgniter\Database\BaseConnection->query()
 2 SYSTEMPATH/Model.php(295): CodeIgniter\Database\BaseBuilder->get()
 3 SYSTEMPATH/BaseModel.php(714): CodeIgniter\Model->doFirst()
 4 APPPATH/Models/Etudiant/NotesModel.php(43): CodeIgniter\BaseModel->first()
 5 APPPATH/Controllers/Etudiant/NotesController.php(65): App\Models\Etudiant\NotesModel->getClasseEtudiant()
 6 SYSTEMPATH/CodeIgniter.php(951): App\Controllers\Etudiant\NotesController->go_to_notes()
 7 SYSTEMPATH/CodeIgniter.php(497): CodeIgniter\CodeIgniter->runController()
 8 SYSTEMPATH/CodeIgniter.php(340): CodeIgniter\CodeIgniter->handleRequest()
 9 SYSTEMPATH/Boot.php(417): CodeIgniter\CodeIgniter->run()
10 SYSTEMPATH/Boot.php(68): CodeIgniter\Boot::runCodeIgniter()
11 FCPATH/index.php(59): CodeIgniter\Boot::bootWeb()
CRITICAL - 2026-05-26 10:54:06 --> [Caused by] CodeIgniter\Database\Exceptions\DatabaseException: pg_query(): Query failed: ERROR:  missing FROM-clause entry for table &quot;inscriptions&quot;
LINE 3: JOIN &quot;classes&quot; ON &quot;classes&quot;.&quot;id&quot; = &quot;inscriptions&quot;.&quot;classe_id...
                                           ^
in SYSTEMPATH/Database/Postgre/Connection.php on line 212.
 1 SYSTEMPATH/Database/BaseConnection.php(910): CodeIgniter\Database\Postgre\Connection->execute()
 2 SYSTEMPATH/Database/BaseConnection.php(827): CodeIgniter\Database\BaseConnection->simpleQuery()
 3 SYSTEMPATH/Database/BaseBuilder.php(1649): CodeIgniter\Database\BaseConnection->query()
 4 SYSTEMPATH/Model.php(295): CodeIgniter\Database\BaseBuilder->get()
 5 SYSTEMPATH/BaseModel.php(714): CodeIgniter\Model->doFirst()
 6 APPPATH/Models/Etudiant/NotesModel.php(43): CodeIgniter\BaseModel->first()
 7 APPPATH/Controllers/Etudiant/NotesController.php(65): App\Models\Etudiant\NotesModel->getClasseEtudiant()
 8 SYSTEMPATH/CodeIgniter.php(951): App\Controllers\Etudiant\NotesController->go_to_notes()
 9 SYSTEMPATH/CodeIgniter.php(497): CodeIgniter\CodeIgniter->runController()
10 SYSTEMPATH/CodeIgniter.php(340): CodeIgniter\CodeIgniter->handleRequest()
11 SYSTEMPATH/Boot.php(417): CodeIgniter\CodeIgniter->run()
12 SYSTEMPATH/Boot.php(68): CodeIgniter\Boot::runCodeIgniter()
13 FCPATH/index.php(59): CodeIgniter\Boot::bootWeb()
CRITICAL - 2026-05-26 10:54:06 --> [Caused by] ErrorException: pg_query(): Query failed: ERROR:  missing FROM-clause entry for table &quot;inscriptions&quot;
LINE 3: JOIN &quot;classes&quot; ON &quot;classes&quot;.&quot;id&quot; = &quot;inscriptions&quot;.&quot;classe_id...
                                           ^
in SYSTEMPATH/Database/Postgre/Connection.php on line 200.
 1 [internal function]: CodeIgniter\Debug\Exceptions->errorHandler()
 2 SYSTEMPATH/Database/Postgre/Connection.php(200): pg_query()
 3 SYSTEMPATH/Database/BaseConnection.php(910): CodeIgniter\Database\Postgre\Connection->execute()
 4 SYSTEMPATH/Database/BaseConnection.php(827): CodeIgniter\Database\BaseConnection->simpleQuery()
 5 SYSTEMPATH/Database/BaseBuilder.php(1649): CodeIgniter\Database\BaseConnection->query()
 6 SYSTEMPATH/Model.php(295): CodeIgniter\Database\BaseBuilder->get()
 7 SYSTEMPATH/BaseModel.php(714): CodeIgniter\Model->doFirst()
 8 APPPATH/Models/Etudiant/NotesModel.php(43): CodeIgniter\BaseModel->first()
 9 APPPATH/Controllers/Etudiant/NotesController.php(65): App\Models\Etudiant\NotesModel->getClasseEtudiant()
10 SYSTEMPATH/CodeIgniter.php(951): App\Controllers\Etudiant\NotesController->go_to_notes()
11 SYSTEMPATH/CodeIgniter.php(497): CodeIgniter\CodeIgniter->runController()
12 SYSTEMPATH/CodeIgniter.php(340): CodeIgniter\CodeIgniter->handleRequest()
13 SYSTEMPATH/Boot.php(417): CodeIgniter\CodeIgniter->run()
14 SYSTEMPATH/Boot.php(68): CodeIgniter\Boot::runCodeIgniter()
15 FCPATH/index.php(59): CodeIgniter\Boot::bootWeb()
ERROR - 2026-05-26 10:54:06 --> pg_query(): Query failed: ERROR:  missing FROM-clause entry for table &quot;inscriptions&quot;
LINE 3: JOIN &quot;classes&quot; ON &quot;classes&quot;.&quot;id&quot; = &quot;inscriptions&quot;.&quot;classe_id...
                                           ^
in SYSTEMPATH/Database/Postgre/Connection.php on line 200.
 1 SYSTEMPATH/Database/BaseConnection.php(910): CodeIgniter\Database\Postgre\Connection->execute()
 2 SYSTEMPATH/Database/BaseConnection.php(827): CodeIgniter\Database\BaseConnection->simpleQuery()
 3 SYSTEMPATH/Database/BaseBuilder.php(1649): CodeIgniter\Database\BaseConnection->query()
 4 SYSTEMPATH/Model.php(295): CodeIgniter\Database\BaseBuilder->get()
 5 SYSTEMPATH/BaseModel.php(714): CodeIgniter\Model->doFirst()
 6 APPPATH/Models/Etudiant/NotesModel.php(43): CodeIgniter\BaseModel->first()
 7 APPPATH/Controllers/Etudiant/NotesController.php(65): App\Models\Etudiant\NotesModel->getClasseEtudiant()
 8 SYSTEMPATH/CodeIgniter.php(951): App\Controllers\Etudiant\NotesController->go_to_notes()
 9 SYSTEMPATH/CodeIgniter.php(497): CodeIgniter\CodeIgniter->runController()
10 SYSTEMPATH/CodeIgniter.php(340): CodeIgniter\CodeIgniter->handleRequest()
11 SYSTEMPATH/Boot.php(417): CodeIgniter\CodeIgniter->run()
12 SYSTEMPATH/Boot.php(68): CodeIgniter\Boot::runCodeIgniter()
13 FCPATH/index.php(59): CodeIgniter\Boot::bootWeb()
CRITICAL - 2026-05-26 10:54:06 --> CodeIgniter\Database\Exceptions\DatabaseException: pg_query(): Query failed: ERROR:  missing FROM-clause entry for table &quot;inscriptions&quot;
LINE 3: JOIN &quot;classes&quot; ON &quot;classes&quot;.&quot;id&quot; = &quot;inscriptions&quot;.&quot;classe_id...
                                           ^
[Method: GET, Route: etudiant/notes]
in SYSTEMPATH/Database/BaseConnection.php on line 865.
 1 SYSTEMPATH/Database/BaseBuilder.php(1649): CodeIgniter\Database\BaseConnection->query()
 2 SYSTEMPATH/Model.php(295): CodeIgniter\Database\BaseBuilder->get()
 3 SYSTEMPATH/BaseModel.php(714): CodeIgniter\Model->doFirst()
 4 APPPATH/Models/Etudiant/NotesModel.php(43): CodeIgniter\BaseModel->first()
 5 APPPATH/Controllers/Etudiant/NotesController.php(65): App\Models\Etudiant\NotesModel->getClasseEtudiant()
 6 SYSTEMPATH/CodeIgniter.php(951): App\Controllers\Etudiant\NotesController->go_to_notes()
 7 SYSTEMPATH/CodeIgniter.php(497): CodeIgniter\CodeIgniter->runController()
 8 SYSTEMPATH/CodeIgniter.php(340): CodeIgniter\CodeIgniter->handleRequest()
 9 SYSTEMPATH/Boot.php(417): CodeIgniter\CodeIgniter->run()
10 SYSTEMPATH/Boot.php(68): CodeIgniter\Boot::runCodeIgniter()
11 FCPATH/index.php(59): CodeIgniter\Boot::bootWeb()
CRITICAL - 2026-05-26 10:54:06 --> [Caused by] CodeIgniter\Database\Exceptions\DatabaseException: pg_query(): Query failed: ERROR:  missing FROM-clause entry for table &quot;inscriptions&quot;
LINE 3: JOIN &quot;classes&quot; ON &quot;classes&quot;.&quot;id&quot; = &quot;inscriptions&quot;.&quot;classe_id...
                                           ^
in SYSTEMPATH/Database/Postgre/Connection.php on line 212.
 1 SYSTEMPATH/Database/BaseConnection.php(910): CodeIgniter\Database\Postgre\Connection->execute()
 2 SYSTEMPATH/Database/BaseConnection.php(827): CodeIgniter\Database\BaseConnection->simpleQuery()
 3 SYSTEMPATH/Database/BaseBuilder.php(1649): CodeIgniter\Database\BaseConnection->query()
 4 SYSTEMPATH/Model.php(295): CodeIgniter\Database\BaseBuilder->get()
 5 SYSTEMPATH/BaseModel.php(714): CodeIgniter\Model->doFirst()
 6 APPPATH/Models/Etudiant/NotesModel.php(43): CodeIgniter\BaseModel->first()
 7 APPPATH/Controllers/Etudiant/NotesController.php(65): App\Models\Etudiant\NotesModel->getClasseEtudiant()
 8 SYSTEMPATH/CodeIgniter.php(951): App\Controllers\Etudiant\NotesController->go_to_notes()
 9 SYSTEMPATH/CodeIgniter.php(497): CodeIgniter\CodeIgniter->runController()
10 SYSTEMPATH/CodeIgniter.php(340): CodeIgniter\CodeIgniter->handleRequest()
11 SYSTEMPATH/Boot.php(417): CodeIgniter\CodeIgniter->run()
12 SYSTEMPATH/Boot.php(68): CodeIgniter\Boot::runCodeIgniter()
13 FCPATH/index.php(59): CodeIgniter\Boot::bootWeb()
CRITICAL - 2026-05-26 10:54:06 --> [Caused by] ErrorException: pg_query(): Query failed: ERROR:  missing FROM-clause entry for table &quot;inscriptions&quot;
LINE 3: JOIN &quot;classes&quot; ON &quot;classes&quot;.&quot;id&quot; = &quot;inscriptions&quot;.&quot;classe_id...
                                           ^
in SYSTEMPATH/Database/Postgre/Connection.php on line 200.
 1 [internal function]: CodeIgniter\Debug\Exceptions->errorHandler()
 2 SYSTEMPATH/Database/Postgre/Connection.php(200): pg_query()
 3 SYSTEMPATH/Database/BaseConnection.php(910): CodeIgniter\Database\Postgre\Connection->execute()
 4 SYSTEMPATH/Database/BaseConnection.php(827): CodeIgniter\Database\BaseConnection->simpleQuery()
 5 SYSTEMPATH/Database/BaseBuilder.php(1649): CodeIgniter\Database\BaseConnection->query()
 6 SYSTEMPATH/Model.php(295): CodeIgniter\Database\BaseBuilder->get()
 7 SYSTEMPATH/BaseModel.php(714): CodeIgniter\Model->doFirst()
 8 APPPATH/Models/Etudiant/NotesModel.php(43): CodeIgniter\BaseModel->first()
 9 APPPATH/Controllers/Etudiant/NotesController.php(65): App\Models\Etudiant\NotesModel->getClasseEtudiant()
10 SYSTEMPATH/CodeIgniter.php(951): App\Controllers\Etudiant\NotesController->go_to_notes()
11 SYSTEMPATH/CodeIgniter.php(497): CodeIgniter\CodeIgniter->runController()
12 SYSTEMPATH/CodeIgniter.php(340): CodeIgniter\CodeIgniter->handleRequest()
13 SYSTEMPATH/Boot.php(417): CodeIgniter\CodeIgniter->run()
14 SYSTEMPATH/Boot.php(68): CodeIgniter\Boot::runCodeIgniter()
15 FCPATH/index.php(59): CodeIgniter\Boot::bootWeb()
ERROR - 2026-05-26 10:54:06 --> pg_query(): Query failed: ERROR:  missing FROM-clause entry for table &quot;inscriptions&quot;
LINE 3: JOIN &quot;classes&quot; ON &quot;classes&quot;.&quot;id&quot; = &quot;inscriptions&quot;.&quot;classe_id...
                                           ^
in SYSTEMPATH/Database/Postgre/Connection.php on line 200.
 1 SYSTEMPATH/Database/BaseConnection.php(910): CodeIgniter\Database\Postgre\Connection->execute()
 2 SYSTEMPATH/Database/BaseConnection.php(827): CodeIgniter\Database\BaseConnection->simpleQuery()
 3 SYSTEMPATH/Database/BaseBuilder.php(1649): CodeIgniter\Database\BaseConnection->query()
 4 SYSTEMPATH/Model.php(295): CodeIgniter\Database\BaseBuilder->get()
 5 SYSTEMPATH/BaseModel.php(714): CodeIgniter\Model->doFirst()
 6 APPPATH/Models/Etudiant/NotesModel.php(43): CodeIgniter\BaseModel->first()
 7 APPPATH/Controllers/Etudiant/NotesController.php(65): App\Models\Etudiant\NotesModel->getClasseEtudiant()
 8 SYSTEMPATH/CodeIgniter.php(951): App\Controllers\Etudiant\NotesController->go_to_notes()
 9 SYSTEMPATH/CodeIgniter.php(497): CodeIgniter\CodeIgniter->runController()
10 SYSTEMPATH/CodeIgniter.php(340): CodeIgniter\CodeIgniter->handleRequest()
11 SYSTEMPATH/Boot.php(417): CodeIgniter\CodeIgniter->run()
12 SYSTEMPATH/Boot.php(68): CodeIgniter\Boot::runCodeIgniter()
13 FCPATH/index.php(59): CodeIgniter\Boot::bootWeb()
CRITICAL - 2026-05-26 10:54:06 --> CodeIgniter\Database\Exceptions\DatabaseException: pg_query(): Query failed: ERROR:  missing FROM-clause entry for table &quot;inscriptions&quot;
LINE 3: JOIN &quot;classes&quot; ON &quot;classes&quot;.&quot;id&quot; = &quot;inscriptions&quot;.&quot;classe_id...
                                           ^
[Method: GET, Route: etudiant/notes]
in SYSTEMPATH/Database/BaseConnection.php on line 865.
 1 SYSTEMPATH/Database/BaseBuilder.php(1649): CodeIgniter\Database\BaseConnection->query()
 2 SYSTEMPATH/Model.php(295): CodeIgniter\Database\BaseBuilder->get()
 3 SYSTEMPATH/BaseModel.php(714): CodeIgniter\Model->doFirst()
 4 APPPATH/Models/Etudiant/NotesModel.php(43): CodeIgniter\BaseModel->first()
 5 APPPATH/Controllers/Etudiant/NotesController.php(65): App\Models\Etudiant\NotesModel->getClasseEtudiant()
 6 SYSTEMPATH/CodeIgniter.php(951): App\Controllers\Etudiant\NotesController->go_to_notes()
 7 SYSTEMPATH/CodeIgniter.php(497): CodeIgniter\CodeIgniter->runController()
 8 SYSTEMPATH/CodeIgniter.php(340): CodeIgniter\CodeIgniter->handleRequest()
 9 SYSTEMPATH/Boot.php(417): CodeIgniter\CodeIgniter->run()
10 SYSTEMPATH/Boot.php(68): CodeIgniter\Boot::runCodeIgniter()
11 FCPATH/index.php(59): CodeIgniter\Boot::bootWeb()
CRITICAL - 2026-05-26 10:54:06 --> [Caused by] CodeIgniter\Database\Exceptions\DatabaseException: pg_query(): Query failed: ERROR:  missing FROM-clause entry for table &quot;inscriptions&quot;
LINE 3: JOIN &quot;classes&quot; ON &quot;classes&quot;.&quot;id&quot; = &quot;inscriptions&quot;.&quot;classe_id...
                                           ^
in SYSTEMPATH/Database/Postgre/Connection.php on line 212.
 1 SYSTEMPATH/Database/BaseConnection.php(910): CodeIgniter\Database\Postgre\Connection->execute()
 2 SYSTEMPATH/Database/BaseConnection.php(827): CodeIgniter\Database\BaseConnection->simpleQuery()
 3 SYSTEMPATH/Database/BaseBuilder.php(1649): CodeIgniter\Database\BaseConnection->query()
 4 SYSTEMPATH/Model.php(295): CodeIgniter\Database\BaseBuilder->get()
 5 SYSTEMPATH/BaseModel.php(714): CodeIgniter\Model->doFirst()
 6 APPPATH/Models/Etudiant/NotesModel.php(43): CodeIgniter\BaseModel->first()
 7 APPPATH/Controllers/Etudiant/NotesController.php(65): App\Models\Etudiant\NotesModel->getClasseEtudiant()
 8 SYSTEMPATH/CodeIgniter.php(951): App\Controllers\Etudiant\NotesController->go_to_notes()
 9 SYSTEMPATH/CodeIgniter.php(497): CodeIgniter\CodeIgniter->runController()
10 SYSTEMPATH/CodeIgniter.php(340): CodeIgniter\CodeIgniter->handleRequest()
11 SYSTEMPATH/Boot.php(417): CodeIgniter\CodeIgniter->run()
12 SYSTEMPATH/Boot.php(68): CodeIgniter\Boot::runCodeIgniter()
13 FCPATH/index.php(59): CodeIgniter\Boot::bootWeb()
CRITICAL - 2026-05-26 10:54:06 --> [Caused by] ErrorException: pg_query(): Query failed: ERROR:  missing FROM-clause entry for table &quot;inscriptions&quot;
LINE 3: JOIN &quot;classes&quot; ON &quot;classes&quot;.&quot;id&quot; = &quot;inscriptions&quot;.&quot;classe_id...
                                           ^
in SYSTEMPATH/Database/Postgre/Connection.php on line 200.
 1 [internal function]: CodeIgniter\Debug\Exceptions->errorHandler()
 2 SYSTEMPATH/Database/Postgre/Connection.php(200): pg_query()
 3 SYSTEMPATH/Database/BaseConnection.php(910): CodeIgniter\Database\Postgre\Connection->execute()
 4 SYSTEMPATH/Database/BaseConnection.php(827): CodeIgniter\Database\BaseConnection->simpleQuery()
 5 SYSTEMPATH/Database/BaseBuilder.php(1649): CodeIgniter\Database\BaseConnection->query()
 6 SYSTEMPATH/Model.php(295): CodeIgniter\Database\BaseBuilder->get()
 7 SYSTEMPATH/BaseModel.php(714): CodeIgniter\Model->doFirst()
 8 APPPATH/Models/Etudiant/NotesModel.php(43): CodeIgniter\BaseModel->first()
 9 APPPATH/Controllers/Etudiant/NotesController.php(65): App\Models\Etudiant\NotesModel->getClasseEtudiant()
10 SYSTEMPATH/CodeIgniter.php(951): App\Controllers\Etudiant\NotesController->go_to_notes()
11 SYSTEMPATH/CodeIgniter.php(497): CodeIgniter\CodeIgniter->runController()
12 SYSTEMPATH/CodeIgniter.php(340): CodeIgniter\CodeIgniter->handleRequest()
13 SYSTEMPATH/Boot.php(417): CodeIgniter\CodeIgniter->run()
14 SYSTEMPATH/Boot.php(68): CodeIgniter\Boot::runCodeIgniter()
15 FCPATH/index.php(59): CodeIgniter\Boot::bootWeb()
ERROR - 2026-05-26 10:54:06 --> pg_query(): Query failed: ERROR:  missing FROM-clause entry for table &quot;inscriptions&quot;
LINE 3: JOIN &quot;classes&quot; ON &quot;classes&quot;.&quot;id&quot; = &quot;inscriptions&quot;.&quot;classe_id...
                                           ^
in SYSTEMPATH/Database/Postgre/Connection.php on line 200.
 1 SYSTEMPATH/Database/BaseConnection.php(910): CodeIgniter\Database\Postgre\Connection->execute()
 2 SYSTEMPATH/Database/BaseConnection.php(827): CodeIgniter\Database\BaseConnection->simpleQuery()
 3 SYSTEMPATH/Database/BaseBuilder.php(1649): CodeIgniter\Database\BaseConnection->query()
 4 SYSTEMPATH/Model.php(295): CodeIgniter\Database\BaseBuilder->get()
 5 SYSTEMPATH/BaseModel.php(714): CodeIgniter\Model->doFirst()
 6 APPPATH/Models/Etudiant/NotesModel.php(43): CodeIgniter\BaseModel->first()
 7 APPPATH/Controllers/Etudiant/NotesController.php(65): App\Models\Etudiant\NotesModel->getClasseEtudiant()
 8 SYSTEMPATH/CodeIgniter.php(951): App\Controllers\Etudiant\NotesController->go_to_notes()
 9 SYSTEMPATH/CodeIgniter.php(497): CodeIgniter\CodeIgniter->runController()
10 SYSTEMPATH/CodeIgniter.php(340): CodeIgniter\CodeIgniter->handleRequest()
11 SYSTEMPATH/Boot.php(417): CodeIgniter\CodeIgniter->run()
12 SYSTEMPATH/Boot.php(68): CodeIgniter\Boot::runCodeIgniter()
13 FCPATH/index.php(59): CodeIgniter\Boot::bootWeb()
CRITICAL - 2026-05-26 10:54:06 --> CodeIgniter\Database\Exceptions\DatabaseException: pg_query(): Query failed: ERROR:  missing FROM-clause entry for table &quot;inscriptions&quot;
LINE 3: JOIN &quot;classes&quot; ON &quot;classes&quot;.&quot;id&quot; = &quot;inscriptions&quot;.&quot;classe_id...
                                           ^
[Method: GET, Route: etudiant/notes]
in SYSTEMPATH/Database/BaseConnection.php on line 865.
 1 SYSTEMPATH/Database/BaseBuilder.php(1649): CodeIgniter\Database\BaseConnection->query()
 2 SYSTEMPATH/Model.php(295): CodeIgniter\Database\BaseBuilder->get()
 3 SYSTEMPATH/BaseModel.php(714): CodeIgniter\Model->doFirst()
 4 APPPATH/Models/Etudiant/NotesModel.php(43): CodeIgniter\BaseModel->first()
 5 APPPATH/Controllers/Etudiant/NotesController.php(65): App\Models\Etudiant\NotesModel->getClasseEtudiant()
 6 SYSTEMPATH/CodeIgniter.php(951): App\Controllers\Etudiant\NotesController->go_to_notes()
 7 SYSTEMPATH/CodeIgniter.php(497): CodeIgniter\CodeIgniter->runController()
 8 SYSTEMPATH/CodeIgniter.php(340): CodeIgniter\CodeIgniter->handleRequest()
 9 SYSTEMPATH/Boot.php(417): CodeIgniter\CodeIgniter->run()
10 SYSTEMPATH/Boot.php(68): CodeIgniter\Boot::runCodeIgniter()
11 FCPATH/index.php(59): CodeIgniter\Boot::bootWeb()
CRITICAL - 2026-05-26 10:54:06 --> [Caused by] CodeIgniter\Database\Exceptions\DatabaseException: pg_query(): Query failed: ERROR:  missing FROM-clause entry for table &quot;inscriptions&quot;
LINE 3: JOIN &quot;classes&quot; ON &quot;classes&quot;.&quot;id&quot; = &quot;inscriptions&quot;.&quot;classe_id...
                                           ^
in SYSTEMPATH/Database/Postgre/Connection.php on line 212.
 1 SYSTEMPATH/Database/BaseConnection.php(910): CodeIgniter\Database\Postgre\Connection->execute()
 2 SYSTEMPATH/Database/BaseConnection.php(827): CodeIgniter\Database\BaseConnection->simpleQuery()
 3 SYSTEMPATH/Database/BaseBuilder.php(1649): CodeIgniter\Database\BaseConnection->query()
 4 SYSTEMPATH/Model.php(295): CodeIgniter\Database\BaseBuilder->get()
 5 SYSTEMPATH/BaseModel.php(714): CodeIgniter\Model->doFirst()
 6 APPPATH/Models/Etudiant/NotesModel.php(43): CodeIgniter\BaseModel->first()
 7 APPPATH/Controllers/Etudiant/NotesController.php(65): App\Models\Etudiant\NotesModel->getClasseEtudiant()
 8 SYSTEMPATH/CodeIgniter.php(951): App\Controllers\Etudiant\NotesController->go_to_notes()
 9 SYSTEMPATH/CodeIgniter.php(497): CodeIgniter\CodeIgniter->runController()
10 SYSTEMPATH/CodeIgniter.php(340): CodeIgniter\CodeIgniter->handleRequest()
11 SYSTEMPATH/Boot.php(417): CodeIgniter\CodeIgniter->run()
12 SYSTEMPATH/Boot.php(68): CodeIgniter\Boot::runCodeIgniter()
13 FCPATH/index.php(59): CodeIgniter\Boot::bootWeb()
CRITICAL - 2026-05-26 10:54:06 --> [Caused by] ErrorException: pg_query(): Query failed: ERROR:  missing FROM-clause entry for table &quot;inscriptions&quot;
LINE 3: JOIN &quot;classes&quot; ON &quot;classes&quot;.&quot;id&quot; = &quot;inscriptions&quot;.&quot;classe_id...
                                           ^
in SYSTEMPATH/Database/Postgre/Connection.php on line 200.
 1 [internal function]: CodeIgniter\Debug\Exceptions->errorHandler()
 2 SYSTEMPATH/Database/Postgre/Connection.php(200): pg_query()
 3 SYSTEMPATH/Database/BaseConnection.php(910): CodeIgniter\Database\Postgre\Connection->execute()
 4 SYSTEMPATH/Database/BaseConnection.php(827): CodeIgniter\Database\BaseConnection->simpleQuery()
 5 SYSTEMPATH/Database/BaseBuilder.php(1649): CodeIgniter\Database\BaseConnection->query()
 6 SYSTEMPATH/Model.php(295): CodeIgniter\Database\BaseBuilder->get()
 7 SYSTEMPATH/BaseModel.php(714): CodeIgniter\Model->doFirst()
 8 APPPATH/Models/Etudiant/NotesModel.php(43): CodeIgniter\BaseModel->first()
 9 APPPATH/Controllers/Etudiant/NotesController.php(65): App\Models\Etudiant\NotesModel->getClasseEtudiant()
10 SYSTEMPATH/CodeIgniter.php(951): App\Controllers\Etudiant\NotesController->go_to_notes()
11 SYSTEMPATH/CodeIgniter.php(497): CodeIgniter\CodeIgniter->runController()
12 SYSTEMPATH/CodeIgniter.php(340): CodeIgniter\CodeIgniter->handleRequest()
13 SYSTEMPATH/Boot.php(417): CodeIgniter\CodeIgniter->run()
14 SYSTEMPATH/Boot.php(68): CodeIgniter\Boot::runCodeIgniter()
15 FCPATH/index.php(59): CodeIgniter\Boot::bootWeb()
ERROR - 2026-05-26 10:54:07 --> pg_query(): Query failed: ERROR:  missing FROM-clause entry for table &quot;inscriptions&quot;
LINE 3: JOIN &quot;classes&quot; ON &quot;classes&quot;.&quot;id&quot; = &quot;inscriptions&quot;.&quot;classe_id...
                                           ^
in SYSTEMPATH/Database/Postgre/Connection.php on line 200.
 1 SYSTEMPATH/Database/BaseConnection.php(910): CodeIgniter\Database\Postgre\Connection->execute()
 2 SYSTEMPATH/Database/BaseConnection.php(827): CodeIgniter\Database\BaseConnection->simpleQuery()
 3 SYSTEMPATH/Database/BaseBuilder.php(1649): CodeIgniter\Database\BaseConnection->query()
 4 SYSTEMPATH/Model.php(295): CodeIgniter\Database\BaseBuilder->get()
 5 SYSTEMPATH/BaseModel.php(714): CodeIgniter\Model->doFirst()
 6 APPPATH/Models/Etudiant/NotesModel.php(43): CodeIgniter\BaseModel->first()
 7 APPPATH/Controllers/Etudiant/NotesController.php(65): App\Models\Etudiant\NotesModel->getClasseEtudiant()
 8 SYSTEMPATH/CodeIgniter.php(951): App\Controllers\Etudiant\NotesController->go_to_notes()
 9 SYSTEMPATH/CodeIgniter.php(497): CodeIgniter\CodeIgniter->runController()
10 SYSTEMPATH/CodeIgniter.php(340): CodeIgniter\CodeIgniter->handleRequest()
11 SYSTEMPATH/Boot.php(417): CodeIgniter\CodeIgniter->run()
12 SYSTEMPATH/Boot.php(68): CodeIgniter\Boot::runCodeIgniter()
13 FCPATH/index.php(59): CodeIgniter\Boot::bootWeb()
CRITICAL - 2026-05-26 10:54:07 --> CodeIgniter\Database\Exceptions\DatabaseException: pg_query(): Query failed: ERROR:  missing FROM-clause entry for table &quot;inscriptions&quot;
LINE 3: JOIN &quot;classes&quot; ON &quot;classes&quot;.&quot;id&quot; = &quot;inscriptions&quot;.&quot;classe_id...
                                           ^
[Method: GET, Route: etudiant/notes]
in SYSTEMPATH/Database/BaseConnection.php on line 865.
 1 SYSTEMPATH/Database/BaseBuilder.php(1649): CodeIgniter\Database\BaseConnection->query()
 2 SYSTEMPATH/Model.php(295): CodeIgniter\Database\BaseBuilder->get()
 3 SYSTEMPATH/BaseModel.php(714): CodeIgniter\Model->doFirst()
 4 APPPATH/Models/Etudiant/NotesModel.php(43): CodeIgniter\BaseModel->first()
 5 APPPATH/Controllers/Etudiant/NotesController.php(65): App\Models\Etudiant\NotesModel->getClasseEtudiant()
 6 SYSTEMPATH/CodeIgniter.php(951): App\Controllers\Etudiant\NotesController->go_to_notes()
 7 SYSTEMPATH/CodeIgniter.php(497): CodeIgniter\CodeIgniter->runController()
 8 SYSTEMPATH/CodeIgniter.php(340): CodeIgniter\CodeIgniter->handleRequest()
 9 SYSTEMPATH/Boot.php(417): CodeIgniter\CodeIgniter->run()
10 SYSTEMPATH/Boot.php(68): CodeIgniter\Boot::runCodeIgniter()
11 FCPATH/index.php(59): CodeIgniter\Boot::bootWeb()
CRITICAL - 2026-05-26 10:54:07 --> [Caused by] CodeIgniter\Database\Exceptions\DatabaseException: pg_query(): Query failed: ERROR:  missing FROM-clause entry for table &quot;inscriptions&quot;
LINE 3: JOIN &quot;classes&quot; ON &quot;classes&quot;.&quot;id&quot; = &quot;inscriptions&quot;.&quot;classe_id...
                                           ^
in SYSTEMPATH/Database/Postgre/Connection.php on line 212.
 1 SYSTEMPATH/Database/BaseConnection.php(910): CodeIgniter\Database\Postgre\Connection->execute()
 2 SYSTEMPATH/Database/BaseConnection.php(827): CodeIgniter\Database\BaseConnection->simpleQuery()
 3 SYSTEMPATH/Database/BaseBuilder.php(1649): CodeIgniter\Database\BaseConnection->query()
 4 SYSTEMPATH/Model.php(295): CodeIgniter\Database\BaseBuilder->get()
 5 SYSTEMPATH/BaseModel.php(714): CodeIgniter\Model->doFirst()
 6 APPPATH/Models/Etudiant/NotesModel.php(43): CodeIgniter\BaseModel->first()
 7 APPPATH/Controllers/Etudiant/NotesController.php(65): App\Models\Etudiant\NotesModel->getClasseEtudiant()
 8 SYSTEMPATH/CodeIgniter.php(951): App\Controllers\Etudiant\NotesController->go_to_notes()
 9 SYSTEMPATH/CodeIgniter.php(497): CodeIgniter\CodeIgniter->runController()
10 SYSTEMPATH/CodeIgniter.php(340): CodeIgniter\CodeIgniter->handleRequest()
11 SYSTEMPATH/Boot.php(417): CodeIgniter\CodeIgniter->run()
12 SYSTEMPATH/Boot.php(68): CodeIgniter\Boot::runCodeIgniter()
13 FCPATH/index.php(59): CodeIgniter\Boot::bootWeb()
CRITICAL - 2026-05-26 10:54:07 --> [Caused by] ErrorException: pg_query(): Query failed: ERROR:  missing FROM-clause entry for table &quot;inscriptions&quot;
LINE 3: JOIN &quot;classes&quot; ON &quot;classes&quot;.&quot;id&quot; = &quot;inscriptions&quot;.&quot;classe_id...
                                           ^
in SYSTEMPATH/Database/Postgre/Connection.php on line 200.
 1 [internal function]: CodeIgniter\Debug\Exceptions->errorHandler()
 2 SYSTEMPATH/Database/Postgre/Connection.php(200): pg_query()
 3 SYSTEMPATH/Database/BaseConnection.php(910): CodeIgniter\Database\Postgre\Connection->execute()
 4 SYSTEMPATH/Database/BaseConnection.php(827): CodeIgniter\Database\BaseConnection->simpleQuery()
 5 SYSTEMPATH/Database/BaseBuilder.php(1649): CodeIgniter\Database\BaseConnection->query()
 6 SYSTEMPATH/Model.php(295): CodeIgniter\Database\BaseBuilder->get()
 7 SYSTEMPATH/BaseModel.php(714): CodeIgniter\Model->doFirst()
 8 APPPATH/Models/Etudiant/NotesModel.php(43): CodeIgniter\BaseModel->first()
 9 APPPATH/Controllers/Etudiant/NotesController.php(65): App\Models\Etudiant\NotesModel->getClasseEtudiant()
10 SYSTEMPATH/CodeIgniter.php(951): App\Controllers\Etudiant\NotesController->go_to_notes()
11 SYSTEMPATH/CodeIgniter.php(497): CodeIgniter\CodeIgniter->runController()
12 SYSTEMPATH/CodeIgniter.php(340): CodeIgniter\CodeIgniter->handleRequest()
13 SYSTEMPATH/Boot.php(417): CodeIgniter\CodeIgniter->run()
14 SYSTEMPATH/Boot.php(68): CodeIgniter\Boot::runCodeIgniter()
15 FCPATH/index.php(59): CodeIgniter\Boot::bootWeb()
ERROR - 2026-05-26 10:54:07 --> pg_query(): Query failed: ERROR:  missing FROM-clause entry for table &quot;inscriptions&quot;
LINE 3: JOIN &quot;classes&quot; ON &quot;classes&quot;.&quot;id&quot; = &quot;inscriptions&quot;.&quot;classe_id...
                                           ^
in SYSTEMPATH/Database/Postgre/Connection.php on line 200.
 1 SYSTEMPATH/Database/BaseConnection.php(910): CodeIgniter\Database\Postgre\Connection->execute()
 2 SYSTEMPATH/Database/BaseConnection.php(827): CodeIgniter\Database\BaseConnection->simpleQuery()
 3 SYSTEMPATH/Database/BaseBuilder.php(1649): CodeIgniter\Database\BaseConnection->query()
 4 SYSTEMPATH/Model.php(295): CodeIgniter\Database\BaseBuilder->get()
 5 SYSTEMPATH/BaseModel.php(714): CodeIgniter\Model->doFirst()
 6 APPPATH/Models/Etudiant/NotesModel.php(43): CodeIgniter\BaseModel->first()
 7 APPPATH/Controllers/Etudiant/NotesController.php(65): App\Models\Etudiant\NotesModel->getClasseEtudiant()
 8 SYSTEMPATH/CodeIgniter.php(951): App\Controllers\Etudiant\NotesController->go_to_notes()
 9 SYSTEMPATH/CodeIgniter.php(497): CodeIgniter\CodeIgniter->runController()
10 SYSTEMPATH/CodeIgniter.php(340): CodeIgniter\CodeIgniter->handleRequest()
11 SYSTEMPATH/Boot.php(417): CodeIgniter\CodeIgniter->run()
12 SYSTEMPATH/Boot.php(68): CodeIgniter\Boot::runCodeIgniter()
13 FCPATH/index.php(59): CodeIgniter\Boot::bootWeb()
CRITICAL - 2026-05-26 10:54:07 --> CodeIgniter\Database\Exceptions\DatabaseException: pg_query(): Query failed: ERROR:  missing FROM-clause entry for table &quot;inscriptions&quot;
LINE 3: JOIN &quot;classes&quot; ON &quot;classes&quot;.&quot;id&quot; = &quot;inscriptions&quot;.&quot;classe_id...
                                           ^
[Method: GET, Route: etudiant/notes]
in SYSTEMPATH/Database/BaseConnection.php on line 865.
 1 SYSTEMPATH/Database/BaseBuilder.php(1649): CodeIgniter\Database\BaseConnection->query()
 2 SYSTEMPATH/Model.php(295): CodeIgniter\Database\BaseBuilder->get()
 3 SYSTEMPATH/BaseModel.php(714): CodeIgniter\Model->doFirst()
 4 APPPATH/Models/Etudiant/NotesModel.php(43): CodeIgniter\BaseModel->first()
 5 APPPATH/Controllers/Etudiant/NotesController.php(65): App\Models\Etudiant\NotesModel->getClasseEtudiant()
 6 SYSTEMPATH/CodeIgniter.php(951): App\Controllers\Etudiant\NotesController->go_to_notes()
 7 SYSTEMPATH/CodeIgniter.php(497): CodeIgniter\CodeIgniter->runController()
 8 SYSTEMPATH/CodeIgniter.php(340): CodeIgniter\CodeIgniter->handleRequest()
 9 SYSTEMPATH/Boot.php(417): CodeIgniter\CodeIgniter->run()
10 SYSTEMPATH/Boot.php(68): CodeIgniter\Boot::runCodeIgniter()
11 FCPATH/index.php(59): CodeIgniter\Boot::bootWeb()
CRITICAL - 2026-05-26 10:54:07 --> [Caused by] CodeIgniter\Database\Exceptions\DatabaseException: pg_query(): Query failed: ERROR:  missing FROM-clause entry for table &quot;inscriptions&quot;
LINE 3: JOIN &quot;classes&quot; ON &quot;classes&quot;.&quot;id&quot; = &quot;inscriptions&quot;.&quot;classe_id...
                                           ^
in SYSTEMPATH/Database/Postgre/Connection.php on line 212.
 1 SYSTEMPATH/Database/BaseConnection.php(910): CodeIgniter\Database\Postgre\Connection->execute()
 2 SYSTEMPATH/Database/BaseConnection.php(827): CodeIgniter\Database\BaseConnection->simpleQuery()
 3 SYSTEMPATH/Database/BaseBuilder.php(1649): CodeIgniter\Database\BaseConnection->query()
 4 SYSTEMPATH/Model.php(295): CodeIgniter\Database\BaseBuilder->get()
 5 SYSTEMPATH/BaseModel.php(714): CodeIgniter\Model->doFirst()
 6 APPPATH/Models/Etudiant/NotesModel.php(43): CodeIgniter\BaseModel->first()
 7 APPPATH/Controllers/Etudiant/NotesController.php(65): App\Models\Etudiant\NotesModel->getClasseEtudiant()
 8 SYSTEMPATH/CodeIgniter.php(951): App\Controllers\Etudiant\NotesController->go_to_notes()
 9 SYSTEMPATH/CodeIgniter.php(497): CodeIgniter\CodeIgniter->runController()
10 SYSTEMPATH/CodeIgniter.php(340): CodeIgniter\CodeIgniter->handleRequest()
11 SYSTEMPATH/Boot.php(417): CodeIgniter\CodeIgniter->run()
12 SYSTEMPATH/Boot.php(68): CodeIgniter\Boot::runCodeIgniter()
13 FCPATH/index.php(59): CodeIgniter\Boot::bootWeb()
CRITICAL - 2026-05-26 10:54:07 --> [Caused by] ErrorException: pg_query(): Query failed: ERROR:  missing FROM-clause entry for table &quot;inscriptions&quot;
LINE 3: JOIN &quot;classes&quot; ON &quot;classes&quot;.&quot;id&quot; = &quot;inscriptions&quot;.&quot;classe_id...
                                           ^
in SYSTEMPATH/Database/Postgre/Connection.php on line 200.
 1 [internal function]: CodeIgniter\Debug\Exceptions->errorHandler()
 2 SYSTEMPATH/Database/Postgre/Connection.php(200): pg_query()
 3 SYSTEMPATH/Database/BaseConnection.php(910): CodeIgniter\Database\Postgre\Connection->execute()
 4 SYSTEMPATH/Database/BaseConnection.php(827): CodeIgniter\Database\BaseConnection->simpleQuery()
 5 SYSTEMPATH/Database/BaseBuilder.php(1649): CodeIgniter\Database\BaseConnection->query()
 6 SYSTEMPATH/Model.php(295): CodeIgniter\Database\BaseBuilder->get()
 7 SYSTEMPATH/BaseModel.php(714): CodeIgniter\Model->doFirst()
 8 APPPATH/Models/Etudiant/NotesModel.php(43): CodeIgniter\BaseModel->first()
 9 APPPATH/Controllers/Etudiant/NotesController.php(65): App\Models\Etudiant\NotesModel->getClasseEtudiant()
10 SYSTEMPATH/CodeIgniter.php(951): App\Controllers\Etudiant\NotesController->go_to_notes()
11 SYSTEMPATH/CodeIgniter.php(497): CodeIgniter\CodeIgniter->runController()
12 SYSTEMPATH/CodeIgniter.php(340): CodeIgniter\CodeIgniter->handleRequest()
13 SYSTEMPATH/Boot.php(417): CodeIgniter\CodeIgniter->run()
14 SYSTEMPATH/Boot.php(68): CodeIgniter\Boot::runCodeIgniter()
15 FCPATH/index.php(59): CodeIgniter\Boot::bootWeb()
ERROR - 2026-05-26 10:54:07 --> pg_query(): Query failed: ERROR:  missing FROM-clause entry for table &quot;inscriptions&quot;
LINE 3: JOIN &quot;classes&quot; ON &quot;classes&quot;.&quot;id&quot; = &quot;inscriptions&quot;.&quot;classe_id...
                                           ^
in SYSTEMPATH/Database/Postgre/Connection.php on line 200.
 1 SYSTEMPATH/Database/BaseConnection.php(910): CodeIgniter\Database\Postgre\Connection->execute()
 2 SYSTEMPATH/Database/BaseConnection.php(827): CodeIgniter\Database\BaseConnection->simpleQuery()
 3 SYSTEMPATH/Database/BaseBuilder.php(1649): CodeIgniter\Database\BaseConnection->query()
 4 SYSTEMPATH/Model.php(295): CodeIgniter\Database\BaseBuilder->get()
 5 SYSTEMPATH/BaseModel.php(714): CodeIgniter\Model->doFirst()
 6 APPPATH/Models/Etudiant/NotesModel.php(43): CodeIgniter\BaseModel->first()
 7 APPPATH/Controllers/Etudiant/NotesController.php(65): App\Models\Etudiant\NotesModel->getClasseEtudiant()
 8 SYSTEMPATH/CodeIgniter.php(951): App\Controllers\Etudiant\NotesController->go_to_notes()
 9 SYSTEMPATH/CodeIgniter.php(497): CodeIgniter\CodeIgniter->runController()
10 SYSTEMPATH/CodeIgniter.php(340): CodeIgniter\CodeIgniter->handleRequest()
11 SYSTEMPATH/Boot.php(417): CodeIgniter\CodeIgniter->run()
12 SYSTEMPATH/Boot.php(68): CodeIgniter\Boot::runCodeIgniter()
13 FCPATH/index.php(59): CodeIgniter\Boot::bootWeb()
CRITICAL - 2026-05-26 10:54:07 --> CodeIgniter\Database\Exceptions\DatabaseException: pg_query(): Query failed: ERROR:  missing FROM-clause entry for table &quot;inscriptions&quot;
LINE 3: JOIN &quot;classes&quot; ON &quot;classes&quot;.&quot;id&quot; = &quot;inscriptions&quot;.&quot;classe_id...
                                           ^
[Method: GET, Route: etudiant/notes]
in SYSTEMPATH/Database/BaseConnection.php on line 865.
 1 SYSTEMPATH/Database/BaseBuilder.php(1649): CodeIgniter\Database\BaseConnection->query()
 2 SYSTEMPATH/Model.php(295): CodeIgniter\Database\BaseBuilder->get()
 3 SYSTEMPATH/BaseModel.php(714): CodeIgniter\Model->doFirst()
 4 APPPATH/Models/Etudiant/NotesModel.php(43): CodeIgniter\BaseModel->first()
 5 APPPATH/Controllers/Etudiant/NotesController.php(65): App\Models\Etudiant\NotesModel->getClasseEtudiant()
 6 SYSTEMPATH/CodeIgniter.php(951): App\Controllers\Etudiant\NotesController->go_to_notes()
 7 SYSTEMPATH/CodeIgniter.php(497): CodeIgniter\CodeIgniter->runController()
 8 SYSTEMPATH/CodeIgniter.php(340): CodeIgniter\CodeIgniter->handleRequest()
 9 SYSTEMPATH/Boot.php(417): CodeIgniter\CodeIgniter->run()
10 SYSTEMPATH/Boot.php(68): CodeIgniter\Boot::runCodeIgniter()
11 FCPATH/index.php(59): CodeIgniter\Boot::bootWeb()
CRITICAL - 2026-05-26 10:54:07 --> [Caused by] CodeIgniter\Database\Exceptions\DatabaseException: pg_query(): Query failed: ERROR:  missing FROM-clause entry for table &quot;inscriptions&quot;
LINE 3: JOIN &quot;classes&quot; ON &quot;classes&quot;.&quot;id&quot; = &quot;inscriptions&quot;.&quot;classe_id...
                                           ^
in SYSTEMPATH/Database/Postgre/Connection.php on line 212.
 1 SYSTEMPATH/Database/BaseConnection.php(910): CodeIgniter\Database\Postgre\Connection->execute()
 2 SYSTEMPATH/Database/BaseConnection.php(827): CodeIgniter\Database\BaseConnection->simpleQuery()
 3 SYSTEMPATH/Database/BaseBuilder.php(1649): CodeIgniter\Database\BaseConnection->query()
 4 SYSTEMPATH/Model.php(295): CodeIgniter\Database\BaseBuilder->get()
 5 SYSTEMPATH/BaseModel.php(714): CodeIgniter\Model->doFirst()
 6 APPPATH/Models/Etudiant/NotesModel.php(43): CodeIgniter\BaseModel->first()
 7 APPPATH/Controllers/Etudiant/NotesController.php(65): App\Models\Etudiant\NotesModel->getClasseEtudiant()
 8 SYSTEMPATH/CodeIgniter.php(951): App\Controllers\Etudiant\NotesController->go_to_notes()
 9 SYSTEMPATH/CodeIgniter.php(497): CodeIgniter\CodeIgniter->runController()
10 SYSTEMPATH/CodeIgniter.php(340): CodeIgniter\CodeIgniter->handleRequest()
11 SYSTEMPATH/Boot.php(417): CodeIgniter\CodeIgniter->run()
12 SYSTEMPATH/Boot.php(68): CodeIgniter\Boot::runCodeIgniter()
13 FCPATH/index.php(59): CodeIgniter\Boot::bootWeb()
CRITICAL - 2026-05-26 10:54:07 --> [Caused by] ErrorException: pg_query(): Query failed: ERROR:  missing FROM-clause entry for table &quot;inscriptions&quot;
LINE 3: JOIN &quot;classes&quot; ON &quot;classes&quot;.&quot;id&quot; = &quot;inscriptions&quot;.&quot;classe_id...
                                           ^
in SYSTEMPATH/Database/Postgre/Connection.php on line 200.
 1 [internal function]: CodeIgniter\Debug\Exceptions->errorHandler()
 2 SYSTEMPATH/Database/Postgre/Connection.php(200): pg_query()
 3 SYSTEMPATH/Database/BaseConnection.php(910): CodeIgniter\Database\Postgre\Connection->execute()
 4 SYSTEMPATH/Database/BaseConnection.php(827): CodeIgniter\Database\BaseConnection->simpleQuery()
 5 SYSTEMPATH/Database/BaseBuilder.php(1649): CodeIgniter\Database\BaseConnection->query()
 6 SYSTEMPATH/Model.php(295): CodeIgniter\Database\BaseBuilder->get()
 7 SYSTEMPATH/BaseModel.php(714): CodeIgniter\Model->doFirst()
 8 APPPATH/Models/Etudiant/NotesModel.php(43): CodeIgniter\BaseModel->first()
 9 APPPATH/Controllers/Etudiant/NotesController.php(65): App\Models\Etudiant\NotesModel->getClasseEtudiant()
10 SYSTEMPATH/CodeIgniter.php(951): App\Controllers\Etudiant\NotesController->go_to_notes()
11 SYSTEMPATH/CodeIgniter.php(497): CodeIgniter\CodeIgniter->runController()
12 SYSTEMPATH/CodeIgniter.php(340): CodeIgniter\CodeIgniter->handleRequest()
13 SYSTEMPATH/Boot.php(417): CodeIgniter\CodeIgniter->run()
14 SYSTEMPATH/Boot.php(68): CodeIgniter\Boot::runCodeIgniter()
15 FCPATH/index.php(59): CodeIgniter\Boot::bootWeb()
ERROR - 2026-05-26 10:54:07 --> pg_query(): Query failed: ERROR:  missing FROM-clause entry for table &quot;inscriptions&quot;
LINE 3: JOIN &quot;classes&quot; ON &quot;classes&quot;.&quot;id&quot; = &quot;inscriptions&quot;.&quot;classe_id...
                                           ^
in SYSTEMPATH/Database/Postgre/Connection.php on line 200.
 1 SYSTEMPATH/Database/BaseConnection.php(910): CodeIgniter\Database\Postgre\Connection->execute()
 2 SYSTEMPATH/Database/BaseConnection.php(827): CodeIgniter\Database\BaseConnection->simpleQuery()
 3 SYSTEMPATH/Database/BaseBuilder.php(1649): CodeIgniter\Database\BaseConnection->query()
 4 SYSTEMPATH/Model.php(295): CodeIgniter\Database\BaseBuilder->get()
 5 SYSTEMPATH/BaseModel.php(714): CodeIgniter\Model->doFirst()
 6 APPPATH/Models/Etudiant/NotesModel.php(43): CodeIgniter\BaseModel->first()
 7 APPPATH/Controllers/Etudiant/NotesController.php(65): App\Models\Etudiant\NotesModel->getClasseEtudiant()
 8 SYSTEMPATH/CodeIgniter.php(951): App\Controllers\Etudiant\NotesController->go_to_notes()
 9 SYSTEMPATH/CodeIgniter.php(497): CodeIgniter\CodeIgniter->runController()
10 SYSTEMPATH/CodeIgniter.php(340): CodeIgniter\CodeIgniter->handleRequest()
11 SYSTEMPATH/Boot.php(417): CodeIgniter\CodeIgniter->run()
12 SYSTEMPATH/Boot.php(68): CodeIgniter\Boot::runCodeIgniter()
13 FCPATH/index.php(59): CodeIgniter\Boot::bootWeb()
CRITICAL - 2026-05-26 10:54:07 --> CodeIgniter\Database\Exceptions\DatabaseException: pg_query(): Query failed: ERROR:  missing FROM-clause entry for table &quot;inscriptions&quot;
LINE 3: JOIN &quot;classes&quot; ON &quot;classes&quot;.&quot;id&quot; = &quot;inscriptions&quot;.&quot;classe_id...
                                           ^
[Method: GET, Route: etudiant/notes]
in SYSTEMPATH/Database/BaseConnection.php on line 865.
 1 SYSTEMPATH/Database/BaseBuilder.php(1649): CodeIgniter\Database\BaseConnection->query()
 2 SYSTEMPATH/Model.php(295): CodeIgniter\Database\BaseBuilder->get()
 3 SYSTEMPATH/BaseModel.php(714): CodeIgniter\Model->doFirst()
 4 APPPATH/Models/Etudiant/NotesModel.php(43): CodeIgniter\BaseModel->first()
 5 APPPATH/Controllers/Etudiant/NotesController.php(65): App\Models\Etudiant\NotesModel->getClasseEtudiant()
 6 SYSTEMPATH/CodeIgniter.php(951): App\Controllers\Etudiant\NotesController->go_to_notes()
 7 SYSTEMPATH/CodeIgniter.php(497): CodeIgniter\CodeIgniter->runController()
 8 SYSTEMPATH/CodeIgniter.php(340): CodeIgniter\CodeIgniter->handleRequest()
 9 SYSTEMPATH/Boot.php(417): CodeIgniter\CodeIgniter->run()
10 SYSTEMPATH/Boot.php(68): CodeIgniter\Boot::runCodeIgniter()
11 FCPATH/index.php(59): CodeIgniter\Boot::bootWeb()
CRITICAL - 2026-05-26 10:54:07 --> [Caused by] CodeIgniter\Database\Exceptions\DatabaseException: pg_query(): Query failed: ERROR:  missing FROM-clause entry for table &quot;inscriptions&quot;
LINE 3: JOIN &quot;classes&quot; ON &quot;classes&quot;.&quot;id&quot; = &quot;inscriptions&quot;.&quot;classe_id...
                                           ^
in SYSTEMPATH/Database/Postgre/Connection.php on line 212.
 1 SYSTEMPATH/Database/BaseConnection.php(910): CodeIgniter\Database\Postgre\Connection->execute()
 2 SYSTEMPATH/Database/BaseConnection.php(827): CodeIgniter\Database\BaseConnection->simpleQuery()
 3 SYSTEMPATH/Database/BaseBuilder.php(1649): CodeIgniter\Database\BaseConnection->query()
 4 SYSTEMPATH/Model.php(295): CodeIgniter\Database\BaseBuilder->get()
 5 SYSTEMPATH/BaseModel.php(714): CodeIgniter\Model->doFirst()
 6 APPPATH/Models/Etudiant/NotesModel.php(43): CodeIgniter\BaseModel->first()
 7 APPPATH/Controllers/Etudiant/NotesController.php(65): App\Models\Etudiant\NotesModel->getClasseEtudiant()
 8 SYSTEMPATH/CodeIgniter.php(951): App\Controllers\Etudiant\NotesController->go_to_notes()
 9 SYSTEMPATH/CodeIgniter.php(497): CodeIgniter\CodeIgniter->runController()
10 SYSTEMPATH/CodeIgniter.php(340): CodeIgniter\CodeIgniter->handleRequest()
11 SYSTEMPATH/Boot.php(417): CodeIgniter\CodeIgniter->run()
12 SYSTEMPATH/Boot.php(68): CodeIgniter\Boot::runCodeIgniter()
13 FCPATH/index.php(59): CodeIgniter\Boot::bootWeb()
CRITICAL - 2026-05-26 10:54:07 --> [Caused by] ErrorException: pg_query(): Query failed: ERROR:  missing FROM-clause entry for table &quot;inscriptions&quot;
LINE 3: JOIN &quot;classes&quot; ON &quot;classes&quot;.&quot;id&quot; = &quot;inscriptions&quot;.&quot;classe_id...
                                           ^
in SYSTEMPATH/Database/Postgre/Connection.php on line 200.
 1 [internal function]: CodeIgniter\Debug\Exceptions->errorHandler()
 2 SYSTEMPATH/Database/Postgre/Connection.php(200): pg_query()
 3 SYSTEMPATH/Database/BaseConnection.php(910): CodeIgniter\Database\Postgre\Connection->execute()
 4 SYSTEMPATH/Database/BaseConnection.php(827): CodeIgniter\Database\BaseConnection->simpleQuery()
 5 SYSTEMPATH/Database/BaseBuilder.php(1649): CodeIgniter\Database\BaseConnection->query()
 6 SYSTEMPATH/Model.php(295): CodeIgniter\Database\BaseBuilder->get()
 7 SYSTEMPATH/BaseModel.php(714): CodeIgniter\Model->doFirst()
 8 APPPATH/Models/Etudiant/NotesModel.php(43): CodeIgniter\BaseModel->first()
 9 APPPATH/Controllers/Etudiant/NotesController.php(65): App\Models\Etudiant\NotesModel->getClasseEtudiant()
10 SYSTEMPATH/CodeIgniter.php(951): App\Controllers\Etudiant\NotesController->go_to_notes()
11 SYSTEMPATH/CodeIgniter.php(497): CodeIgniter\CodeIgniter->runController()
12 SYSTEMPATH/CodeIgniter.php(340): CodeIgniter\CodeIgniter->handleRequest()
13 SYSTEMPATH/Boot.php(417): CodeIgniter\CodeIgniter->run()
14 SYSTEMPATH/Boot.php(68): CodeIgniter\Boot::runCodeIgniter()
15 FCPATH/index.php(59): CodeIgniter\Boot::bootWeb()
ERROR - 2026-05-26 10:54:07 --> pg_query(): Query failed: ERROR:  missing FROM-clause entry for table &quot;inscriptions&quot;
LINE 3: JOIN &quot;classes&quot; ON &quot;classes&quot;.&quot;id&quot; = &quot;inscriptions&quot;.&quot;classe_id...
                                           ^
in SYSTEMPATH/Database/Postgre/Connection.php on line 200.
 1 SYSTEMPATH/Database/BaseConnection.php(910): CodeIgniter\Database\Postgre\Connection->execute()
 2 SYSTEMPATH/Database/BaseConnection.php(827): CodeIgniter\Database\BaseConnection->simpleQuery()
 3 SYSTEMPATH/Database/BaseBuilder.php(1649): CodeIgniter\Database\BaseConnection->query()
 4 SYSTEMPATH/Model.php(295): CodeIgniter\Database\BaseBuilder->get()
 5 SYSTEMPATH/BaseModel.php(714): CodeIgniter\Model->doFirst()
 6 APPPATH/Models/Etudiant/NotesModel.php(43): CodeIgniter\BaseModel->first()
 7 APPPATH/Controllers/Etudiant/NotesController.php(65): App\Models\Etudiant\NotesModel->getClasseEtudiant()
 8 SYSTEMPATH/CodeIgniter.php(951): App\Controllers\Etudiant\NotesController->go_to_notes()
 9 SYSTEMPATH/CodeIgniter.php(497): CodeIgniter\CodeIgniter->runController()
10 SYSTEMPATH/CodeIgniter.php(340): CodeIgniter\CodeIgniter->handleRequest()
11 SYSTEMPATH/Boot.php(417): CodeIgniter\CodeIgniter->run()
12 SYSTEMPATH/Boot.php(68): CodeIgniter\Boot::runCodeIgniter()
13 FCPATH/index.php(59): CodeIgniter\Boot::bootWeb()
CRITICAL - 2026-05-26 10:54:07 --> CodeIgniter\Database\Exceptions\DatabaseException: pg_query(): Query failed: ERROR:  missing FROM-clause entry for table &quot;inscriptions&quot;
LINE 3: JOIN &quot;classes&quot; ON &quot;classes&quot;.&quot;id&quot; = &quot;inscriptions&quot;.&quot;classe_id...
                                           ^
[Method: GET, Route: etudiant/notes]
in SYSTEMPATH/Database/BaseConnection.php on line 865.
 1 SYSTEMPATH/Database/BaseBuilder.php(1649): CodeIgniter\Database\BaseConnection->query()
 2 SYSTEMPATH/Model.php(295): CodeIgniter\Database\BaseBuilder->get()
 3 SYSTEMPATH/BaseModel.php(714): CodeIgniter\Model->doFirst()
 4 APPPATH/Models/Etudiant/NotesModel.php(43): CodeIgniter\BaseModel->first()
 5 APPPATH/Controllers/Etudiant/NotesController.php(65): App\Models\Etudiant\NotesModel->getClasseEtudiant()
 6 SYSTEMPATH/CodeIgniter.php(951): App\Controllers\Etudiant\NotesController->go_to_notes()
 7 SYSTEMPATH/CodeIgniter.php(497): CodeIgniter\CodeIgniter->runController()
 8 SYSTEMPATH/CodeIgniter.php(340): CodeIgniter\CodeIgniter->handleRequest()
 9 SYSTEMPATH/Boot.php(417): CodeIgniter\CodeIgniter->run()
10 SYSTEMPATH/Boot.php(68): CodeIgniter\Boot::runCodeIgniter()
11 FCPATH/index.php(59): CodeIgniter\Boot::bootWeb()
CRITICAL - 2026-05-26 10:54:07 --> [Caused by] CodeIgniter\Database\Exceptions\DatabaseException: pg_query(): Query failed: ERROR:  missing FROM-clause entry for table &quot;inscriptions&quot;
LINE 3: JOIN &quot;classes&quot; ON &quot;classes&quot;.&quot;id&quot; = &quot;inscriptions&quot;.&quot;classe_id...
                                           ^
in SYSTEMPATH/Database/Postgre/Connection.php on line 212.
 1 SYSTEMPATH/Database/BaseConnection.php(910): CodeIgniter\Database\Postgre\Connection->execute()
 2 SYSTEMPATH/Database/BaseConnection.php(827): CodeIgniter\Database\BaseConnection->simpleQuery()
 3 SYSTEMPATH/Database/BaseBuilder.php(1649): CodeIgniter\Database\BaseConnection->query()
 4 SYSTEMPATH/Model.php(295): CodeIgniter\Database\BaseBuilder->get()
 5 SYSTEMPATH/BaseModel.php(714): CodeIgniter\Model->doFirst()
 6 APPPATH/Models/Etudiant/NotesModel.php(43): CodeIgniter\BaseModel->first()
 7 APPPATH/Controllers/Etudiant/NotesController.php(65): App\Models\Etudiant\NotesModel->getClasseEtudiant()
 8 SYSTEMPATH/CodeIgniter.php(951): App\Controllers\Etudiant\NotesController->go_to_notes()
 9 SYSTEMPATH/CodeIgniter.php(497): CodeIgniter\CodeIgniter->runController()
10 SYSTEMPATH/CodeIgniter.php(340): CodeIgniter\CodeIgniter->handleRequest()
11 SYSTEMPATH/Boot.php(417): CodeIgniter\CodeIgniter->run()
12 SYSTEMPATH/Boot.php(68): CodeIgniter\Boot::runCodeIgniter()
13 FCPATH/index.php(59): CodeIgniter\Boot::bootWeb()
CRITICAL - 2026-05-26 10:54:07 --> [Caused by] ErrorException: pg_query(): Query failed: ERROR:  missing FROM-clause entry for table &quot;inscriptions&quot;
LINE 3: JOIN &quot;classes&quot; ON &quot;classes&quot;.&quot;id&quot; = &quot;inscriptions&quot;.&quot;classe_id...
                                           ^
in SYSTEMPATH/Database/Postgre/Connection.php on line 200.
 1 [internal function]: CodeIgniter\Debug\Exceptions->errorHandler()
 2 SYSTEMPATH/Database/Postgre/Connection.php(200): pg_query()
 3 SYSTEMPATH/Database/BaseConnection.php(910): CodeIgniter\Database\Postgre\Connection->execute()
 4 SYSTEMPATH/Database/BaseConnection.php(827): CodeIgniter\Database\BaseConnection->simpleQuery()
 5 SYSTEMPATH/Database/BaseBuilder.php(1649): CodeIgniter\Database\BaseConnection->query()
 6 SYSTEMPATH/Model.php(295): CodeIgniter\Database\BaseBuilder->get()
 7 SYSTEMPATH/BaseModel.php(714): CodeIgniter\Model->doFirst()
 8 APPPATH/Models/Etudiant/NotesModel.php(43): CodeIgniter\BaseModel->first()
 9 APPPATH/Controllers/Etudiant/NotesController.php(65): App\Models\Etudiant\NotesModel->getClasseEtudiant()
10 SYSTEMPATH/CodeIgniter.php(951): App\Controllers\Etudiant\NotesController->go_to_notes()
11 SYSTEMPATH/CodeIgniter.php(497): CodeIgniter\CodeIgniter->runController()
12 SYSTEMPATH/CodeIgniter.php(340): CodeIgniter\CodeIgniter->handleRequest()
13 SYSTEMPATH/Boot.php(417): CodeIgniter\CodeIgniter->run()
14 SYSTEMPATH/Boot.php(68): CodeIgniter\Boot::runCodeIgniter()
15 FCPATH/index.php(59): CodeIgniter\Boot::bootWeb()
ERROR - 2026-05-26 10:54:07 --> pg_query(): Query failed: ERROR:  missing FROM-clause entry for table &quot;inscriptions&quot;
LINE 3: JOIN &quot;classes&quot; ON &quot;classes&quot;.&quot;id&quot; = &quot;inscriptions&quot;.&quot;classe_id...
                                           ^
in SYSTEMPATH/Database/Postgre/Connection.php on line 200.
 1 SYSTEMPATH/Database/BaseConnection.php(910): CodeIgniter\Database\Postgre\Connection->execute()
 2 SYSTEMPATH/Database/BaseConnection.php(827): CodeIgniter\Database\BaseConnection->simpleQuery()
 3 SYSTEMPATH/Database/BaseBuilder.php(1649): CodeIgniter\Database\BaseConnection->query()
 4 SYSTEMPATH/Model.php(295): CodeIgniter\Database\BaseBuilder->get()
 5 SYSTEMPATH/BaseModel.php(714): CodeIgniter\Model->doFirst()
 6 APPPATH/Models/Etudiant/NotesModel.php(43): CodeIgniter\BaseModel->first()
 7 APPPATH/Controllers/Etudiant/NotesController.php(65): App\Models\Etudiant\NotesModel->getClasseEtudiant()
 8 SYSTEMPATH/CodeIgniter.php(951): App\Controllers\Etudiant\NotesController->go_to_notes()
 9 SYSTEMPATH/CodeIgniter.php(497): CodeIgniter\CodeIgniter->runController()
10 SYSTEMPATH/CodeIgniter.php(340): CodeIgniter\CodeIgniter->handleRequest()
11 SYSTEMPATH/Boot.php(417): CodeIgniter\CodeIgniter->run()
12 SYSTEMPATH/Boot.php(68): CodeIgniter\Boot::runCodeIgniter()
13 FCPATH/index.php(59): CodeIgniter\Boot::bootWeb()
CRITICAL - 2026-05-26 10:54:07 --> CodeIgniter\Database\Exceptions\DatabaseException: pg_query(): Query failed: ERROR:  missing FROM-clause entry for table &quot;inscriptions&quot;
LINE 3: JOIN &quot;classes&quot; ON &quot;classes&quot;.&quot;id&quot; = &quot;inscriptions&quot;.&quot;classe_id...
                                           ^
[Method: GET, Route: etudiant/notes]
in SYSTEMPATH/Database/BaseConnection.php on line 865.
 1 SYSTEMPATH/Database/BaseBuilder.php(1649): CodeIgniter\Database\BaseConnection->query()
 2 SYSTEMPATH/Model.php(295): CodeIgniter\Database\BaseBuilder->get()
 3 SYSTEMPATH/BaseModel.php(714): CodeIgniter\Model->doFirst()
 4 APPPATH/Models/Etudiant/NotesModel.php(43): CodeIgniter\BaseModel->first()
 5 APPPATH/Controllers/Etudiant/NotesController.php(65): App\Models\Etudiant\NotesModel->getClasseEtudiant()
 6 SYSTEMPATH/CodeIgniter.php(951): App\Controllers\Etudiant\NotesController->go_to_notes()
 7 SYSTEMPATH/CodeIgniter.php(497): CodeIgniter\CodeIgniter->runController()
 8 SYSTEMPATH/CodeIgniter.php(340): CodeIgniter\CodeIgniter->handleRequest()
 9 SYSTEMPATH/Boot.php(417): CodeIgniter\CodeIgniter->run()
10 SYSTEMPATH/Boot.php(68): CodeIgniter\Boot::runCodeIgniter()
11 FCPATH/index.php(59): CodeIgniter\Boot::bootWeb()
CRITICAL - 2026-05-26 10:54:07 --> [Caused by] CodeIgniter\Database\Exceptions\DatabaseException: pg_query(): Query failed: ERROR:  missing FROM-clause entry for table &quot;inscriptions&quot;
LINE 3: JOIN &quot;classes&quot; ON &quot;classes&quot;.&quot;id&quot; = &quot;inscriptions&quot;.&quot;classe_id...
                                           ^
in SYSTEMPATH/Database/Postgre/Connection.php on line 212.
 1 SYSTEMPATH/Database/BaseConnection.php(910): CodeIgniter\Database\Postgre\Connection->execute()
 2 SYSTEMPATH/Database/BaseConnection.php(827): CodeIgniter\Database\BaseConnection->simpleQuery()
 3 SYSTEMPATH/Database/BaseBuilder.php(1649): CodeIgniter\Database\BaseConnection->query()
 4 SYSTEMPATH/Model.php(295): CodeIgniter\Database\BaseBuilder->get()
 5 SYSTEMPATH/BaseModel.php(714): CodeIgniter\Model->doFirst()
 6 APPPATH/Models/Etudiant/NotesModel.php(43): CodeIgniter\BaseModel->first()
 7 APPPATH/Controllers/Etudiant/NotesController.php(65): App\Models\Etudiant\NotesModel->getClasseEtudiant()
 8 SYSTEMPATH/CodeIgniter.php(951): App\Controllers\Etudiant\NotesController->go_to_notes()
 9 SYSTEMPATH/CodeIgniter.php(497): CodeIgniter\CodeIgniter->runController()
10 SYSTEMPATH/CodeIgniter.php(340): CodeIgniter\CodeIgniter->handleRequest()
11 SYSTEMPATH/Boot.php(417): CodeIgniter\CodeIgniter->run()
12 SYSTEMPATH/Boot.php(68): CodeIgniter\Boot::runCodeIgniter()
13 FCPATH/index.php(59): CodeIgniter\Boot::bootWeb()
CRITICAL - 2026-05-26 10:54:07 --> [Caused by] ErrorException: pg_query(): Query failed: ERROR:  missing FROM-clause entry for table &quot;inscriptions&quot;
LINE 3: JOIN &quot;classes&quot; ON &quot;classes&quot;.&quot;id&quot; = &quot;inscriptions&quot;.&quot;classe_id...
                                           ^
in SYSTEMPATH/Database/Postgre/Connection.php on line 200.
 1 [internal function]: CodeIgniter\Debug\Exceptions->errorHandler()
 2 SYSTEMPATH/Database/Postgre/Connection.php(200): pg_query()
 3 SYSTEMPATH/Database/BaseConnection.php(910): CodeIgniter\Database\Postgre\Connection->execute()
 4 SYSTEMPATH/Database/BaseConnection.php(827): CodeIgniter\Database\BaseConnection->simpleQuery()
 5 SYSTEMPATH/Database/BaseBuilder.php(1649): CodeIgniter\Database\BaseConnection->query()
 6 SYSTEMPATH/Model.php(295): CodeIgniter\Database\BaseBuilder->get()
 7 SYSTEMPATH/BaseModel.php(714): CodeIgniter\Model->doFirst()
 8 APPPATH/Models/Etudiant/NotesModel.php(43): CodeIgniter\BaseModel->first()
 9 APPPATH/Controllers/Etudiant/NotesController.php(65): App\Models\Etudiant\NotesModel->getClasseEtudiant()
10 SYSTEMPATH/CodeIgniter.php(951): App\Controllers\Etudiant\NotesController->go_to_notes()
11 SYSTEMPATH/CodeIgniter.php(497): CodeIgniter\CodeIgniter->runController()
12 SYSTEMPATH/CodeIgniter.php(340): CodeIgniter\CodeIgniter->handleRequest()
13 SYSTEMPATH/Boot.php(417): CodeIgniter\CodeIgniter->run()
14 SYSTEMPATH/Boot.php(68): CodeIgniter\Boot::runCodeIgniter()
15 FCPATH/index.php(59): CodeIgniter\Boot::bootWeb()
ERROR - 2026-05-26 10:54:08 --> pg_query(): Query failed: ERROR:  missing FROM-clause entry for table &quot;inscriptions&quot;
LINE 3: JOIN &quot;classes&quot; ON &quot;classes&quot;.&quot;id&quot; = &quot;inscriptions&quot;.&quot;classe_id...
                                           ^
in SYSTEMPATH/Database/Postgre/Connection.php on line 200.
 1 SYSTEMPATH/Database/BaseConnection.php(910): CodeIgniter\Database\Postgre\Connection->execute()
 2 SYSTEMPATH/Database/BaseConnection.php(827): CodeIgniter\Database\BaseConnection->simpleQuery()
 3 SYSTEMPATH/Database/BaseBuilder.php(1649): CodeIgniter\Database\BaseConnection->query()
 4 SYSTEMPATH/Model.php(295): CodeIgniter\Database\BaseBuilder->get()
 5 SYSTEMPATH/BaseModel.php(714): CodeIgniter\Model->doFirst()
 6 APPPATH/Models/Etudiant/NotesModel.php(43): CodeIgniter\BaseModel->first()
 7 APPPATH/Controllers/Etudiant/NotesController.php(65): App\Models\Etudiant\NotesModel->getClasseEtudiant()
 8 SYSTEMPATH/CodeIgniter.php(951): App\Controllers\Etudiant\NotesController->go_to_notes()
 9 SYSTEMPATH/CodeIgniter.php(497): CodeIgniter\CodeIgniter->runController()
10 SYSTEMPATH/CodeIgniter.php(340): CodeIgniter\CodeIgniter->handleRequest()
11 SYSTEMPATH/Boot.php(417): CodeIgniter\CodeIgniter->run()
12 SYSTEMPATH/Boot.php(68): CodeIgniter\Boot::runCodeIgniter()
13 FCPATH/index.php(59): CodeIgniter\Boot::bootWeb()
CRITICAL - 2026-05-26 10:54:08 --> CodeIgniter\Database\Exceptions\DatabaseException: pg_query(): Query failed: ERROR:  missing FROM-clause entry for table &quot;inscriptions&quot;
LINE 3: JOIN &quot;classes&quot; ON &quot;classes&quot;.&quot;id&quot; = &quot;inscriptions&quot;.&quot;classe_id...
                                           ^
[Method: GET, Route: etudiant/notes]
in SYSTEMPATH/Database/BaseConnection.php on line 865.
 1 SYSTEMPATH/Database/BaseBuilder.php(1649): CodeIgniter\Database\BaseConnection->query()
 2 SYSTEMPATH/Model.php(295): CodeIgniter\Database\BaseBuilder->get()
 3 SYSTEMPATH/BaseModel.php(714): CodeIgniter\Model->doFirst()
 4 APPPATH/Models/Etudiant/NotesModel.php(43): CodeIgniter\BaseModel->first()
 5 APPPATH/Controllers/Etudiant/NotesController.php(65): App\Models\Etudiant\NotesModel->getClasseEtudiant()
 6 SYSTEMPATH/CodeIgniter.php(951): App\Controllers\Etudiant\NotesController->go_to_notes()
 7 SYSTEMPATH/CodeIgniter.php(497): CodeIgniter\CodeIgniter->runController()
 8 SYSTEMPATH/CodeIgniter.php(340): CodeIgniter\CodeIgniter->handleRequest()
 9 SYSTEMPATH/Boot.php(417): CodeIgniter\CodeIgniter->run()
10 SYSTEMPATH/Boot.php(68): CodeIgniter\Boot::runCodeIgniter()
11 FCPATH/index.php(59): CodeIgniter\Boot::bootWeb()
CRITICAL - 2026-05-26 10:54:08 --> [Caused by] CodeIgniter\Database\Exceptions\DatabaseException: pg_query(): Query failed: ERROR:  missing FROM-clause entry for table &quot;inscriptions&quot;
LINE 3: JOIN &quot;classes&quot; ON &quot;classes&quot;.&quot;id&quot; = &quot;inscriptions&quot;.&quot;classe_id...
                                           ^
in SYSTEMPATH/Database/Postgre/Connection.php on line 212.
 1 SYSTEMPATH/Database/BaseConnection.php(910): CodeIgniter\Database\Postgre\Connection->execute()
 2 SYSTEMPATH/Database/BaseConnection.php(827): CodeIgniter\Database\BaseConnection->simpleQuery()
 3 SYSTEMPATH/Database/BaseBuilder.php(1649): CodeIgniter\Database\BaseConnection->query()
 4 SYSTEMPATH/Model.php(295): CodeIgniter\Database\BaseBuilder->get()
 5 SYSTEMPATH/BaseModel.php(714): CodeIgniter\Model->doFirst()
 6 APPPATH/Models/Etudiant/NotesModel.php(43): CodeIgniter\BaseModel->first()
 7 APPPATH/Controllers/Etudiant/NotesController.php(65): App\Models\Etudiant\NotesModel->getClasseEtudiant()
 8 SYSTEMPATH/CodeIgniter.php(951): App\Controllers\Etudiant\NotesController->go_to_notes()
 9 SYSTEMPATH/CodeIgniter.php(497): CodeIgniter\CodeIgniter->runController()
10 SYSTEMPATH/CodeIgniter.php(340): CodeIgniter\CodeIgniter->handleRequest()
11 SYSTEMPATH/Boot.php(417): CodeIgniter\CodeIgniter->run()
12 SYSTEMPATH/Boot.php(68): CodeIgniter\Boot::runCodeIgniter()
13 FCPATH/index.php(59): CodeIgniter\Boot::bootWeb()
CRITICAL - 2026-05-26 10:54:08 --> [Caused by] ErrorException: pg_query(): Query failed: ERROR:  missing FROM-clause entry for table &quot;inscriptions&quot;
LINE 3: JOIN &quot;classes&quot; ON &quot;classes&quot;.&quot;id&quot; = &quot;inscriptions&quot;.&quot;classe_id...
                                           ^
in SYSTEMPATH/Database/Postgre/Connection.php on line 200.
 1 [internal function]: CodeIgniter\Debug\Exceptions->errorHandler()
 2 SYSTEMPATH/Database/Postgre/Connection.php(200): pg_query()
 3 SYSTEMPATH/Database/BaseConnection.php(910): CodeIgniter\Database\Postgre\Connection->execute()
 4 SYSTEMPATH/Database/BaseConnection.php(827): CodeIgniter\Database\BaseConnection->simpleQuery()
 5 SYSTEMPATH/Database/BaseBuilder.php(1649): CodeIgniter\Database\BaseConnection->query()
 6 SYSTEMPATH/Model.php(295): CodeIgniter\Database\BaseBuilder->get()
 7 SYSTEMPATH/BaseModel.php(714): CodeIgniter\Model->doFirst()
 8 APPPATH/Models/Etudiant/NotesModel.php(43): CodeIgniter\BaseModel->first()
 9 APPPATH/Controllers/Etudiant/NotesController.php(65): App\Models\Etudiant\NotesModel->getClasseEtudiant()
10 SYSTEMPATH/CodeIgniter.php(951): App\Controllers\Etudiant\NotesController->go_to_notes()
11 SYSTEMPATH/CodeIgniter.php(497): CodeIgniter\CodeIgniter->runController()
12 SYSTEMPATH/CodeIgniter.php(340): CodeIgniter\CodeIgniter->handleRequest()
13 SYSTEMPATH/Boot.php(417): CodeIgniter\CodeIgniter->run()
14 SYSTEMPATH/Boot.php(68): CodeIgniter\Boot::runCodeIgniter()
15 FCPATH/index.php(59): CodeIgniter\Boot::bootWeb()
ERROR - 2026-05-26 10:54:15 --> pg_query(): Query failed: ERROR:  missing FROM-clause entry for table &quot;inscriptions&quot;
LINE 3: JOIN &quot;classes&quot; ON &quot;classes&quot;.&quot;id&quot; = &quot;inscriptions&quot;.&quot;classe_id...
                                           ^
in SYSTEMPATH/Database/Postgre/Connection.php on line 200.
 1 SYSTEMPATH/Database/BaseConnection.php(910): CodeIgniter\Database\Postgre\Connection->execute()
 2 SYSTEMPATH/Database/BaseConnection.php(827): CodeIgniter\Database\BaseConnection->simpleQuery()
 3 SYSTEMPATH/Database/BaseBuilder.php(1649): CodeIgniter\Database\BaseConnection->query()
 4 SYSTEMPATH/Model.php(295): CodeIgniter\Database\BaseBuilder->get()
 5 SYSTEMPATH/BaseModel.php(714): CodeIgniter\Model->doFirst()
 6 APPPATH/Models/Etudiant/NotesModel.php(43): CodeIgniter\BaseModel->first()
 7 APPPATH/Controllers/Etudiant/NotesController.php(65): App\Models\Etudiant\NotesModel->getClasseEtudiant()
 8 SYSTEMPATH/CodeIgniter.php(951): App\Controllers\Etudiant\NotesController->go_to_notes()
 9 SYSTEMPATH/CodeIgniter.php(497): CodeIgniter\CodeIgniter->runController()
10 SYSTEMPATH/CodeIgniter.php(340): CodeIgniter\CodeIgniter->handleRequest()
11 SYSTEMPATH/Boot.php(417): CodeIgniter\CodeIgniter->run()
12 SYSTEMPATH/Boot.php(68): CodeIgniter\Boot::runCodeIgniter()
13 FCPATH/index.php(59): CodeIgniter\Boot::bootWeb()
CRITICAL - 2026-05-26 10:54:15 --> CodeIgniter\Database\Exceptions\DatabaseException: pg_query(): Query failed: ERROR:  missing FROM-clause entry for table &quot;inscriptions&quot;
LINE 3: JOIN &quot;classes&quot; ON &quot;classes&quot;.&quot;id&quot; = &quot;inscriptions&quot;.&quot;classe_id...
                                           ^
[Method: GET, Route: etudiant/notes]
in SYSTEMPATH/Database/BaseConnection.php on line 865.
 1 SYSTEMPATH/Database/BaseBuilder.php(1649): CodeIgniter\Database\BaseConnection->query()
 2 SYSTEMPATH/Model.php(295): CodeIgniter\Database\BaseBuilder->get()
 3 SYSTEMPATH/BaseModel.php(714): CodeIgniter\Model->doFirst()
 4 APPPATH/Models/Etudiant/NotesModel.php(43): CodeIgniter\BaseModel->first()
 5 APPPATH/Controllers/Etudiant/NotesController.php(65): App\Models\Etudiant\NotesModel->getClasseEtudiant()
 6 SYSTEMPATH/CodeIgniter.php(951): App\Controllers\Etudiant\NotesController->go_to_notes()
 7 SYSTEMPATH/CodeIgniter.php(497): CodeIgniter\CodeIgniter->runController()
 8 SYSTEMPATH/CodeIgniter.php(340): CodeIgniter\CodeIgniter->handleRequest()
 9 SYSTEMPATH/Boot.php(417): CodeIgniter\CodeIgniter->run()
10 SYSTEMPATH/Boot.php(68): CodeIgniter\Boot::runCodeIgniter()
11 FCPATH/index.php(59): CodeIgniter\Boot::bootWeb()
CRITICAL - 2026-05-26 10:54:15 --> [Caused by] CodeIgniter\Database\Exceptions\DatabaseException: pg_query(): Query failed: ERROR:  missing FROM-clause entry for table &quot;inscriptions&quot;
LINE 3: JOIN &quot;classes&quot; ON &quot;classes&quot;.&quot;id&quot; = &quot;inscriptions&quot;.&quot;classe_id...
                                           ^
in SYSTEMPATH/Database/Postgre/Connection.php on line 212.
 1 SYSTEMPATH/Database/BaseConnection.php(910): CodeIgniter\Database\Postgre\Connection->execute()
 2 SYSTEMPATH/Database/BaseConnection.php(827): CodeIgniter\Database\BaseConnection->simpleQuery()
 3 SYSTEMPATH/Database/BaseBuilder.php(1649): CodeIgniter\Database\BaseConnection->query()
 4 SYSTEMPATH/Model.php(295): CodeIgniter\Database\BaseBuilder->get()
 5 SYSTEMPATH/BaseModel.php(714): CodeIgniter\Model->doFirst()
 6 APPPATH/Models/Etudiant/NotesModel.php(43): CodeIgniter\BaseModel->first()
 7 APPPATH/Controllers/Etudiant/NotesController.php(65): App\Models\Etudiant\NotesModel->getClasseEtudiant()
 8 SYSTEMPATH/CodeIgniter.php(951): App\Controllers\Etudiant\NotesController->go_to_notes()
 9 SYSTEMPATH/CodeIgniter.php(497): CodeIgniter\CodeIgniter->runController()
10 SYSTEMPATH/CodeIgniter.php(340): CodeIgniter\CodeIgniter->handleRequest()
11 SYSTEMPATH/Boot.php(417): CodeIgniter\CodeIgniter->run()
12 SYSTEMPATH/Boot.php(68): CodeIgniter\Boot::runCodeIgniter()
13 FCPATH/index.php(59): CodeIgniter\Boot::bootWeb()
CRITICAL - 2026-05-26 10:54:15 --> [Caused by] ErrorException: pg_query(): Query failed: ERROR:  missing FROM-clause entry for table &quot;inscriptions&quot;
LINE 3: JOIN &quot;classes&quot; ON &quot;classes&quot;.&quot;id&quot; = &quot;inscriptions&quot;.&quot;classe_id...
                                           ^
in SYSTEMPATH/Database/Postgre/Connection.php on line 200.
 1 [internal function]: CodeIgniter\Debug\Exceptions->errorHandler()
 2 SYSTEMPATH/Database/Postgre/Connection.php(200): pg_query()
 3 SYSTEMPATH/Database/BaseConnection.php(910): CodeIgniter\Database\Postgre\Connection->execute()
 4 SYSTEMPATH/Database/BaseConnection.php(827): CodeIgniter\Database\BaseConnection->simpleQuery()
 5 SYSTEMPATH/Database/BaseBuilder.php(1649): CodeIgniter\Database\BaseConnection->query()
 6 SYSTEMPATH/Model.php(295): CodeIgniter\Database\BaseBuilder->get()
 7 SYSTEMPATH/BaseModel.php(714): CodeIgniter\Model->doFirst()
 8 APPPATH/Models/Etudiant/NotesModel.php(43): CodeIgniter\BaseModel->first()
 9 APPPATH/Controllers/Etudiant/NotesController.php(65): App\Models\Etudiant\NotesModel->getClasseEtudiant()
10 SYSTEMPATH/CodeIgniter.php(951): App\Controllers\Etudiant\NotesController->go_to_notes()
11 SYSTEMPATH/CodeIgniter.php(497): CodeIgniter\CodeIgniter->runController()
12 SYSTEMPATH/CodeIgniter.php(340): CodeIgniter\CodeIgniter->handleRequest()
13 SYSTEMPATH/Boot.php(417): CodeIgniter\CodeIgniter->run()
14 SYSTEMPATH/Boot.php(68): CodeIgniter\Boot::runCodeIgniter()
15 FCPATH/index.php(59): CodeIgniter\Boot::bootWeb()
ERROR - 2026-05-26 10:54:52 --> pg_query(): Query failed: ERROR:  missing FROM-clause entry for table &quot;inscriptions&quot;
LINE 3: JOIN &quot;classes&quot; ON &quot;classes&quot;.&quot;id&quot; = &quot;inscriptions&quot;.&quot;classe_id...
                                           ^
in SYSTEMPATH/Database/Postgre/Connection.php on line 200.
 1 SYSTEMPATH/Database/BaseConnection.php(910): CodeIgniter\Database\Postgre\Connection->execute()
 2 SYSTEMPATH/Database/BaseConnection.php(827): CodeIgniter\Database\BaseConnection->simpleQuery()
 3 SYSTEMPATH/Database/BaseBuilder.php(1649): CodeIgniter\Database\BaseConnection->query()
 4 SYSTEMPATH/Model.php(295): CodeIgniter\Database\BaseBuilder->get()
 5 SYSTEMPATH/BaseModel.php(714): CodeIgniter\Model->doFirst()
 6 APPPATH/Models/Etudiant/NotesModel.php(43): CodeIgniter\BaseModel->first()
 7 APPPATH/Controllers/Etudiant/NotesController.php(65): App\Models\Etudiant\NotesModel->getClasseEtudiant()
 8 SYSTEMPATH/CodeIgniter.php(951): App\Controllers\Etudiant\NotesController->go_to_notes()
 9 SYSTEMPATH/CodeIgniter.php(497): CodeIgniter\CodeIgniter->runController()
10 SYSTEMPATH/CodeIgniter.php(340): CodeIgniter\CodeIgniter->handleRequest()
11 SYSTEMPATH/Boot.php(417): CodeIgniter\CodeIgniter->run()
12 SYSTEMPATH/Boot.php(68): CodeIgniter\Boot::runCodeIgniter()
13 FCPATH/index.php(59): CodeIgniter\Boot::bootWeb()
CRITICAL - 2026-05-26 10:54:52 --> CodeIgniter\Database\Exceptions\DatabaseException: pg_query(): Query failed: ERROR:  missing FROM-clause entry for table &quot;inscriptions&quot;
LINE 3: JOIN &quot;classes&quot; ON &quot;classes&quot;.&quot;id&quot; = &quot;inscriptions&quot;.&quot;classe_id...
                                           ^
[Method: GET, Route: etudiant/notes]
in SYSTEMPATH/Database/BaseConnection.php on line 865.
 1 SYSTEMPATH/Database/BaseBuilder.php(1649): CodeIgniter\Database\BaseConnection->query()
 2 SYSTEMPATH/Model.php(295): CodeIgniter\Database\BaseBuilder->get()
 3 SYSTEMPATH/BaseModel.php(714): CodeIgniter\Model->doFirst()
 4 APPPATH/Models/Etudiant/NotesModel.php(43): CodeIgniter\BaseModel->first()
 5 APPPATH/Controllers/Etudiant/NotesController.php(65): App\Models\Etudiant\NotesModel->getClasseEtudiant()
 6 SYSTEMPATH/CodeIgniter.php(951): App\Controllers\Etudiant\NotesController->go_to_notes()
 7 SYSTEMPATH/CodeIgniter.php(497): CodeIgniter\CodeIgniter->runController()
 8 SYSTEMPATH/CodeIgniter.php(340): CodeIgniter\CodeIgniter->handleRequest()
 9 SYSTEMPATH/Boot.php(417): CodeIgniter\CodeIgniter->run()
10 SYSTEMPATH/Boot.php(68): CodeIgniter\Boot::runCodeIgniter()
11 FCPATH/index.php(59): CodeIgniter\Boot::bootWeb()
CRITICAL - 2026-05-26 10:54:52 --> [Caused by] CodeIgniter\Database\Exceptions\DatabaseException: pg_query(): Query failed: ERROR:  missing FROM-clause entry for table &quot;inscriptions&quot;
LINE 3: JOIN &quot;classes&quot; ON &quot;classes&quot;.&quot;id&quot; = &quot;inscriptions&quot;.&quot;classe_id...
                                           ^
in SYSTEMPATH/Database/Postgre/Connection.php on line 212.
 1 SYSTEMPATH/Database/BaseConnection.php(910): CodeIgniter\Database\Postgre\Connection->execute()
 2 SYSTEMPATH/Database/BaseConnection.php(827): CodeIgniter\Database\BaseConnection->simpleQuery()
 3 SYSTEMPATH/Database/BaseBuilder.php(1649): CodeIgniter\Database\BaseConnection->query()
 4 SYSTEMPATH/Model.php(295): CodeIgniter\Database\BaseBuilder->get()
 5 SYSTEMPATH/BaseModel.php(714): CodeIgniter\Model->doFirst()
 6 APPPATH/Models/Etudiant/NotesModel.php(43): CodeIgniter\BaseModel->first()
 7 APPPATH/Controllers/Etudiant/NotesController.php(65): App\Models\Etudiant\NotesModel->getClasseEtudiant()
 8 SYSTEMPATH/CodeIgniter.php(951): App\Controllers\Etudiant\NotesController->go_to_notes()
 9 SYSTEMPATH/CodeIgniter.php(497): CodeIgniter\CodeIgniter->runController()
10 SYSTEMPATH/CodeIgniter.php(340): CodeIgniter\CodeIgniter->handleRequest()
11 SYSTEMPATH/Boot.php(417): CodeIgniter\CodeIgniter->run()
12 SYSTEMPATH/Boot.php(68): CodeIgniter\Boot::runCodeIgniter()
13 FCPATH/index.php(59): CodeIgniter\Boot::bootWeb()
CRITICAL - 2026-05-26 10:54:52 --> [Caused by] ErrorException: pg_query(): Query failed: ERROR:  missing FROM-clause entry for table &quot;inscriptions&quot;
LINE 3: JOIN &quot;classes&quot; ON &quot;classes&quot;.&quot;id&quot; = &quot;inscriptions&quot;.&quot;classe_id...
                                           ^
in SYSTEMPATH/Database/Postgre/Connection.php on line 200.
 1 [internal function]: CodeIgniter\Debug\Exceptions->errorHandler()
 2 SYSTEMPATH/Database/Postgre/Connection.php(200): pg_query()
 3 SYSTEMPATH/Database/BaseConnection.php(910): CodeIgniter\Database\Postgre\Connection->execute()
 4 SYSTEMPATH/Database/BaseConnection.php(827): CodeIgniter\Database\BaseConnection->simpleQuery()
 5 SYSTEMPATH/Database/BaseBuilder.php(1649): CodeIgniter\Database\BaseConnection->query()
 6 SYSTEMPATH/Model.php(295): CodeIgniter\Database\BaseBuilder->get()
 7 SYSTEMPATH/BaseModel.php(714): CodeIgniter\Model->doFirst()
 8 APPPATH/Models/Etudiant/NotesModel.php(43): CodeIgniter\BaseModel->first()
 9 APPPATH/Controllers/Etudiant/NotesController.php(65): App\Models\Etudiant\NotesModel->getClasseEtudiant()
10 SYSTEMPATH/CodeIgniter.php(951): App\Controllers\Etudiant\NotesController->go_to_notes()
11 SYSTEMPATH/CodeIgniter.php(497): CodeIgniter\CodeIgniter->runController()
12 SYSTEMPATH/CodeIgniter.php(340): CodeIgniter\CodeIgniter->handleRequest()
13 SYSTEMPATH/Boot.php(417): CodeIgniter\CodeIgniter->run()
14 SYSTEMPATH/Boot.php(68): CodeIgniter\Boot::runCodeIgniter()
15 FCPATH/index.php(59): CodeIgniter\Boot::bootWeb()
ERROR - 2026-05-26 10:54:53 --> pg_query(): Query failed: ERROR:  missing FROM-clause entry for table &quot;inscriptions&quot;
LINE 3: JOIN &quot;classes&quot; ON &quot;classes&quot;.&quot;id&quot; = &quot;inscriptions&quot;.&quot;classe_id...
                                           ^
in SYSTEMPATH/Database/Postgre/Connection.php on line 200.
 1 SYSTEMPATH/Database/BaseConnection.php(910): CodeIgniter\Database\Postgre\Connection->execute()
 2 SYSTEMPATH/Database/BaseConnection.php(827): CodeIgniter\Database\BaseConnection->simpleQuery()
 3 SYSTEMPATH/Database/BaseBuilder.php(1649): CodeIgniter\Database\BaseConnection->query()
 4 SYSTEMPATH/Model.php(295): CodeIgniter\Database\BaseBuilder->get()
 5 SYSTEMPATH/BaseModel.php(714): CodeIgniter\Model->doFirst()
 6 APPPATH/Models/Etudiant/NotesModel.php(43): CodeIgniter\BaseModel->first()
 7 APPPATH/Controllers/Etudiant/NotesController.php(65): App\Models\Etudiant\NotesModel->getClasseEtudiant()
 8 SYSTEMPATH/CodeIgniter.php(951): App\Controllers\Etudiant\NotesController->go_to_notes()
 9 SYSTEMPATH/CodeIgniter.php(497): CodeIgniter\CodeIgniter->runController()
10 SYSTEMPATH/CodeIgniter.php(340): CodeIgniter\CodeIgniter->handleRequest()
11 SYSTEMPATH/Boot.php(417): CodeIgniter\CodeIgniter->run()
12 SYSTEMPATH/Boot.php(68): CodeIgniter\Boot::runCodeIgniter()
13 FCPATH/index.php(59): CodeIgniter\Boot::bootWeb()
CRITICAL - 2026-05-26 10:54:53 --> CodeIgniter\Database\Exceptions\DatabaseException: pg_query(): Query failed: ERROR:  missing FROM-clause entry for table &quot;inscriptions&quot;
LINE 3: JOIN &quot;classes&quot; ON &quot;classes&quot;.&quot;id&quot; = &quot;inscriptions&quot;.&quot;classe_id...
                                           ^
[Method: GET, Route: etudiant/notes]
in SYSTEMPATH/Database/BaseConnection.php on line 865.
 1 SYSTEMPATH/Database/BaseBuilder.php(1649): CodeIgniter\Database\BaseConnection->query()
 2 SYSTEMPATH/Model.php(295): CodeIgniter\Database\BaseBuilder->get()
 3 SYSTEMPATH/BaseModel.php(714): CodeIgniter\Model->doFirst()
 4 APPPATH/Models/Etudiant/NotesModel.php(43): CodeIgniter\BaseModel->first()
 5 APPPATH/Controllers/Etudiant/NotesController.php(65): App\Models\Etudiant\NotesModel->getClasseEtudiant()
 6 SYSTEMPATH/CodeIgniter.php(951): App\Controllers\Etudiant\NotesController->go_to_notes()
 7 SYSTEMPATH/CodeIgniter.php(497): CodeIgniter\CodeIgniter->runController()
 8 SYSTEMPATH/CodeIgniter.php(340): CodeIgniter\CodeIgniter->handleRequest()
 9 SYSTEMPATH/Boot.php(417): CodeIgniter\CodeIgniter->run()
10 SYSTEMPATH/Boot.php(68): CodeIgniter\Boot::runCodeIgniter()
11 FCPATH/index.php(59): CodeIgniter\Boot::bootWeb()
CRITICAL - 2026-05-26 10:54:53 --> [Caused by] CodeIgniter\Database\Exceptions\DatabaseException: pg_query(): Query failed: ERROR:  missing FROM-clause entry for table &quot;inscriptions&quot;
LINE 3: JOIN &quot;classes&quot; ON &quot;classes&quot;.&quot;id&quot; = &quot;inscriptions&quot;.&quot;classe_id...
                                           ^
in SYSTEMPATH/Database/Postgre/Connection.php on line 212.
 1 SYSTEMPATH/Database/BaseConnection.php(910): CodeIgniter\Database\Postgre\Connection->execute()
 2 SYSTEMPATH/Database/BaseConnection.php(827): CodeIgniter\Database\BaseConnection->simpleQuery()
 3 SYSTEMPATH/Database/BaseBuilder.php(1649): CodeIgniter\Database\BaseConnection->query()
 4 SYSTEMPATH/Model.php(295): CodeIgniter\Database\BaseBuilder->get()
 5 SYSTEMPATH/BaseModel.php(714): CodeIgniter\Model->doFirst()
 6 APPPATH/Models/Etudiant/NotesModel.php(43): CodeIgniter\BaseModel->first()
 7 APPPATH/Controllers/Etudiant/NotesController.php(65): App\Models\Etudiant\NotesModel->getClasseEtudiant()
 8 SYSTEMPATH/CodeIgniter.php(951): App\Controllers\Etudiant\NotesController->go_to_notes()
 9 SYSTEMPATH/CodeIgniter.php(497): CodeIgniter\CodeIgniter->runController()
10 SYSTEMPATH/CodeIgniter.php(340): CodeIgniter\CodeIgniter->handleRequest()
11 SYSTEMPATH/Boot.php(417): CodeIgniter\CodeIgniter->run()
12 SYSTEMPATH/Boot.php(68): CodeIgniter\Boot::runCodeIgniter()
13 FCPATH/index.php(59): CodeIgniter\Boot::bootWeb()
CRITICAL - 2026-05-26 10:54:53 --> [Caused by] ErrorException: pg_query(): Query failed: ERROR:  missing FROM-clause entry for table &quot;inscriptions&quot;
LINE 3: JOIN &quot;classes&quot; ON &quot;classes&quot;.&quot;id&quot; = &quot;inscriptions&quot;.&quot;classe_id...
                                           ^
in SYSTEMPATH/Database/Postgre/Connection.php on line 200.
 1 [internal function]: CodeIgniter\Debug\Exceptions->errorHandler()
 2 SYSTEMPATH/Database/Postgre/Connection.php(200): pg_query()
 3 SYSTEMPATH/Database/BaseConnection.php(910): CodeIgniter\Database\Postgre\Connection->execute()
 4 SYSTEMPATH/Database/BaseConnection.php(827): CodeIgniter\Database\BaseConnection->simpleQuery()
 5 SYSTEMPATH/Database/BaseBuilder.php(1649): CodeIgniter\Database\BaseConnection->query()
 6 SYSTEMPATH/Model.php(295): CodeIgniter\Database\BaseBuilder->get()
 7 SYSTEMPATH/BaseModel.php(714): CodeIgniter\Model->doFirst()
 8 APPPATH/Models/Etudiant/NotesModel.php(43): CodeIgniter\BaseModel->first()
 9 APPPATH/Controllers/Etudiant/NotesController.php(65): App\Models\Etudiant\NotesModel->getClasseEtudiant()
10 SYSTEMPATH/CodeIgniter.php(951): App\Controllers\Etudiant\NotesController->go_to_notes()
11 SYSTEMPATH/CodeIgniter.php(497): CodeIgniter\CodeIgniter->runController()
12 SYSTEMPATH/CodeIgniter.php(340): CodeIgniter\CodeIgniter->handleRequest()
13 SYSTEMPATH/Boot.php(417): CodeIgniter\CodeIgniter->run()
14 SYSTEMPATH/Boot.php(68): CodeIgniter\Boot::runCodeIgniter()
15 FCPATH/index.php(59): CodeIgniter\Boot::bootWeb()
ERROR - 2026-05-26 10:54:53 --> pg_query(): Query failed: ERROR:  missing FROM-clause entry for table &quot;inscriptions&quot;
LINE 3: JOIN &quot;classes&quot; ON &quot;classes&quot;.&quot;id&quot; = &quot;inscriptions&quot;.&quot;classe_id...
                                           ^
in SYSTEMPATH/Database/Postgre/Connection.php on line 200.
 1 SYSTEMPATH/Database/BaseConnection.php(910): CodeIgniter\Database\Postgre\Connection->execute()
 2 SYSTEMPATH/Database/BaseConnection.php(827): CodeIgniter\Database\BaseConnection->simpleQuery()
 3 SYSTEMPATH/Database/BaseBuilder.php(1649): CodeIgniter\Database\BaseConnection->query()
 4 SYSTEMPATH/Model.php(295): CodeIgniter\Database\BaseBuilder->get()
 5 SYSTEMPATH/BaseModel.php(714): CodeIgniter\Model->doFirst()
 6 APPPATH/Models/Etudiant/NotesModel.php(43): CodeIgniter\BaseModel->first()
 7 APPPATH/Controllers/Etudiant/NotesController.php(65): App\Models\Etudiant\NotesModel->getClasseEtudiant()
 8 SYSTEMPATH/CodeIgniter.php(951): App\Controllers\Etudiant\NotesController->go_to_notes()
 9 SYSTEMPATH/CodeIgniter.php(497): CodeIgniter\CodeIgniter->runController()
10 SYSTEMPATH/CodeIgniter.php(340): CodeIgniter\CodeIgniter->handleRequest()
11 SYSTEMPATH/Boot.php(417): CodeIgniter\CodeIgniter->run()
12 SYSTEMPATH/Boot.php(68): CodeIgniter\Boot::runCodeIgniter()
13 FCPATH/index.php(59): CodeIgniter\Boot::bootWeb()
CRITICAL - 2026-05-26 10:54:53 --> CodeIgniter\Database\Exceptions\DatabaseException: pg_query(): Query failed: ERROR:  missing FROM-clause entry for table &quot;inscriptions&quot;
LINE 3: JOIN &quot;classes&quot; ON &quot;classes&quot;.&quot;id&quot; = &quot;inscriptions&quot;.&quot;classe_id...
                                           ^
[Method: GET, Route: etudiant/notes]
in SYSTEMPATH/Database/BaseConnection.php on line 865.
 1 SYSTEMPATH/Database/BaseBuilder.php(1649): CodeIgniter\Database\BaseConnection->query()
 2 SYSTEMPATH/Model.php(295): CodeIgniter\Database\BaseBuilder->get()
 3 SYSTEMPATH/BaseModel.php(714): CodeIgniter\Model->doFirst()
 4 APPPATH/Models/Etudiant/NotesModel.php(43): CodeIgniter\BaseModel->first()
 5 APPPATH/Controllers/Etudiant/NotesController.php(65): App\Models\Etudiant\NotesModel->getClasseEtudiant()
 6 SYSTEMPATH/CodeIgniter.php(951): App\Controllers\Etudiant\NotesController->go_to_notes()
 7 SYSTEMPATH/CodeIgniter.php(497): CodeIgniter\CodeIgniter->runController()
 8 SYSTEMPATH/CodeIgniter.php(340): CodeIgniter\CodeIgniter->handleRequest()
 9 SYSTEMPATH/Boot.php(417): CodeIgniter\CodeIgniter->run()
10 SYSTEMPATH/Boot.php(68): CodeIgniter\Boot::runCodeIgniter()
11 FCPATH/index.php(59): CodeIgniter\Boot::bootWeb()
CRITICAL - 2026-05-26 10:54:53 --> [Caused by] CodeIgniter\Database\Exceptions\DatabaseException: pg_query(): Query failed: ERROR:  missing FROM-clause entry for table &quot;inscriptions&quot;
LINE 3: JOIN &quot;classes&quot; ON &quot;classes&quot;.&quot;id&quot; = &quot;inscriptions&quot;.&quot;classe_id...
                                           ^
in SYSTEMPATH/Database/Postgre/Connection.php on line 212.
 1 SYSTEMPATH/Database/BaseConnection.php(910): CodeIgniter\Database\Postgre\Connection->execute()
 2 SYSTEMPATH/Database/BaseConnection.php(827): CodeIgniter\Database\BaseConnection->simpleQuery()
 3 SYSTEMPATH/Database/BaseBuilder.php(1649): CodeIgniter\Database\BaseConnection->query()
 4 SYSTEMPATH/Model.php(295): CodeIgniter\Database\BaseBuilder->get()
 5 SYSTEMPATH/BaseModel.php(714): CodeIgniter\Model->doFirst()
 6 APPPATH/Models/Etudiant/NotesModel.php(43): CodeIgniter\BaseModel->first()
 7 APPPATH/Controllers/Etudiant/NotesController.php(65): App\Models\Etudiant\NotesModel->getClasseEtudiant()
 8 SYSTEMPATH/CodeIgniter.php(951): App\Controllers\Etudiant\NotesController->go_to_notes()
 9 SYSTEMPATH/CodeIgniter.php(497): CodeIgniter\CodeIgniter->runController()
10 SYSTEMPATH/CodeIgniter.php(340): CodeIgniter\CodeIgniter->handleRequest()
11 SYSTEMPATH/Boot.php(417): CodeIgniter\CodeIgniter->run()
12 SYSTEMPATH/Boot.php(68): CodeIgniter\Boot::runCodeIgniter()
13 FCPATH/index.php(59): CodeIgniter\Boot::bootWeb()
CRITICAL - 2026-05-26 10:54:53 --> [Caused by] ErrorException: pg_query(): Query failed: ERROR:  missing FROM-clause entry for table &quot;inscriptions&quot;
LINE 3: JOIN &quot;classes&quot; ON &quot;classes&quot;.&quot;id&quot; = &quot;inscriptions&quot;.&quot;classe_id...
                                           ^
in SYSTEMPATH/Database/Postgre/Connection.php on line 200.
 1 [internal function]: CodeIgniter\Debug\Exceptions->errorHandler()
 2 SYSTEMPATH/Database/Postgre/Connection.php(200): pg_query()
 3 SYSTEMPATH/Database/BaseConnection.php(910): CodeIgniter\Database\Postgre\Connection->execute()
 4 SYSTEMPATH/Database/BaseConnection.php(827): CodeIgniter\Database\BaseConnection->simpleQuery()
 5 SYSTEMPATH/Database/BaseBuilder.php(1649): CodeIgniter\Database\BaseConnection->query()
 6 SYSTEMPATH/Model.php(295): CodeIgniter\Database\BaseBuilder->get()
 7 SYSTEMPATH/BaseModel.php(714): CodeIgniter\Model->doFirst()
 8 APPPATH/Models/Etudiant/NotesModel.php(43): CodeIgniter\BaseModel->first()
 9 APPPATH/Controllers/Etudiant/NotesController.php(65): App\Models\Etudiant\NotesModel->getClasseEtudiant()
10 SYSTEMPATH/CodeIgniter.php(951): App\Controllers\Etudiant\NotesController->go_to_notes()
11 SYSTEMPATH/CodeIgniter.php(497): CodeIgniter\CodeIgniter->runController()
12 SYSTEMPATH/CodeIgniter.php(340): CodeIgniter\CodeIgniter->handleRequest()
13 SYSTEMPATH/Boot.php(417): CodeIgniter\CodeIgniter->run()
14 SYSTEMPATH/Boot.php(68): CodeIgniter\Boot::runCodeIgniter()
15 FCPATH/index.php(59): CodeIgniter\Boot::bootWeb()
ERROR - 2026-05-26 10:54:53 --> pg_query(): Query failed: ERROR:  missing FROM-clause entry for table &quot;inscriptions&quot;
LINE 3: JOIN &quot;classes&quot; ON &quot;classes&quot;.&quot;id&quot; = &quot;inscriptions&quot;.&quot;classe_id...
                                           ^
in SYSTEMPATH/Database/Postgre/Connection.php on line 200.
 1 SYSTEMPATH/Database/BaseConnection.php(910): CodeIgniter\Database\Postgre\Connection->execute()
 2 SYSTEMPATH/Database/BaseConnection.php(827): CodeIgniter\Database\BaseConnection->simpleQuery()
 3 SYSTEMPATH/Database/BaseBuilder.php(1649): CodeIgniter\Database\BaseConnection->query()
 4 SYSTEMPATH/Model.php(295): CodeIgniter\Database\BaseBuilder->get()
 5 SYSTEMPATH/BaseModel.php(714): CodeIgniter\Model->doFirst()
 6 APPPATH/Models/Etudiant/NotesModel.php(43): CodeIgniter\BaseModel->first()
 7 APPPATH/Controllers/Etudiant/NotesController.php(65): App\Models\Etudiant\NotesModel->getClasseEtudiant()
 8 SYSTEMPATH/CodeIgniter.php(951): App\Controllers\Etudiant\NotesController->go_to_notes()
 9 SYSTEMPATH/CodeIgniter.php(497): CodeIgniter\CodeIgniter->runController()
10 SYSTEMPATH/CodeIgniter.php(340): CodeIgniter\CodeIgniter->handleRequest()
11 SYSTEMPATH/Boot.php(417): CodeIgniter\CodeIgniter->run()
12 SYSTEMPATH/Boot.php(68): CodeIgniter\Boot::runCodeIgniter()
13 FCPATH/index.php(59): CodeIgniter\Boot::bootWeb()
CRITICAL - 2026-05-26 10:54:53 --> CodeIgniter\Database\Exceptions\DatabaseException: pg_query(): Query failed: ERROR:  missing FROM-clause entry for table &quot;inscriptions&quot;
LINE 3: JOIN &quot;classes&quot; ON &quot;classes&quot;.&quot;id&quot; = &quot;inscriptions&quot;.&quot;classe_id...
                                           ^
[Method: GET, Route: etudiant/notes]
in SYSTEMPATH/Database/BaseConnection.php on line 865.
 1 SYSTEMPATH/Database/BaseBuilder.php(1649): CodeIgniter\Database\BaseConnection->query()
 2 SYSTEMPATH/Model.php(295): CodeIgniter\Database\BaseBuilder->get()
 3 SYSTEMPATH/BaseModel.php(714): CodeIgniter\Model->doFirst()
 4 APPPATH/Models/Etudiant/NotesModel.php(43): CodeIgniter\BaseModel->first()
 5 APPPATH/Controllers/Etudiant/NotesController.php(65): App\Models\Etudiant\NotesModel->getClasseEtudiant()
 6 SYSTEMPATH/CodeIgniter.php(951): App\Controllers\Etudiant\NotesController->go_to_notes()
 7 SYSTEMPATH/CodeIgniter.php(497): CodeIgniter\CodeIgniter->runController()
 8 SYSTEMPATH/CodeIgniter.php(340): CodeIgniter\CodeIgniter->handleRequest()
 9 SYSTEMPATH/Boot.php(417): CodeIgniter\CodeIgniter->run()
10 SYSTEMPATH/Boot.php(68): CodeIgniter\Boot::runCodeIgniter()
11 FCPATH/index.php(59): CodeIgniter\Boot::bootWeb()
CRITICAL - 2026-05-26 10:54:53 --> [Caused by] CodeIgniter\Database\Exceptions\DatabaseException: pg_query(): Query failed: ERROR:  missing FROM-clause entry for table &quot;inscriptions&quot;
LINE 3: JOIN &quot;classes&quot; ON &quot;classes&quot;.&quot;id&quot; = &quot;inscriptions&quot;.&quot;classe_id...
                                           ^
in SYSTEMPATH/Database/Postgre/Connection.php on line 212.
 1 SYSTEMPATH/Database/BaseConnection.php(910): CodeIgniter\Database\Postgre\Connection->execute()
 2 SYSTEMPATH/Database/BaseConnection.php(827): CodeIgniter\Database\BaseConnection->simpleQuery()
 3 SYSTEMPATH/Database/BaseBuilder.php(1649): CodeIgniter\Database\BaseConnection->query()
 4 SYSTEMPATH/Model.php(295): CodeIgniter\Database\BaseBuilder->get()
 5 SYSTEMPATH/BaseModel.php(714): CodeIgniter\Model->doFirst()
 6 APPPATH/Models/Etudiant/NotesModel.php(43): CodeIgniter\BaseModel->first()
 7 APPPATH/Controllers/Etudiant/NotesController.php(65): App\Models\Etudiant\NotesModel->getClasseEtudiant()
 8 SYSTEMPATH/CodeIgniter.php(951): App\Controllers\Etudiant\NotesController->go_to_notes()
 9 SYSTEMPATH/CodeIgniter.php(497): CodeIgniter\CodeIgniter->runController()
10 SYSTEMPATH/CodeIgniter.php(340): CodeIgniter\CodeIgniter->handleRequest()
11 SYSTEMPATH/Boot.php(417): CodeIgniter\CodeIgniter->run()
12 SYSTEMPATH/Boot.php(68): CodeIgniter\Boot::runCodeIgniter()
13 FCPATH/index.php(59): CodeIgniter\Boot::bootWeb()
CRITICAL - 2026-05-26 10:54:53 --> [Caused by] ErrorException: pg_query(): Query failed: ERROR:  missing FROM-clause entry for table &quot;inscriptions&quot;
LINE 3: JOIN &quot;classes&quot; ON &quot;classes&quot;.&quot;id&quot; = &quot;inscriptions&quot;.&quot;classe_id...
                                           ^
in SYSTEMPATH/Database/Postgre/Connection.php on line 200.
 1 [internal function]: CodeIgniter\Debug\Exceptions->errorHandler()
 2 SYSTEMPATH/Database/Postgre/Connection.php(200): pg_query()
 3 SYSTEMPATH/Database/BaseConnection.php(910): CodeIgniter\Database\Postgre\Connection->execute()
 4 SYSTEMPATH/Database/BaseConnection.php(827): CodeIgniter\Database\BaseConnection->simpleQuery()
 5 SYSTEMPATH/Database/BaseBuilder.php(1649): CodeIgniter\Database\BaseConnection->query()
 6 SYSTEMPATH/Model.php(295): CodeIgniter\Database\BaseBuilder->get()
 7 SYSTEMPATH/BaseModel.php(714): CodeIgniter\Model->doFirst()
 8 APPPATH/Models/Etudiant/NotesModel.php(43): CodeIgniter\BaseModel->first()
 9 APPPATH/Controllers/Etudiant/NotesController.php(65): App\Models\Etudiant\NotesModel->getClasseEtudiant()
10 SYSTEMPATH/CodeIgniter.php(951): App\Controllers\Etudiant\NotesController->go_to_notes()
11 SYSTEMPATH/CodeIgniter.php(497): CodeIgniter\CodeIgniter->runController()
12 SYSTEMPATH/CodeIgniter.php(340): CodeIgniter\CodeIgniter->handleRequest()
13 SYSTEMPATH/Boot.php(417): CodeIgniter\CodeIgniter->run()
14 SYSTEMPATH/Boot.php(68): CodeIgniter\Boot::runCodeIgniter()
15 FCPATH/index.php(59): CodeIgniter\Boot::bootWeb()
ERROR - 2026-05-26 10:54:53 --> pg_query(): Query failed: ERROR:  missing FROM-clause entry for table &quot;inscriptions&quot;
LINE 3: JOIN &quot;classes&quot; ON &quot;classes&quot;.&quot;id&quot; = &quot;inscriptions&quot;.&quot;classe_id...
                                           ^
in SYSTEMPATH/Database/Postgre/Connection.php on line 200.
 1 SYSTEMPATH/Database/BaseConnection.php(910): CodeIgniter\Database\Postgre\Connection->execute()
 2 SYSTEMPATH/Database/BaseConnection.php(827): CodeIgniter\Database\BaseConnection->simpleQuery()
 3 SYSTEMPATH/Database/BaseBuilder.php(1649): CodeIgniter\Database\BaseConnection->query()
 4 SYSTEMPATH/Model.php(295): CodeIgniter\Database\BaseBuilder->get()
 5 SYSTEMPATH/BaseModel.php(714): CodeIgniter\Model->doFirst()
 6 APPPATH/Models/Etudiant/NotesModel.php(43): CodeIgniter\BaseModel->first()
 7 APPPATH/Controllers/Etudiant/NotesController.php(65): App\Models\Etudiant\NotesModel->getClasseEtudiant()
 8 SYSTEMPATH/CodeIgniter.php(951): App\Controllers\Etudiant\NotesController->go_to_notes()
 9 SYSTEMPATH/CodeIgniter.php(497): CodeIgniter\CodeIgniter->runController()
10 SYSTEMPATH/CodeIgniter.php(340): CodeIgniter\CodeIgniter->handleRequest()
11 SYSTEMPATH/Boot.php(417): CodeIgniter\CodeIgniter->run()
12 SYSTEMPATH/Boot.php(68): CodeIgniter\Boot::runCodeIgniter()
13 FCPATH/index.php(59): CodeIgniter\Boot::bootWeb()
CRITICAL - 2026-05-26 10:54:53 --> CodeIgniter\Database\Exceptions\DatabaseException: pg_query(): Query failed: ERROR:  missing FROM-clause entry for table &quot;inscriptions&quot;
LINE 3: JOIN &quot;classes&quot; ON &quot;classes&quot;.&quot;id&quot; = &quot;inscriptions&quot;.&quot;classe_id...
                                           ^
[Method: GET, Route: etudiant/notes]
in SYSTEMPATH/Database/BaseConnection.php on line 865.
 1 SYSTEMPATH/Database/BaseBuilder.php(1649): CodeIgniter\Database\BaseConnection->query()
 2 SYSTEMPATH/Model.php(295): CodeIgniter\Database\BaseBuilder->get()
 3 SYSTEMPATH/BaseModel.php(714): CodeIgniter\Model->doFirst()
 4 APPPATH/Models/Etudiant/NotesModel.php(43): CodeIgniter\BaseModel->first()
 5 APPPATH/Controllers/Etudiant/NotesController.php(65): App\Models\Etudiant\NotesModel->getClasseEtudiant()
 6 SYSTEMPATH/CodeIgniter.php(951): App\Controllers\Etudiant\NotesController->go_to_notes()
 7 SYSTEMPATH/CodeIgniter.php(497): CodeIgniter\CodeIgniter->runController()
 8 SYSTEMPATH/CodeIgniter.php(340): CodeIgniter\CodeIgniter->handleRequest()
 9 SYSTEMPATH/Boot.php(417): CodeIgniter\CodeIgniter->run()
10 SYSTEMPATH/Boot.php(68): CodeIgniter\Boot::runCodeIgniter()
11 FCPATH/index.php(59): CodeIgniter\Boot::bootWeb()
CRITICAL - 2026-05-26 10:54:53 --> [Caused by] CodeIgniter\Database\Exceptions\DatabaseException: pg_query(): Query failed: ERROR:  missing FROM-clause entry for table &quot;inscriptions&quot;
LINE 3: JOIN &quot;classes&quot; ON &quot;classes&quot;.&quot;id&quot; = &quot;inscriptions&quot;.&quot;classe_id...
                                           ^
in SYSTEMPATH/Database/Postgre/Connection.php on line 212.
 1 SYSTEMPATH/Database/BaseConnection.php(910): CodeIgniter\Database\Postgre\Connection->execute()
 2 SYSTEMPATH/Database/BaseConnection.php(827): CodeIgniter\Database\BaseConnection->simpleQuery()
 3 SYSTEMPATH/Database/BaseBuilder.php(1649): CodeIgniter\Database\BaseConnection->query()
 4 SYSTEMPATH/Model.php(295): CodeIgniter\Database\BaseBuilder->get()
 5 SYSTEMPATH/BaseModel.php(714): CodeIgniter\Model->doFirst()
 6 APPPATH/Models/Etudiant/NotesModel.php(43): CodeIgniter\BaseModel->first()
 7 APPPATH/Controllers/Etudiant/NotesController.php(65): App\Models\Etudiant\NotesModel->getClasseEtudiant()
 8 SYSTEMPATH/CodeIgniter.php(951): App\Controllers\Etudiant\NotesController->go_to_notes()
 9 SYSTEMPATH/CodeIgniter.php(497): CodeIgniter\CodeIgniter->runController()
10 SYSTEMPATH/CodeIgniter.php(340): CodeIgniter\CodeIgniter->handleRequest()
11 SYSTEMPATH/Boot.php(417): CodeIgniter\CodeIgniter->run()
12 SYSTEMPATH/Boot.php(68): CodeIgniter\Boot::runCodeIgniter()
13 FCPATH/index.php(59): CodeIgniter\Boot::bootWeb()
CRITICAL - 2026-05-26 10:54:53 --> [Caused by] ErrorException: pg_query(): Query failed: ERROR:  missing FROM-clause entry for table &quot;inscriptions&quot;
LINE 3: JOIN &quot;classes&quot; ON &quot;classes&quot;.&quot;id&quot; = &quot;inscriptions&quot;.&quot;classe_id...
                                           ^
in SYSTEMPATH/Database/Postgre/Connection.php on line 200.
 1 [internal function]: CodeIgniter\Debug\Exceptions->errorHandler()
 2 SYSTEMPATH/Database/Postgre/Connection.php(200): pg_query()
 3 SYSTEMPATH/Database/BaseConnection.php(910): CodeIgniter\Database\Postgre\Connection->execute()
 4 SYSTEMPATH/Database/BaseConnection.php(827): CodeIgniter\Database\BaseConnection->simpleQuery()
 5 SYSTEMPATH/Database/BaseBuilder.php(1649): CodeIgniter\Database\BaseConnection->query()
 6 SYSTEMPATH/Model.php(295): CodeIgniter\Database\BaseBuilder->get()
 7 SYSTEMPATH/BaseModel.php(714): CodeIgniter\Model->doFirst()
 8 APPPATH/Models/Etudiant/NotesModel.php(43): CodeIgniter\BaseModel->first()
 9 APPPATH/Controllers/Etudiant/NotesController.php(65): App\Models\Etudiant\NotesModel->getClasseEtudiant()
10 SYSTEMPATH/CodeIgniter.php(951): App\Controllers\Etudiant\NotesController->go_to_notes()
11 SYSTEMPATH/CodeIgniter.php(497): CodeIgniter\CodeIgniter->runController()
12 SYSTEMPATH/CodeIgniter.php(340): CodeIgniter\CodeIgniter->handleRequest()
13 SYSTEMPATH/Boot.php(417): CodeIgniter\CodeIgniter->run()
14 SYSTEMPATH/Boot.php(68): CodeIgniter\Boot::runCodeIgniter()
15 FCPATH/index.php(59): CodeIgniter\Boot::bootWeb()
ERROR - 2026-05-26 10:54:53 --> pg_query(): Query failed: ERROR:  missing FROM-clause entry for table &quot;inscriptions&quot;
LINE 3: JOIN &quot;classes&quot; ON &quot;classes&quot;.&quot;id&quot; = &quot;inscriptions&quot;.&quot;classe_id...
                                           ^
in SYSTEMPATH/Database/Postgre/Connection.php on line 200.
 1 SYSTEMPATH/Database/BaseConnection.php(910): CodeIgniter\Database\Postgre\Connection->execute()
 2 SYSTEMPATH/Database/BaseConnection.php(827): CodeIgniter\Database\BaseConnection->simpleQuery()
 3 SYSTEMPATH/Database/BaseBuilder.php(1649): CodeIgniter\Database\BaseConnection->query()
 4 SYSTEMPATH/Model.php(295): CodeIgniter\Database\BaseBuilder->get()
 5 SYSTEMPATH/BaseModel.php(714): CodeIgniter\Model->doFirst()
 6 APPPATH/Models/Etudiant/NotesModel.php(43): CodeIgniter\BaseModel->first()
 7 APPPATH/Controllers/Etudiant/NotesController.php(65): App\Models\Etudiant\NotesModel->getClasseEtudiant()
 8 SYSTEMPATH/CodeIgniter.php(951): App\Controllers\Etudiant\NotesController->go_to_notes()
 9 SYSTEMPATH/CodeIgniter.php(497): CodeIgniter\CodeIgniter->runController()
10 SYSTEMPATH/CodeIgniter.php(340): CodeIgniter\CodeIgniter->handleRequest()
11 SYSTEMPATH/Boot.php(417): CodeIgniter\CodeIgniter->run()
12 SYSTEMPATH/Boot.php(68): CodeIgniter\Boot::runCodeIgniter()
13 FCPATH/index.php(59): CodeIgniter\Boot::bootWeb()
CRITICAL - 2026-05-26 10:54:53 --> CodeIgniter\Database\Exceptions\DatabaseException: pg_query(): Query failed: ERROR:  missing FROM-clause entry for table &quot;inscriptions&quot;
LINE 3: JOIN &quot;classes&quot; ON &quot;classes&quot;.&quot;id&quot; = &quot;inscriptions&quot;.&quot;classe_id...
                                           ^
[Method: GET, Route: etudiant/notes]
in SYSTEMPATH/Database/BaseConnection.php on line 865.
 1 SYSTEMPATH/Database/BaseBuilder.php(1649): CodeIgniter\Database\BaseConnection->query()
 2 SYSTEMPATH/Model.php(295): CodeIgniter\Database\BaseBuilder->get()
 3 SYSTEMPATH/BaseModel.php(714): CodeIgniter\Model->doFirst()
 4 APPPATH/Models/Etudiant/NotesModel.php(43): CodeIgniter\BaseModel->first()
 5 APPPATH/Controllers/Etudiant/NotesController.php(65): App\Models\Etudiant\NotesModel->getClasseEtudiant()
 6 SYSTEMPATH/CodeIgniter.php(951): App\Controllers\Etudiant\NotesController->go_to_notes()
 7 SYSTEMPATH/CodeIgniter.php(497): CodeIgniter\CodeIgniter->runController()
 8 SYSTEMPATH/CodeIgniter.php(340): CodeIgniter\CodeIgniter->handleRequest()
 9 SYSTEMPATH/Boot.php(417): CodeIgniter\CodeIgniter->run()
10 SYSTEMPATH/Boot.php(68): CodeIgniter\Boot::runCodeIgniter()
11 FCPATH/index.php(59): CodeIgniter\Boot::bootWeb()
CRITICAL - 2026-05-26 10:54:53 --> [Caused by] CodeIgniter\Database\Exceptions\DatabaseException: pg_query(): Query failed: ERROR:  missing FROM-clause entry for table &quot;inscriptions&quot;
LINE 3: JOIN &quot;classes&quot; ON &quot;classes&quot;.&quot;id&quot; = &quot;inscriptions&quot;.&quot;classe_id...
                                           ^
in SYSTEMPATH/Database/Postgre/Connection.php on line 212.
 1 SYSTEMPATH/Database/BaseConnection.php(910): CodeIgniter\Database\Postgre\Connection->execute()
 2 SYSTEMPATH/Database/BaseConnection.php(827): CodeIgniter\Database\BaseConnection->simpleQuery()
 3 SYSTEMPATH/Database/BaseBuilder.php(1649): CodeIgniter\Database\BaseConnection->query()
 4 SYSTEMPATH/Model.php(295): CodeIgniter\Database\BaseBuilder->get()
 5 SYSTEMPATH/BaseModel.php(714): CodeIgniter\Model->doFirst()
 6 APPPATH/Models/Etudiant/NotesModel.php(43): CodeIgniter\BaseModel->first()
 7 APPPATH/Controllers/Etudiant/NotesController.php(65): App\Models\Etudiant\NotesModel->getClasseEtudiant()
 8 SYSTEMPATH/CodeIgniter.php(951): App\Controllers\Etudiant\NotesController->go_to_notes()
 9 SYSTEMPATH/CodeIgniter.php(497): CodeIgniter\CodeIgniter->runController()
10 SYSTEMPATH/CodeIgniter.php(340): CodeIgniter\CodeIgniter->handleRequest()
11 SYSTEMPATH/Boot.php(417): CodeIgniter\CodeIgniter->run()
12 SYSTEMPATH/Boot.php(68): CodeIgniter\Boot::runCodeIgniter()
13 FCPATH/index.php(59): CodeIgniter\Boot::bootWeb()
CRITICAL - 2026-05-26 10:54:53 --> [Caused by] ErrorException: pg_query(): Query failed: ERROR:  missing FROM-clause entry for table &quot;inscriptions&quot;
LINE 3: JOIN &quot;classes&quot; ON &quot;classes&quot;.&quot;id&quot; = &quot;inscriptions&quot;.&quot;classe_id...
                                           ^
in SYSTEMPATH/Database/Postgre/Connection.php on line 200.
 1 [internal function]: CodeIgniter\Debug\Exceptions->errorHandler()
 2 SYSTEMPATH/Database/Postgre/Connection.php(200): pg_query()
 3 SYSTEMPATH/Database/BaseConnection.php(910): CodeIgniter\Database\Postgre\Connection->execute()
 4 SYSTEMPATH/Database/BaseConnection.php(827): CodeIgniter\Database\BaseConnection->simpleQuery()
 5 SYSTEMPATH/Database/BaseBuilder.php(1649): CodeIgniter\Database\BaseConnection->query()
 6 SYSTEMPATH/Model.php(295): CodeIgniter\Database\BaseBuilder->get()
 7 SYSTEMPATH/BaseModel.php(714): CodeIgniter\Model->doFirst()
 8 APPPATH/Models/Etudiant/NotesModel.php(43): CodeIgniter\BaseModel->first()
 9 APPPATH/Controllers/Etudiant/NotesController.php(65): App\Models\Etudiant\NotesModel->getClasseEtudiant()
10 SYSTEMPATH/CodeIgniter.php(951): App\Controllers\Etudiant\NotesController->go_to_notes()
11 SYSTEMPATH/CodeIgniter.php(497): CodeIgniter\CodeIgniter->runController()
12 SYSTEMPATH/CodeIgniter.php(340): CodeIgniter\CodeIgniter->handleRequest()
13 SYSTEMPATH/Boot.php(417): CodeIgniter\CodeIgniter->run()
14 SYSTEMPATH/Boot.php(68): CodeIgniter\Boot::runCodeIgniter()
15 FCPATH/index.php(59): CodeIgniter\Boot::bootWeb()
CRITICAL - 2026-05-26 10:56:51 --> DivisionByZeroError: Division by zero
[Method: GET, Route: etudiant/notes]
in APPPATH/Models/Etudiant/NotesModel.php on line 33.
 1 APPPATH/Controllers/Etudiant/NotesController.php(64): App\Models\Etudiant\NotesModel->calculerMoyenne()
 2 SYSTEMPATH/CodeIgniter.php(951): App\Controllers\Etudiant\NotesController->go_to_notes()
 3 SYSTEMPATH/CodeIgniter.php(497): CodeIgniter\CodeIgniter->runController()
 4 SYSTEMPATH/CodeIgniter.php(340): CodeIgniter\CodeIgniter->handleRequest()
 5 SYSTEMPATH/Boot.php(417): CodeIgniter\CodeIgniter->run()
 6 SYSTEMPATH/Boot.php(68): CodeIgniter\Boot::runCodeIgniter()
 7 FCPATH/index.php(59): CodeIgniter\Boot::bootWeb()
CRITICAL - 2026-05-26 10:56:52 --> DivisionByZeroError: Division by zero
[Method: GET, Route: etudiant/notes]
in APPPATH/Models/Etudiant/NotesModel.php on line 33.
 1 APPPATH/Controllers/Etudiant/NotesController.php(64): App\Models\Etudiant\NotesModel->calculerMoyenne()
 2 SYSTEMPATH/CodeIgniter.php(951): App\Controllers\Etudiant\NotesController->go_to_notes()
 3 SYSTEMPATH/CodeIgniter.php(497): CodeIgniter\CodeIgniter->runController()
 4 SYSTEMPATH/CodeIgniter.php(340): CodeIgniter\CodeIgniter->handleRequest()
 5 SYSTEMPATH/Boot.php(417): CodeIgniter\CodeIgniter->run()
 6 SYSTEMPATH/Boot.php(68): CodeIgniter\Boot::runCodeIgniter()
 7 FCPATH/index.php(59): CodeIgniter\Boot::bootWeb()
CRITICAL - 2026-05-26 10:56:52 --> DivisionByZeroError: Division by zero
[Method: GET, Route: etudiant/notes]
in APPPATH/Models/Etudiant/NotesModel.php on line 33.
 1 APPPATH/Controllers/Etudiant/NotesController.php(64): App\Models\Etudiant\NotesModel->calculerMoyenne()
 2 SYSTEMPATH/CodeIgniter.php(951): App\Controllers\Etudiant\NotesController->go_to_notes()
 3 SYSTEMPATH/CodeIgniter.php(497): CodeIgniter\CodeIgniter->runController()
 4 SYSTEMPATH/CodeIgniter.php(340): CodeIgniter\CodeIgniter->handleRequest()
 5 SYSTEMPATH/Boot.php(417): CodeIgniter\CodeIgniter->run()
 6 SYSTEMPATH/Boot.php(68): CodeIgniter\Boot::runCodeIgniter()
 7 FCPATH/index.php(59): CodeIgniter\Boot::bootWeb()
CRITICAL - 2026-05-26 10:57:04 --> DivisionByZeroError: Division by zero
[Method: GET, Route: etudiant/notes]
in APPPATH/Models/Etudiant/NotesModel.php on line 33.
 1 APPPATH/Controllers/Etudiant/NotesController.php(64): App\Models\Etudiant\NotesModel->calculerMoyenne()
 2 SYSTEMPATH/CodeIgniter.php(951): App\Controllers\Etudiant\NotesController->go_to_notes()
 3 SYSTEMPATH/CodeIgniter.php(497): CodeIgniter\CodeIgniter->runController()
 4 SYSTEMPATH/CodeIgniter.php(340): CodeIgniter\CodeIgniter->handleRequest()
 5 SYSTEMPATH/Boot.php(417): CodeIgniter\CodeIgniter->run()
 6 SYSTEMPATH/Boot.php(68): CodeIgniter\Boot::runCodeIgniter()
 7 FCPATH/index.php(59): CodeIgniter\Boot::bootWeb()
CRITICAL - 2026-05-26 10:57:53 --> DivisionByZeroError: Division by zero
[Method: GET, Route: etudiant/notes]
in APPPATH/Models/Etudiant/NotesModel.php on line 33.
 1 APPPATH/Controllers/Etudiant/NotesController.php(64): App\Models\Etudiant\NotesModel->calculerMoyenne()
 2 SYSTEMPATH/CodeIgniter.php(951): App\Controllers\Etudiant\NotesController->go_to_notes()
 3 SYSTEMPATH/CodeIgniter.php(497): CodeIgniter\CodeIgniter->runController()
 4 SYSTEMPATH/CodeIgniter.php(340): CodeIgniter\CodeIgniter->handleRequest()
 5 SYSTEMPATH/Boot.php(417): CodeIgniter\CodeIgniter->run()
 6 SYSTEMPATH/Boot.php(68): CodeIgniter\Boot::runCodeIgniter()
 7 FCPATH/index.php(59): CodeIgniter\Boot::bootWeb()
CRITICAL - 2026-05-26 10:57:53 --> DivisionByZeroError: Division by zero
[Method: GET, Route: etudiant/notes]
in APPPATH/Models/Etudiant/NotesModel.php on line 33.
 1 APPPATH/Controllers/Etudiant/NotesController.php(64): App\Models\Etudiant\NotesModel->calculerMoyenne()
 2 SYSTEMPATH/CodeIgniter.php(951): App\Controllers\Etudiant\NotesController->go_to_notes()
 3 SYSTEMPATH/CodeIgniter.php(497): CodeIgniter\CodeIgniter->runController()
 4 SYSTEMPATH/CodeIgniter.php(340): CodeIgniter\CodeIgniter->handleRequest()
 5 SYSTEMPATH/Boot.php(417): CodeIgniter\CodeIgniter->run()
 6 SYSTEMPATH/Boot.php(68): CodeIgniter\Boot::runCodeIgniter()
 7 FCPATH/index.php(59): CodeIgniter\Boot::bootWeb()
CRITICAL - 2026-05-26 10:57:53 --> DivisionByZeroError: Division by zero
[Method: GET, Route: etudiant/notes]
in APPPATH/Models/Etudiant/NotesModel.php on line 33.
 1 APPPATH/Controllers/Etudiant/NotesController.php(64): App\Models\Etudiant\NotesModel->calculerMoyenne()
 2 SYSTEMPATH/CodeIgniter.php(951): App\Controllers\Etudiant\NotesController->go_to_notes()
 3 SYSTEMPATH/CodeIgniter.php(497): CodeIgniter\CodeIgniter->runController()
 4 SYSTEMPATH/CodeIgniter.php(340): CodeIgniter\CodeIgniter->handleRequest()
 5 SYSTEMPATH/Boot.php(417): CodeIgniter\CodeIgniter->run()
 6 SYSTEMPATH/Boot.php(68): CodeIgniter\Boot::runCodeIgniter()
 7 FCPATH/index.php(59): CodeIgniter\Boot::bootWeb()
CRITICAL - 2026-05-26 10:57:54 --> DivisionByZeroError: Division by zero
[Method: GET, Route: etudiant/notes]
in APPPATH/Models/Etudiant/NotesModel.php on line 33.
 1 APPPATH/Controllers/Etudiant/NotesController.php(64): App\Models\Etudiant\NotesModel->calculerMoyenne()
 2 SYSTEMPATH/CodeIgniter.php(951): App\Controllers\Etudiant\NotesController->go_to_notes()
 3 SYSTEMPATH/CodeIgniter.php(497): CodeIgniter\CodeIgniter->runController()
 4 SYSTEMPATH/CodeIgniter.php(340): CodeIgniter\CodeIgniter->handleRequest()
 5 SYSTEMPATH/Boot.php(417): CodeIgniter\CodeIgniter->run()
 6 SYSTEMPATH/Boot.php(68): CodeIgniter\Boot::runCodeIgniter()
 7 FCPATH/index.php(59): CodeIgniter\Boot::bootWeb()
CRITICAL - 2026-05-26 10:57:54 --> DivisionByZeroError: Division by zero
[Method: GET, Route: etudiant/notes]
in APPPATH/Models/Etudiant/NotesModel.php on line 33.
 1 APPPATH/Controllers/Etudiant/NotesController.php(64): App\Models\Etudiant\NotesModel->calculerMoyenne()
 2 SYSTEMPATH/CodeIgniter.php(951): App\Controllers\Etudiant\NotesController->go_to_notes()
 3 SYSTEMPATH/CodeIgniter.php(497): CodeIgniter\CodeIgniter->runController()
 4 SYSTEMPATH/CodeIgniter.php(340): CodeIgniter\CodeIgniter->handleRequest()
 5 SYSTEMPATH/Boot.php(417): CodeIgniter\CodeIgniter->run()
 6 SYSTEMPATH/Boot.php(68): CodeIgniter\Boot::runCodeIgniter()
 7 FCPATH/index.php(59): CodeIgniter\Boot::bootWeb()
CRITICAL - 2026-05-26 10:57:54 --> DivisionByZeroError: Division by zero
[Method: GET, Route: etudiant/notes]
in APPPATH/Models/Etudiant/NotesModel.php on line 33.
 1 APPPATH/Controllers/Etudiant/NotesController.php(64): App\Models\Etudiant\NotesModel->calculerMoyenne()
 2 SYSTEMPATH/CodeIgniter.php(951): App\Controllers\Etudiant\NotesController->go_to_notes()
 3 SYSTEMPATH/CodeIgniter.php(497): CodeIgniter\CodeIgniter->runController()
 4 SYSTEMPATH/CodeIgniter.php(340): CodeIgniter\CodeIgniter->handleRequest()
 5 SYSTEMPATH/Boot.php(417): CodeIgniter\CodeIgniter->run()
 6 SYSTEMPATH/Boot.php(68): CodeIgniter\Boot::runCodeIgniter()
 7 FCPATH/index.php(59): CodeIgniter\Boot::bootWeb()
CRITICAL - 2026-05-26 10:57:54 --> DivisionByZeroError: Division by zero
[Method: GET, Route: etudiant/notes]
in APPPATH/Models/Etudiant/NotesModel.php on line 33.
 1 APPPATH/Controllers/Etudiant/NotesController.php(64): App\Models\Etudiant\NotesModel->calculerMoyenne()
 2 SYSTEMPATH/CodeIgniter.php(951): App\Controllers\Etudiant\NotesController->go_to_notes()
 3 SYSTEMPATH/CodeIgniter.php(497): CodeIgniter\CodeIgniter->runController()
 4 SYSTEMPATH/CodeIgniter.php(340): CodeIgniter\CodeIgniter->handleRequest()
 5 SYSTEMPATH/Boot.php(417): CodeIgniter\CodeIgniter->run()
 6 SYSTEMPATH/Boot.php(68): CodeIgniter\Boot::runCodeIgniter()
 7 FCPATH/index.php(59): CodeIgniter\Boot::bootWeb()
CRITICAL - 2026-05-26 10:57:54 --> DivisionByZeroError: Division by zero
[Method: GET, Route: etudiant/notes]
in APPPATH/Models/Etudiant/NotesModel.php on line 33.
 1 APPPATH/Controllers/Etudiant/NotesController.php(64): App\Models\Etudiant\NotesModel->calculerMoyenne()
 2 SYSTEMPATH/CodeIgniter.php(951): App\Controllers\Etudiant\NotesController->go_to_notes()
 3 SYSTEMPATH/CodeIgniter.php(497): CodeIgniter\CodeIgniter->runController()
 4 SYSTEMPATH/CodeIgniter.php(340): CodeIgniter\CodeIgniter->handleRequest()
 5 SYSTEMPATH/Boot.php(417): CodeIgniter\CodeIgniter->run()
 6 SYSTEMPATH/Boot.php(68): CodeIgniter\Boot::runCodeIgniter()
 7 FCPATH/index.php(59): CodeIgniter\Boot::bootWeb()
CRITICAL - 2026-05-26 10:57:54 --> DivisionByZeroError: Division by zero
[Method: GET, Route: etudiant/notes]
in APPPATH/Models/Etudiant/NotesModel.php on line 33.
 1 APPPATH/Controllers/Etudiant/NotesController.php(64): App\Models\Etudiant\NotesModel->calculerMoyenne()
 2 SYSTEMPATH/CodeIgniter.php(951): App\Controllers\Etudiant\NotesController->go_to_notes()
 3 SYSTEMPATH/CodeIgniter.php(497): CodeIgniter\CodeIgniter->runController()
 4 SYSTEMPATH/CodeIgniter.php(340): CodeIgniter\CodeIgniter->handleRequest()
 5 SYSTEMPATH/Boot.php(417): CodeIgniter\CodeIgniter->run()
 6 SYSTEMPATH/Boot.php(68): CodeIgniter\Boot::runCodeIgniter()
 7 FCPATH/index.php(59): CodeIgniter\Boot::bootWeb()
CRITICAL - 2026-05-26 10:57:54 --> DivisionByZeroError: Division by zero
[Method: GET, Route: etudiant/notes]
in APPPATH/Models/Etudiant/NotesModel.php on line 33.
 1 APPPATH/Controllers/Etudiant/NotesController.php(64): App\Models\Etudiant\NotesModel->calculerMoyenne()
 2 SYSTEMPATH/CodeIgniter.php(951): App\Controllers\Etudiant\NotesController->go_to_notes()
 3 SYSTEMPATH/CodeIgniter.php(497): CodeIgniter\CodeIgniter->runController()
 4 SYSTEMPATH/CodeIgniter.php(340): CodeIgniter\CodeIgniter->handleRequest()
 5 SYSTEMPATH/Boot.php(417): CodeIgniter\CodeIgniter->run()
 6 SYSTEMPATH/Boot.php(68): CodeIgniter\Boot::runCodeIgniter()
 7 FCPATH/index.php(59): CodeIgniter\Boot::bootWeb()
CRITICAL - 2026-05-26 10:57:55 --> DivisionByZeroError: Division by zero
[Method: GET, Route: etudiant/notes]
in APPPATH/Models/Etudiant/NotesModel.php on line 33.
 1 APPPATH/Controllers/Etudiant/NotesController.php(64): App\Models\Etudiant\NotesModel->calculerMoyenne()
 2 SYSTEMPATH/CodeIgniter.php(951): App\Controllers\Etudiant\NotesController->go_to_notes()
 3 SYSTEMPATH/CodeIgniter.php(497): CodeIgniter\CodeIgniter->runController()
 4 SYSTEMPATH/CodeIgniter.php(340): CodeIgniter\CodeIgniter->handleRequest()
 5 SYSTEMPATH/Boot.php(417): CodeIgniter\CodeIgniter->run()
 6 SYSTEMPATH/Boot.php(68): CodeIgniter\Boot::runCodeIgniter()
 7 FCPATH/index.php(59): CodeIgniter\Boot::bootWeb()
CRITICAL - 2026-05-26 10:57:55 --> DivisionByZeroError: Division by zero
[Method: GET, Route: etudiant/notes]
in APPPATH/Models/Etudiant/NotesModel.php on line 33.
 1 APPPATH/Controllers/Etudiant/NotesController.php(64): App\Models\Etudiant\NotesModel->calculerMoyenne()
 2 SYSTEMPATH/CodeIgniter.php(951): App\Controllers\Etudiant\NotesController->go_to_notes()
 3 SYSTEMPATH/CodeIgniter.php(497): CodeIgniter\CodeIgniter->runController()
 4 SYSTEMPATH/CodeIgniter.php(340): CodeIgniter\CodeIgniter->handleRequest()
 5 SYSTEMPATH/Boot.php(417): CodeIgniter\CodeIgniter->run()
 6 SYSTEMPATH/Boot.php(68): CodeIgniter\Boot::runCodeIgniter()
 7 FCPATH/index.php(59): CodeIgniter\Boot::bootWeb()
CRITICAL - 2026-05-26 10:58:14 --> ErrorException: Undefined variable $moyenne_generale
[Method: GET, Route: etudiant/notes]
in APPPATH/Views/etudiant/note.php on line 39.
 1 APPPATH/Views/etudiant/note.php(39): CodeIgniter\Debug\Exceptions->errorHandler()
 2 SYSTEMPATH/View/View.php(240): include('/home/main/Documents/GitHub/SousGroupeEcole/app/Views/etudiant/note.php')
 3 SYSTEMPATH/View/View.php(243): CodeIgniter\View\View->CodeIgniter\View\{closure}()
 4 SYSTEMPATH/Common.php(1250): CodeIgniter\View\View->render()
 5 APPPATH/Controllers/Etudiant/NotesController.php(73): view()
 6 SYSTEMPATH/CodeIgniter.php(951): App\Controllers\Etudiant\NotesController->go_to_notes()
 7 SYSTEMPATH/CodeIgniter.php(497): CodeIgniter\CodeIgniter->runController()
 8 SYSTEMPATH/CodeIgniter.php(340): CodeIgniter\CodeIgniter->handleRequest()
 9 SYSTEMPATH/Boot.php(417): CodeIgniter\CodeIgniter->run()
10 SYSTEMPATH/Boot.php(68): CodeIgniter\Boot::runCodeIgniter()
11 FCPATH/index.php(59): CodeIgniter\Boot::bootWeb()
CRITICAL - 2026-05-26 10:58:15 --> ErrorException: Undefined variable $moyenne_generale
[Method: GET, Route: etudiant/notes]
in APPPATH/Views/etudiant/note.php on line 39.
 1 APPPATH/Views/etudiant/note.php(39): CodeIgniter\Debug\Exceptions->errorHandler()
 2 SYSTEMPATH/View/View.php(240): include('/home/main/Documents/GitHub/SousGroupeEcole/app/Views/etudiant/note.php')
 3 SYSTEMPATH/View/View.php(243): CodeIgniter\View\View->CodeIgniter\View\{closure}()
 4 SYSTEMPATH/Common.php(1250): CodeIgniter\View\View->render()
 5 APPPATH/Controllers/Etudiant/NotesController.php(73): view()
 6 SYSTEMPATH/CodeIgniter.php(951): App\Controllers\Etudiant\NotesController->go_to_notes()
 7 SYSTEMPATH/CodeIgniter.php(497): CodeIgniter\CodeIgniter->runController()
 8 SYSTEMPATH/CodeIgniter.php(340): CodeIgniter\CodeIgniter->handleRequest()
 9 SYSTEMPATH/Boot.php(417): CodeIgniter\CodeIgniter->run()
10 SYSTEMPATH/Boot.php(68): CodeIgniter\Boot::runCodeIgniter()
11 FCPATH/index.php(59): CodeIgniter\Boot::bootWeb()
CRITICAL - 2026-05-26 10:58:15 --> ErrorException: Undefined variable $moyenne_generale
[Method: GET, Route: etudiant/notes]
in APPPATH/Views/etudiant/note.php on line 39.
 1 APPPATH/Views/etudiant/note.php(39): CodeIgniter\Debug\Exceptions->errorHandler()
 2 SYSTEMPATH/View/View.php(240): include('/home/main/Documents/GitHub/SousGroupeEcole/app/Views/etudiant/note.php')
 3 SYSTEMPATH/View/View.php(243): CodeIgniter\View\View->CodeIgniter\View\{closure}()
 4 SYSTEMPATH/Common.php(1250): CodeIgniter\View\View->render()
 5 APPPATH/Controllers/Etudiant/NotesController.php(73): view()
 6 SYSTEMPATH/CodeIgniter.php(951): App\Controllers\Etudiant\NotesController->go_to_notes()
 7 SYSTEMPATH/CodeIgniter.php(497): CodeIgniter\CodeIgniter->runController()
 8 SYSTEMPATH/CodeIgniter.php(340): CodeIgniter\CodeIgniter->handleRequest()
 9 SYSTEMPATH/Boot.php(417): CodeIgniter\CodeIgniter->run()
10 SYSTEMPATH/Boot.php(68): CodeIgniter\Boot::runCodeIgniter()
11 FCPATH/index.php(59): CodeIgniter\Boot::bootWeb()
CRITICAL - 2026-05-26 10:58:16 --> ErrorException: Undefined variable $moyenne_generale
[Method: GET, Route: etudiant/notes]
in APPPATH/Views/etudiant/note.php on line 39.
 1 APPPATH/Views/etudiant/note.php(39): CodeIgniter\Debug\Exceptions->errorHandler()
 2 SYSTEMPATH/View/View.php(240): include('/home/main/Documents/GitHub/SousGroupeEcole/app/Views/etudiant/note.php')
 3 SYSTEMPATH/View/View.php(243): CodeIgniter\View\View->CodeIgniter\View\{closure}()
 4 SYSTEMPATH/Common.php(1250): CodeIgniter\View\View->render()
 5 APPPATH/Controllers/Etudiant/NotesController.php(73): view()
 6 SYSTEMPATH/CodeIgniter.php(951): App\Controllers\Etudiant\NotesController->go_to_notes()
 7 SYSTEMPATH/CodeIgniter.php(497): CodeIgniter\CodeIgniter->runController()
 8 SYSTEMPATH/CodeIgniter.php(340): CodeIgniter\CodeIgniter->handleRequest()
 9 SYSTEMPATH/Boot.php(417): CodeIgniter\CodeIgniter->run()
10 SYSTEMPATH/Boot.php(68): CodeIgniter\Boot::runCodeIgniter()
11 FCPATH/index.php(59): CodeIgniter\Boot::bootWeb()
CRITICAL - 2026-05-26 10:58:16 --> ErrorException: Undefined variable $moyenne_generale
[Method: GET, Route: etudiant/notes]
in APPPATH/Views/etudiant/note.php on line 39.
 1 APPPATH/Views/etudiant/note.php(39): CodeIgniter\Debug\Exceptions->errorHandler()
 2 SYSTEMPATH/View/View.php(240): include('/home/main/Documents/GitHub/SousGroupeEcole/app/Views/etudiant/note.php')
 3 SYSTEMPATH/View/View.php(243): CodeIgniter\View\View->CodeIgniter\View\{closure}()
 4 SYSTEMPATH/Common.php(1250): CodeIgniter\View\View->render()
 5 APPPATH/Controllers/Etudiant/NotesController.php(73): view()
 6 SYSTEMPATH/CodeIgniter.php(951): App\Controllers\Etudiant\NotesController->go_to_notes()
 7 SYSTEMPATH/CodeIgniter.php(497): CodeIgniter\CodeIgniter->runController()
 8 SYSTEMPATH/CodeIgniter.php(340): CodeIgniter\CodeIgniter->handleRequest()
 9 SYSTEMPATH/Boot.php(417): CodeIgniter\CodeIgniter->run()
10 SYSTEMPATH/Boot.php(68): CodeIgniter\Boot::runCodeIgniter()
11 FCPATH/index.php(59): CodeIgniter\Boot::bootWeb()
CRITICAL - 2026-05-26 10:58:16 --> ErrorException: Undefined variable $moyenne_generale
[Method: GET, Route: etudiant/notes]
in APPPATH/Views/etudiant/note.php on line 39.
 1 APPPATH/Views/etudiant/note.php(39): CodeIgniter\Debug\Exceptions->errorHandler()
 2 SYSTEMPATH/View/View.php(240): include('/home/main/Documents/GitHub/SousGroupeEcole/app/Views/etudiant/note.php')
 3 SYSTEMPATH/View/View.php(243): CodeIgniter\View\View->CodeIgniter\View\{closure}()
 4 SYSTEMPATH/Common.php(1250): CodeIgniter\View\View->render()
 5 APPPATH/Controllers/Etudiant/NotesController.php(73): view()
 6 SYSTEMPATH/CodeIgniter.php(951): App\Controllers\Etudiant\NotesController->go_to_notes()
 7 SYSTEMPATH/CodeIgniter.php(497): CodeIgniter\CodeIgniter->runController()
 8 SYSTEMPATH/CodeIgniter.php(340): CodeIgniter\CodeIgniter->handleRequest()
 9 SYSTEMPATH/Boot.php(417): CodeIgniter\CodeIgniter->run()
10 SYSTEMPATH/Boot.php(68): CodeIgniter\Boot::runCodeIgniter()
11 FCPATH/index.php(59): CodeIgniter\Boot::bootWeb()
CRITICAL - 2026-05-26 10:58:16 --> ErrorException: Undefined variable $moyenne_generale
[Method: GET, Route: etudiant/notes]
in APPPATH/Views/etudiant/note.php on line 39.
 1 APPPATH/Views/etudiant/note.php(39): CodeIgniter\Debug\Exceptions->errorHandler()
 2 SYSTEMPATH/View/View.php(240): include('/home/main/Documents/GitHub/SousGroupeEcole/app/Views/etudiant/note.php')
 3 SYSTEMPATH/View/View.php(243): CodeIgniter\View\View->CodeIgniter\View\{closure}()
 4 SYSTEMPATH/Common.php(1250): CodeIgniter\View\View->render()
 5 APPPATH/Controllers/Etudiant/NotesController.php(73): view()
 6 SYSTEMPATH/CodeIgniter.php(951): App\Controllers\Etudiant\NotesController->go_to_notes()
 7 SYSTEMPATH/CodeIgniter.php(497): CodeIgniter\CodeIgniter->runController()
 8 SYSTEMPATH/CodeIgniter.php(340): CodeIgniter\CodeIgniter->handleRequest()
 9 SYSTEMPATH/Boot.php(417): CodeIgniter\CodeIgniter->run()
10 SYSTEMPATH/Boot.php(68): CodeIgniter\Boot::runCodeIgniter()
11 FCPATH/index.php(59): CodeIgniter\Boot::bootWeb()
CRITICAL - 2026-05-26 10:58:26 --> ErrorException: Undefined variable $moyenne_generale
[Method: GET, Route: etudiant/notes]
in APPPATH/Views/etudiant/note.php on line 39.
 1 APPPATH/Views/etudiant/note.php(39): CodeIgniter\Debug\Exceptions->errorHandler()
 2 SYSTEMPATH/View/View.php(240): include('/home/main/Documents/GitHub/SousGroupeEcole/app/Views/etudiant/note.php')
 3 SYSTEMPATH/View/View.php(243): CodeIgniter\View\View->CodeIgniter\View\{closure}()
 4 SYSTEMPATH/Common.php(1250): CodeIgniter\View\View->render()
 5 APPPATH/Controllers/Etudiant/NotesController.php(73): view()
 6 SYSTEMPATH/CodeIgniter.php(951): App\Controllers\Etudiant\NotesController->go_to_notes()
 7 SYSTEMPATH/CodeIgniter.php(497): CodeIgniter\CodeIgniter->runController()
 8 SYSTEMPATH/CodeIgniter.php(340): CodeIgniter\CodeIgniter->handleRequest()
 9 SYSTEMPATH/Boot.php(417): CodeIgniter\CodeIgniter->run()
10 SYSTEMPATH/Boot.php(68): CodeIgniter\Boot::runCodeIgniter()
11 FCPATH/index.php(59): CodeIgniter\Boot::bootWeb()
CRITICAL - 2026-05-26 10:58:26 --> ErrorException: Undefined variable $moyenne_generale
[Method: GET, Route: etudiant/notes]
in APPPATH/Views/etudiant/note.php on line 39.
 1 APPPATH/Views/etudiant/note.php(39): CodeIgniter\Debug\Exceptions->errorHandler()
 2 SYSTEMPATH/View/View.php(240): include('/home/main/Documents/GitHub/SousGroupeEcole/app/Views/etudiant/note.php')
 3 SYSTEMPATH/View/View.php(243): CodeIgniter\View\View->CodeIgniter\View\{closure}()
 4 SYSTEMPATH/Common.php(1250): CodeIgniter\View\View->render()
 5 APPPATH/Controllers/Etudiant/NotesController.php(73): view()
 6 SYSTEMPATH/CodeIgniter.php(951): App\Controllers\Etudiant\NotesController->go_to_notes()
 7 SYSTEMPATH/CodeIgniter.php(497): CodeIgniter\CodeIgniter->runController()
 8 SYSTEMPATH/CodeIgniter.php(340): CodeIgniter\CodeIgniter->handleRequest()
 9 SYSTEMPATH/Boot.php(417): CodeIgniter\CodeIgniter->run()
10 SYSTEMPATH/Boot.php(68): CodeIgniter\Boot::runCodeIgniter()
11 FCPATH/index.php(59): CodeIgniter\Boot::bootWeb()
CRITICAL - 2026-05-26 10:58:26 --> ErrorException: Undefined variable $moyenne_generale
[Method: GET, Route: etudiant/notes]
in APPPATH/Views/etudiant/note.php on line 39.
 1 APPPATH/Views/etudiant/note.php(39): CodeIgniter\Debug\Exceptions->errorHandler()
 2 SYSTEMPATH/View/View.php(240): include('/home/main/Documents/GitHub/SousGroupeEcole/app/Views/etudiant/note.php')
 3 SYSTEMPATH/View/View.php(243): CodeIgniter\View\View->CodeIgniter\View\{closure}()
 4 SYSTEMPATH/Common.php(1250): CodeIgniter\View\View->render()
 5 APPPATH/Controllers/Etudiant/NotesController.php(73): view()
 6 SYSTEMPATH/CodeIgniter.php(951): App\Controllers\Etudiant\NotesController->go_to_notes()
 7 SYSTEMPATH/CodeIgniter.php(497): CodeIgniter\CodeIgniter->runController()
 8 SYSTEMPATH/CodeIgniter.php(340): CodeIgniter\CodeIgniter->handleRequest()
 9 SYSTEMPATH/Boot.php(417): CodeIgniter\CodeIgniter->run()
10 SYSTEMPATH/Boot.php(68): CodeIgniter\Boot::runCodeIgniter()
11 FCPATH/index.php(59): CodeIgniter\Boot::bootWeb()
CRITICAL - 2026-05-26 10:58:26 --> ErrorException: Undefined variable $moyenne_generale
[Method: GET, Route: etudiant/notes]
in APPPATH/Views/etudiant/note.php on line 39.
 1 APPPATH/Views/etudiant/note.php(39): CodeIgniter\Debug\Exceptions->errorHandler()
 2 SYSTEMPATH/View/View.php(240): include('/home/main/Documents/GitHub/SousGroupeEcole/app/Views/etudiant/note.php')
 3 SYSTEMPATH/View/View.php(243): CodeIgniter\View\View->CodeIgniter\View\{closure}()
 4 SYSTEMPATH/Common.php(1250): CodeIgniter\View\View->render()
 5 APPPATH/Controllers/Etudiant/NotesController.php(73): view()
 6 SYSTEMPATH/CodeIgniter.php(951): App\Controllers\Etudiant\NotesController->go_to_notes()
 7 SYSTEMPATH/CodeIgniter.php(497): CodeIgniter\CodeIgniter->runController()
 8 SYSTEMPATH/CodeIgniter.php(340): CodeIgniter\CodeIgniter->handleRequest()
 9 SYSTEMPATH/Boot.php(417): CodeIgniter\CodeIgniter->run()
10 SYSTEMPATH/Boot.php(68): CodeIgniter\Boot::runCodeIgniter()
11 FCPATH/index.php(59): CodeIgniter\Boot::bootWeb()
CRITICAL - 2026-05-26 10:58:27 --> ErrorException: Undefined variable $moyenne_generale
[Method: GET, Route: etudiant/notes]
in APPPATH/Views/etudiant/note.php on line 39.
 1 APPPATH/Views/etudiant/note.php(39): CodeIgniter\Debug\Exceptions->errorHandler()
 2 SYSTEMPATH/View/View.php(240): include('/home/main/Documents/GitHub/SousGroupeEcole/app/Views/etudiant/note.php')
 3 SYSTEMPATH/View/View.php(243): CodeIgniter\View\View->CodeIgniter\View\{closure}()
 4 SYSTEMPATH/Common.php(1250): CodeIgniter\View\View->render()
 5 APPPATH/Controllers/Etudiant/NotesController.php(73): view()
 6 SYSTEMPATH/CodeIgniter.php(951): App\Controllers\Etudiant\NotesController->go_to_notes()
 7 SYSTEMPATH/CodeIgniter.php(497): CodeIgniter\CodeIgniter->runController()
 8 SYSTEMPATH/CodeIgniter.php(340): CodeIgniter\CodeIgniter->handleRequest()
 9 SYSTEMPATH/Boot.php(417): CodeIgniter\CodeIgniter->run()
10 SYSTEMPATH/Boot.php(68): CodeIgniter\Boot::runCodeIgniter()
11 FCPATH/index.php(59): CodeIgniter\Boot::bootWeb()
CRITICAL - 2026-05-26 10:58:27 --> ErrorException: Undefined variable $moyenne_generale
[Method: GET, Route: etudiant/notes]
in APPPATH/Views/etudiant/note.php on line 39.
 1 APPPATH/Views/etudiant/note.php(39): CodeIgniter\Debug\Exceptions->errorHandler()
 2 SYSTEMPATH/View/View.php(240): include('/home/main/Documents/GitHub/SousGroupeEcole/app/Views/etudiant/note.php')
 3 SYSTEMPATH/View/View.php(243): CodeIgniter\View\View->CodeIgniter\View\{closure}()
 4 SYSTEMPATH/Common.php(1250): CodeIgniter\View\View->render()
 5 APPPATH/Controllers/Etudiant/NotesController.php(73): view()
 6 SYSTEMPATH/CodeIgniter.php(951): App\Controllers\Etudiant\NotesController->go_to_notes()
 7 SYSTEMPATH/CodeIgniter.php(497): CodeIgniter\CodeIgniter->runController()
 8 SYSTEMPATH/CodeIgniter.php(340): CodeIgniter\CodeIgniter->handleRequest()
 9 SYSTEMPATH/Boot.php(417): CodeIgniter\CodeIgniter->run()
10 SYSTEMPATH/Boot.php(68): CodeIgniter\Boot::runCodeIgniter()
11 FCPATH/index.php(59): CodeIgniter\Boot::bootWeb()
CRITICAL - 2026-05-26 10:58:27 --> ErrorException: Undefined variable $moyenne_generale
[Method: GET, Route: etudiant/notes]
in APPPATH/Views/etudiant/note.php on line 39.
 1 APPPATH/Views/etudiant/note.php(39): CodeIgniter\Debug\Exceptions->errorHandler()
 2 SYSTEMPATH/View/View.php(240): include('/home/main/Documents/GitHub/SousGroupeEcole/app/Views/etudiant/note.php')
 3 SYSTEMPATH/View/View.php(243): CodeIgniter\View\View->CodeIgniter\View\{closure}()
 4 SYSTEMPATH/Common.php(1250): CodeIgniter\View\View->render()
 5 APPPATH/Controllers/Etudiant/NotesController.php(73): view()
 6 SYSTEMPATH/CodeIgniter.php(951): App\Controllers\Etudiant\NotesController->go_to_notes()
 7 SYSTEMPATH/CodeIgniter.php(497): CodeIgniter\CodeIgniter->runController()
 8 SYSTEMPATH/CodeIgniter.php(340): CodeIgniter\CodeIgniter->handleRequest()
 9 SYSTEMPATH/Boot.php(417): CodeIgniter\CodeIgniter->run()
10 SYSTEMPATH/Boot.php(68): CodeIgniter\Boot::runCodeIgniter()
11 FCPATH/index.php(59): CodeIgniter\Boot::bootWeb()
CRITICAL - 2026-05-26 10:58:27 --> ErrorException: Undefined variable $moyenne_generale
[Method: GET, Route: etudiant/notes]
in APPPATH/Views/etudiant/note.php on line 39.
 1 APPPATH/Views/etudiant/note.php(39): CodeIgniter\Debug\Exceptions->errorHandler()
 2 SYSTEMPATH/View/View.php(240): include('/home/main/Documents/GitHub/SousGroupeEcole/app/Views/etudiant/note.php')
 3 SYSTEMPATH/View/View.php(243): CodeIgniter\View\View->CodeIgniter\View\{closure}()
 4 SYSTEMPATH/Common.php(1250): CodeIgniter\View\View->render()
 5 APPPATH/Controllers/Etudiant/NotesController.php(73): view()
 6 SYSTEMPATH/CodeIgniter.php(951): App\Controllers\Etudiant\NotesController->go_to_notes()
 7 SYSTEMPATH/CodeIgniter.php(497): CodeIgniter\CodeIgniter->runController()
 8 SYSTEMPATH/CodeIgniter.php(340): CodeIgniter\CodeIgniter->handleRequest()
 9 SYSTEMPATH/Boot.php(417): CodeIgniter\CodeIgniter->run()
10 SYSTEMPATH/Boot.php(68): CodeIgniter\Boot::runCodeIgniter()
11 FCPATH/index.php(59): CodeIgniter\Boot::bootWeb()
CRITICAL - 2026-05-26 10:58:27 --> ErrorException: Undefined variable $moyenne_generale
[Method: GET, Route: etudiant/notes]
in APPPATH/Views/etudiant/note.php on line 39.
 1 APPPATH/Views/etudiant/note.php(39): CodeIgniter\Debug\Exceptions->errorHandler()
 2 SYSTEMPATH/View/View.php(240): include('/home/main/Documents/GitHub/SousGroupeEcole/app/Views/etudiant/note.php')
 3 SYSTEMPATH/View/View.php(243): CodeIgniter\View\View->CodeIgniter\View\{closure}()
 4 SYSTEMPATH/Common.php(1250): CodeIgniter\View\View->render()
 5 APPPATH/Controllers/Etudiant/NotesController.php(73): view()
 6 SYSTEMPATH/CodeIgniter.php(951): App\Controllers\Etudiant\NotesController->go_to_notes()
 7 SYSTEMPATH/CodeIgniter.php(497): CodeIgniter\CodeIgniter->runController()
 8 SYSTEMPATH/CodeIgniter.php(340): CodeIgniter\CodeIgniter->handleRequest()
 9 SYSTEMPATH/Boot.php(417): CodeIgniter\CodeIgniter->run()
10 SYSTEMPATH/Boot.php(68): CodeIgniter\Boot::runCodeIgniter()
11 FCPATH/index.php(59): CodeIgniter\Boot::bootWeb()
CRITICAL - 2026-05-26 10:58:29 --> ErrorException: Undefined variable $moyene
[Method: GET, Route: etudiant/notes]
in APPPATH/Views/etudiant/note.php on line 39.
 1 APPPATH/Views/etudiant/note.php(39): CodeIgniter\Debug\Exceptions->errorHandler()
 2 SYSTEMPATH/View/View.php(240): include('/home/main/Documents/GitHub/SousGroupeEcole/app/Views/etudiant/note.php')
 3 SYSTEMPATH/View/View.php(243): CodeIgniter\View\View->CodeIgniter\View\{closure}()
 4 SYSTEMPATH/Common.php(1250): CodeIgniter\View\View->render()
 5 APPPATH/Controllers/Etudiant/NotesController.php(73): view()
 6 SYSTEMPATH/CodeIgniter.php(951): App\Controllers\Etudiant\NotesController->go_to_notes()
 7 SYSTEMPATH/CodeIgniter.php(497): CodeIgniter\CodeIgniter->runController()
 8 SYSTEMPATH/CodeIgniter.php(340): CodeIgniter\CodeIgniter->handleRequest()
 9 SYSTEMPATH/Boot.php(417): CodeIgniter\CodeIgniter->run()
10 SYSTEMPATH/Boot.php(68): CodeIgniter\Boot::runCodeIgniter()
11 FCPATH/index.php(59): CodeIgniter\Boot::bootWeb()
